category_link,subcategory_link,listing_title,listing_price,listing_vendor,listing_item,listing_link,subcategory_id,subcategory2_id,detail_name,detail_qty_sold,detail_price,pagination_link,category_idDrugs & Chemicals,Psychedelics,1g 4-HO-MET,"Buy price
USD 60.00

(0.0491 BTC)",Fapppylicious,"Views: 893 / Bids: Fixed price
Quantity left: 4",1g 4-HO-MET,Psychedelics,Other RCs,1g 4-HO-MET,"Sold by Fapppylicious -
20 sold since Jan 29, 2016Î¾Î¾Vendor Level 6Î¾Trust Level 6",Purchase price: USD 60.00,2,Drugs & ChemicalsDrugs & Chemicals,Psychedelics,25 x 150mcg AL-LAD Blotters (FREE SHIPPING WORLDWIDE),"Buy price
USD 150.00

(0.1228 BTC)",MicroDroper,"Views: 142 / Bids: Fixed price
Quantity left: Unlimited",25 x 150mcg AL-LAD Blotters (FREE SHIPPING WORLDWIDE),Psychedelics,Other RCs,25 x 150mcg AL-LAD Blotters (FREE SHIPPING WORLDWI...,"Sold by MicroDroper -
0 sold since Jan 6, 2017Î¾Î¾Vendor Level 2Î¾Trust Level 6",Purchase price: USD 150.00,8,Drugs & ChemicalsDrugs & Chemicals,Psychedelics,10g 4-HO-MET 98%  [Š“_FROM EUROPE],"Buy price
USD 700.00

(0.5729 BTC)",littlegoblin,"Views: 684 / Bids: Fixed price
Quantity left: Unlimited",10g 4-HO-MET 98%  [Š“_FROM EUROPE],Psychedelics,Other RCs,10g 4-HO-MET 98%  [Š“_FROM EUROPE],"Sold by littlegoblin -
2 sold since Nov 30, 2015Î¾Î¾Vendor Level 7Î¾Trust Level 7",Purchase price: USD 700.00,4,Drugs & ChemicalsDrugs & Chemicals,Psychedelics,100 x Š…Ä 4-HO-MET blotters Š…Ä 10mg[NO FE] [ Š“_ARGENTINAŠ“_ ],"Buy price
USD 100.00

(0.0818 BTC)",littlegoblin,"Views: 544 / Bids: Fixed price
Quantity left: Unlimited",100 x Š…Ä 4-HO-MET blotters Š…Ä 10mg[NO FE] [ Š“_ARGENTINAŠ“_ ],Psychedelics,Other RCs,100 x Š…Ä 4-HO-MET blotters Š…Ä 10mg[NO FE] [ Š“_ARGENTI...,"Sold by littlegoblin -
13 sold since Nov 29, 2016Î¾Î¾Vendor Level 7Î¾Trust Level 7",Purchase price: USD 100.00,2,Drugs & ChemicalsDrugs & Chemicals,Psychedelics,5gr. 4-AcO-DMT (Fumerate),"Buy price
USD 270.00

(0.2210 BTC)",Brokerman,"Views: 330 / Bids: Fixed price
Quantity left: 15",5gr. 4-AcO-DMT (Fumerate),Psychedelics,Other RCs,5gr. 4-AcO-DMT (Fumerate),"Sold by Brokerman -
0 sold since Oct 23, 2015Î¾Î¾Vendor Level 1Î¾Trust Level 3",Purchase price: USD 270.00,5,Drugs & ChemicalsDrugs & Chemicals,Psychedelics,4-ACO-DMT (100 GRAMS) (FREE SHIPPING WORLDWIDE),"Buy price
USD 3,499.99

(2.8645 BTC)",MicroDroper,"Views: 113 / Bids: Fixed price
Quantity left: Unlimited",4-ACO-DMT (100 GRAMS) (FREE SHIPPING WORLDWIDE),Psychedelics,Other RCs,4-ACO-DMT (100 GRAMS) (FREE SHIPPING WORLDWIDE),"Sold by MicroDroper -
0 sold since Feb 19, 2017Î¾Î¾Vendor Level 2Î¾Trust Level 6","Purchase price: USD 3,499.99",7,Drugs & ChemicalsDrugs & Chemicals,Psychedelics,TradeRoute Market - Free Pass to login!!!,"Buy price
USD 0.00

(0.0000 BTC)",oildabber,"Views: 99 / Bids: Fixed price
Quantity left: Unlimited",TradeRoute Market - Free Pass to login!!!,Psychedelics,Other RCs,TradeRoute Market - Free Pass to login!!!,"Sold by oildabber -
1 sold since Feb 22, 2017Î¾Î¾Vendor Level 3Î¾Trust Level 5",Purchase price: USD 0.00,4,Drugs & ChemicalsDrugs & Chemicals,Psychedelics,25g 4-aco-dmt,"Buy price
USD 1,250.00

(1.0231 BTC)",littlegoblin,null,25g 4-aco-dmt,Psychedelics,Other RCs,25g 4-aco-dmt,"Sold by littlegoblin -
1 sold since Apr 29, 2016Î¾Î¾Vendor Level 7Î¾Trust Level 7","Purchase price: USD 1,250.00",4,Drugs & ChemicalsDrugs & Chemicals,Psychedelics,Salvia Divinorum 10X extract - 1 GRAM (TOP QUALITY),"Buy price
USD 19.90

(0.0163 BTC)",MicroDroper,"Views: 138 / Bids: Fixed price
Quantity left: Unlimited",Salvia Divinorum 10X extract - 1 GRAM (TOP QUALITY),Psychedelics,Other RCs,Salvia Divinorum 10X extract - 1 GRAM (TOP QUALITY...,"Sold by MicroDroper -
0 sold since Mar 4, 2017Î¾Î¾Vendor Level 2Î¾Trust Level 6",Purchase price: USD 19.90,7,Drugs & ChemicalsDrugs & Chemicals,Psychedelics,100gr.  4-AcO-DET (Fumerate),"Buy price
USD 3,170.00

(2.5945 BTC)",Brokerman,null,100gr.  4-AcO-DET (Fumerate),Psychedelics,Other RCs,100gr.  4-AcO-DET (Fumerate),"Sold by Brokerman -
0 sold since Oct 23, 2015Î¾Î¾Vendor Level 1Î¾Trust Level 3","Purchase price: USD 3,170.00",5,Drugs & ChemicalsDrugs & Chemicals,Psychedelics,100mg 5-MeO-MiPT,"Buy price
USD 25.00

(0.0205 BTC)",BorkBork19,"Views: 962 / Bids: Fixed price
Quantity left: Unlimited",100mg 5-MeO-MiPT,Psychedelics,Other RCs,100mg 5-MeO-MiPT,"Sold by BorkBork19 -
12 sold since Jul 31, 2016Î¾Î¾Vendor Level 1Î¾Trust Level 5",Purchase price: USD 25.00,2,Drugs & ChemicalsDrugs & Chemicals,Psychedelics,0.5G x 4-Aco-DMT [Š…ÂNO FEŠ_•][Š“_ FREE SHIPPING ] [Š“_FROM EUROPE],"Buy price
USD 60.00

(0.0491 BTC)",littlegoblin,"Views: 157 / Bids: Fixed price
Quantity left: Unlimited",0.5G x 4-Aco-DMT [Š…ÂNO FEŠ_•][Š“_ FREE SHIPPING ] [Š“_FROM EUROPE],Psychedelics,Other RCs,0.5G x 4-Aco-DMT [Š…ÂNO FEŠ_•][Š“_ FREE SHIPPING ] [Š“_FRO...,"Sold by littlegoblin -
4 sold since Feb 9, 2016Î¾Î¾Vendor Level 7Î¾Trust Level 7",Purchase price: USD 60.00,3,Drugs & ChemicalsDrugs & Chemicals,Psychedelics,100 x 100mcg 1P-LSD Blotters (FREE SHIPPING WORLDWIDE),"Buy price
USD 399.00

(0.3266 BTC)",MicroDroper,"Views: 91 / Bids: Fixed price
Quantity left: Unlimited",100 x 100mcg 1P-LSD Blotters (FREE SHIPPING WORLDWIDE),Psychedelics,Other RCs,100 x 100mcg 1P-LSD Blotters (FREE SHIPPING WORLDW...,"Sold by MicroDroper -
0 sold since Feb 25, 2017Î¾Î¾Vendor Level 2Î¾Trust Level 6",Purchase price: USD 399.00,7,Drugs & ChemicalsDrugs & Chemicals,Psychedelics,1000 x Š…Ä 4-HO-MET blotters Š…Ä 10mg[NO FE] [ Š“_ARGENTINAŠ“_ ],"Buy price
USD 900.00

(0.7366 BTC)",littlegoblin,"Views: 112 / Bids: Fixed price
Quantity left: Unlimited",1000 x Š…Ä 4-HO-MET blotters Š…Ä 10mg[NO FE] [ Š“_ARGENTINAŠ“_ ],Psychedelics,Other RCs,1000 x Š…Ä 4-HO-MET blotters Š…Ä 10mg[NO FE] [ Š“_ARGENT...,"Sold by littlegoblin -
1 sold since Feb 21, 2017Î¾Î¾Vendor Level 7Î¾Trust Level 7",Purchase price: USD 900.00,4,Drugs & ChemicalsDrugs & Chemicals,Psychedelics,100G High quality 3MMC Rocks,"Buy price
USD 1,284.12

(1.0497 BTC)",Gustavo_,"Views: 141 / Bids: Fixed price
Quantity left: Unlimited",100G High quality 3MMC Rocks,Psychedelics,Other RCs,100G High quality 3MMC Rocks,"Sold by Gustavo_ -
0 sold since Jan 21, 2017Î¾Î¾Vendor Level 2Î¾Trust Level 4","Purchase price: USD 1,284.12",9,Drugs & ChemicalsDrugs & Chemicals,Psychedelics,1000 x 100mcg 1P-LSD Blotters (FREE SHIPPING WORLDWIDE),"Buy price
USD 2,650.99

(2.1670 BTC)",MicroDroper,"Views: 86 / Bids: Fixed price
Quantity left: Unlimited",1000 x 100mcg 1P-LSD Blotters (FREE SHIPPING WORLDWIDE),Psychedelics,Other RCs,1000 x 100mcg 1P-LSD Blotters (FREE SHIPPING WORLD...,"Sold by MicroDroper -
0 sold since Feb 25, 2017Î¾Î¾Vendor Level 2Î¾Trust Level 6","Purchase price: USD 2,650.99",,Drugs & ChemicalsDrugs & Chemicals,Psychedelics,50gr.  4-AcO-DET (Fumerate),"Buy price
USD 2,070.00

(1.6942 BTC)",Brokerman,null,50gr.  4-AcO-DET (Fumerate),Psychedelics,Other RCs,50gr.  4-AcO-DET (Fumerate),"Sold by Brokerman -
0 sold since Oct 23, 2015Î¾Î¾Vendor Level 1Î¾Trust Level 3","Purchase price: USD 2,070.00",8,Drugs & ChemicalsDrugs & Chemicals,Psychedelics,200 Blotters 5-Meo-Mipt 3mg   ***SHIPS FROM EU***,"Buy price
USD 190.52

(0.1559 BTC)",DailyFix,"Views: 262 / Bids: Fixed price
Quantity left: Unlimited",200 Blotters 5-Meo-Mipt 3mg   ***SHIPS FROM EU***,Psychedelics,Other RCs,200 Blotters 5-Meo-Mipt 3mg   ***SHIPS FROM EU***,"Sold by DailyFix -
1 sold since Oct 25, 2016Î¾Î¾Vendor Level 4Î¾Trust Level 4",Purchase price: USD 190.52,4,Drugs & ChemicalsDrugs & Chemicals,Psychedelics,4-HO-McPT 500mg,"Buy price
USD 81.11

(0.0664 BTC)",rgn,"Views: 122 / Bids: Fixed price
Quantity left: Unlimited",4-HO-McPT 500mg,Psychedelics,Other RCs,4-HO-McPT 500mg,"Sold by rgn -
0 sold since Feb 3, 2017Î¾Î¾Vendor Level 7Î¾Trust Level 6",Purchase price: USD 81.11,7,Drugs & ChemicalsDrugs & Chemicals,Psychedelics,20gr. 4-AcO-DMT (Fumerate),"Buy price
USD 870.00

(0.7120 BTC)",Brokerman,null,20gr. 4-AcO-DMT (Fumerate),Psychedelics,Other RCs,20gr. 4-AcO-DMT (Fumerate),"Sold by Brokerman -
0 sold since Oct 23, 2015Î¾Î¾Vendor Level 1Î¾Trust Level 3",Purchase price: USD 870.00,6,Drugs & ChemicalsDrugs & Chemicals,Psychedelics,Salvia Divinorum 15X extract - 10 GRAM (TOP QUALITY),"Buy price
USD 100.00

(0.0818 BTC)",MicroDroper,"Views: 181 / Bids: Fixed price
Quantity left: Unlimited",Salvia Divinorum 15X extract - 10 GRAM (TOP QUALITY),Psychedelics,Other RCs,Salvia Divinorum 15X extract - 10 GRAM (TOP QUALIT...,"Sold by MicroDroper -
0 sold since Jan 6, 2017Î¾Î¾Vendor Level 2Î¾Trust Level 6",Purchase price: USD 100.00,7,Drugs & ChemicalsDrugs & Chemicals,Psychedelics,250mg 5-MeO-MiPT,"Buy price
USD 50.00

(0.0409 BTC)",BorkBork19,"Views: 789 / Bids: Fixed price
Quantity left: Unlimited",250mg 5-MeO-MiPT,Psychedelics,Other RCs,250mg 5-MeO-MiPT,"Sold by BorkBork19 -
8 sold since Jul 31, 2016Î¾Î¾Vendor Level 1Î¾Trust Level 5",Purchase price: USD 50.00,2,Drugs & ChemicalsDrugs & Chemicals,Psychedelics,DPT  250mg free shipping from EU,"Buy price
USD 17.00

(0.0139 BTC)",PsiloManufacture,"Views: 309 / Bids: Fixed price
Quantity left: Unlimited",DPT  250mg free shipping from EU,Psychedelics,Other RCs,DPT  250mg free shipping from EU,"Sold by PsiloManufacture -
7 sold since Nov 1, 2016Î¾Î¾Vendor Level 5Î¾Trust Level 6",Purchase price: USD 17.00,2,Drugs & ChemicalsDrugs & Chemicals,Psychedelics,4-MPD (5 GRAMS) (FREE SHIPPING WORLDWIDE),"Buy price
USD 99.99

(0.0817 BTC)",MicroDroper,"Views: 111 / Bids: Fixed price
Quantity left: Unlimited",4-MPD (5 GRAMS) (FREE SHIPPING WORLDWIDE),Psychedelics,Other RCs,4-MPD (5 GRAMS) (FREE SHIPPING WORLDWIDE),"Sold by MicroDroper -
0 sold since Feb 19, 2017Î¾Î¾Vendor Level 2Î¾Trust Level 6",Purchase price: USD 99.99,9,Drugs & ChemicalsDrugs & Chemicals,Psychedelics,1gr. 4-ACO-MET (Fumerate),"Buy price
USD 90.00

(0.0737 BTC)",Brokerman,null,1gr. 4-ACO-MET (Fumerate),Psychedelics,Other RCs,1gr. 4-ACO-MET (Fumerate),"Sold by Brokerman -
0 sold since Oct 29, 2015Î¾Î¾Vendor Level 1Î¾Trust Level 3",Purchase price: USD 90.00,5,Drugs & ChemicalsDrugs & Chemicals,Psychedelics,150 x 150mcg AL-LAD Blotters (FREE SHIPPING WORLDWIDE),"Buy price
USD 630.00

(0.5156 BTC)",MicroDroper,"Views: 206 / Bids: Fixed price
Quantity left: Unlimited",150 x 150mcg AL-LAD Blotters (FREE SHIPPING WORLDWIDE),Psychedelics,Other RCs,150 x 150mcg AL-LAD Blotters (FREE SHIPPING WORLDW...,"Sold by MicroDroper -
1 sold since Feb 24, 2017Î¾Î¾Vendor Level 2Î¾Trust Level 6",Purchase price: USD 630.00,5,Drugs & ChemicalsDrugs & Chemicals,Psychedelics,50 x 100mcg ALD-52 Blotters (FREE SHIPPING WORLDWIDE),"Buy price
USD 250.00

(0.2046 BTC)",MicroDroper,"Views: 160 / Bids: Fixed price
Quantity left: Unlimited",50 x 100mcg ALD-52 Blotters (FREE SHIPPING WORLDWIDE),Psychedelics,Other RCs,50 x 100mcg ALD-52 Blotters (FREE SHIPPING WORLDWI...,"Sold by MicroDroper -
0 sold since Jan 6, 2017Î¾Î¾Vendor Level 2Î¾Trust Level 6",Purchase price: USD 250.00,8,Drugs & ChemicalsDrugs & Chemicals,Psychedelics,450 Dutch LSD blotters 180ug-Australia Shipp,"Buy price
USD 1,170.99

(0.9584 BTC)",Citra2016,"Views: 846 / Bids: Fixed price
Quantity left: 29",450 Dutch LSD blotters 180ug-Australia Shipp,Psychedelics,Other RCs,450 Dutch LSD blotters 180ug-Australia Shipp,"Sold by Citra2016 -
17 sold since Jan 9, 2017Î¾Î¾Vendor Level 4Î¾Trust Level 4","Purchase price: USD 1,170.99",2,Drugs & ChemicalsDrugs & Chemicals,Psychedelics,250 x Š…Ä 4-HO-MET blotters Š…Ä 10mg[NO FE] [ Š“_ARGENTINAŠ“_ ],"Buy price
USD 220.00

(0.1801 BTC)",littlegoblin,"Views: 333 / Bids: Fixed price
Quantity left: Unlimited",250 x Š…Ä 4-HO-MET blotters Š…Ä 10mg[NO FE] [ Š“_ARGENTINAŠ“_ ],Psychedelics,Other RCs,250 x Š…Ä 4-HO-MET blotters Š…Ä 10mg[NO FE] [ Š“_ARGENTI...,"Sold by littlegoblin -
2 sold since Nov 29, 2016Î¾Î¾Vendor Level 7Î¾Trust Level 7",Purchase price: USD 220.00,4,Drugs & ChemicalsDrugs & Chemicals,Psychedelics,10 x 100mcg ALD-52 Blotters (FREE SHIPPING WORLDWIDE),"Buy price
USD 80.00

(0.0655 BTC)",MicroDroper,"Views: 263 / Bids: Fixed price
Quantity left: Unlimited",10 x 100mcg ALD-52 Blotters (FREE SHIPPING WORLDWIDE),Psychedelics,Other RCs,10 x 100mcg ALD-52 Blotters (FREE SHIPPING WORLDWI...,"Sold by MicroDroper -
2 sold since Jan 6, 2017Î¾Î¾Vendor Level 2Î¾Trust Level 6",Purchase price: USD 80.00,4,Drugs & ChemicalsDrugs & Chemicals,Psychedelics,1G x 4-Aco-DMT [Š…ÂNO FEŠ_•][Š“_ FREE SHIPPING ] [Š“_FROM EUROPE],"Buy price
USD 120.00

(0.0982 BTC)",littlegoblin,"Views: 180 / Bids: Fixed price
Quantity left: Unlimited",1G x 4-Aco-DMT [Š…ÂNO FEŠ_•][Š“_ FREE SHIPPING ] [Š“_FROM EUROPE],Psychedelics,Other RCs,1G x 4-Aco-DMT [Š…ÂNO FEŠ_•][Š“_ FREE SHIPPING ] [Š“_FROM ...,"Sold by littlegoblin -
4 sold since Feb 9, 2016Î¾Î¾Vendor Level 7Î¾Trust Level 7",Purchase price: USD 120.00,3,Drugs & ChemicalsDrugs & Chemicals,Psychedelics,5gram 5-MeO-MiPT EU Ship,"Buy price
USD 159.74

(0.1307 BTC)",Citra2016,"Views: 385 / Bids: Fixed price
Quantity left: Unlimited",5gram 5-MeO-MiPT EU Ship,Psychedelics,Other RCs,5gram 5-MeO-MiPT EU Ship,"Sold by Citra2016 -
2 sold since Nov 25, 2016Î¾Î¾Vendor Level 4Î¾Trust Level 4",Purchase price: USD 159.74,4,Drugs & ChemicalsDrugs & Chemicals,Psychedelics,MET 250 mg,"Buy price
USD 42.41

(0.0347 BTC)",rgn,null,MET 250 mg,Psychedelics,Other RCs,MET 250 mg,"Sold by rgn -
0 sold since Jan 6, 2017Î¾Î¾Vendor Level 7Î¾Trust Level 6",Purchase price: USD 42.41,8,Drugs & ChemicalsDrugs & Chemicals,Psychedelics,25 x 100mcg 1P-LSD Blotters (FREE SHIPPING WORLDWIDE),"Buy price
USD 139.99

(0.1144 BTC)",MicroDroper,"Views: 117 / Bids: Fixed price
Quantity left: Unlimited",25 x 100mcg 1P-LSD Blotters (FREE SHIPPING WORLDWIDE),Psychedelics,Other RCs,25 x 100mcg 1P-LSD Blotters (FREE SHIPPING WORLDWI...,"Sold by MicroDroper -
0 sold since Feb 25, 2017Î¾Î¾Vendor Level 2Î¾Trust Level 6",Purchase price: USD 139.99,9,Drugs & ChemicalsDrugs & Chemicals,Psychedelics,LSM Powder X 500mg (FREE SHIPPING WORLDWIDE),"Buy price
USD 2,350.00

(1.9233 BTC)",MicroDroper,"Views: 155 / Bids: Fixed price
Quantity left: Unlimited",LSM Powder X 500mg (FREE SHIPPING WORLDWIDE),Psychedelics,Other RCs,LSM Powder X 500mg (FREE SHIPPING WORLDWIDE),"Sold by MicroDroper -
0 sold since Jan 6, 2017Î¾Î¾Vendor Level 2Î¾Trust Level 6","Purchase price: USD 2,350.00",7,Drugs & ChemicalsDrugs & Chemicals,Psychedelics,4-MPD (100 GRAMS) (FREE SHIPPING WORLDWIDE),"Buy price
USD 799.99

(0.6547 BTC)",MicroDroper,"Views: 104 / Bids: Fixed price
Quantity left: Unlimited",4-MPD (100 GRAMS) (FREE SHIPPING WORLDWIDE),Psychedelics,Other RCs,4-MPD (100 GRAMS) (FREE SHIPPING WORLDWIDE),"Sold by MicroDroper -
0 sold since Feb 19, 2017Î¾Î¾Vendor Level 2Î¾Trust Level 6",Purchase price: USD 799.99,8,Drugs & ChemicalsDrugs & Chemicals,Psychedelics,10G High quality 3MMC Rocks,"Buy price
USD 246.12

(0.2014 BTC)",Gustavo_,"Views: 126 / Bids: Fixed price
Quantity left: Unlimited",10G High quality 3MMC Rocks,Psychedelics,Other RCs,10G High quality 3MMC Rocks,"Sold by Gustavo_ -
0 sold since Jan 21, 2017Î¾Î¾Vendor Level 2Î¾Trust Level 4",Purchase price: USD 246.12,8,Drugs & ChemicalsDrugs & Chemicals,Psychedelics,10gr. 4-ACO-MET (Fumerate),"Buy price
USD 470.00

(0.3847 BTC)",Brokerman,null,10gr. 4-ACO-MET (Fumerate),Psychedelics,Other RCs,10gr. 4-ACO-MET (Fumerate),"Sold by Brokerman -
0 sold since Oct 23, 2015Î¾Î¾Vendor Level 1Î¾Trust Level 3",Purchase price: USD 470.00,8,Drugs & ChemicalsDrugs & Chemicals,Psychedelics,3 DOC blotters 1.75-2.0 MG  $2.00. per blotter.   high quality and unlike any other phsycadelic. $2.00 per tab FREE SHIPPING,"Buy price
USD 6.00

(0.0049 BTC)",redlemon17,"Views: 179 / Bids: Fixed price
Quantity left: Unlimited",3 DOC blotters 1.75-2.0 MG  $2.00. per blotter.   high quality and unlike any other phsycadelic. $2.00 per tab FREE SHIPPING,Psychedelics,Other RCs,3 DOC blotters 1.75-2.0 MG  $2.00. per blotter.   ...,"Sold by redlemon17 -
6 sold since Mar 4, 2017Î¾Î¾Vendor Level 1Î¾Trust Level 4",Purchase price: USD 6.00,3,Drugs & ChemicalsDrugs & Chemicals,Psychedelics,LSM Powder X 100mg (FREE SHIPPING WORLDWIDE),"Buy price
USD 700.00

(0.5722 BTC)",MicroDroper,"Views: 141 / Bids: Fixed price
Quantity left: Unlimited",LSM Powder X 100mg (FREE SHIPPING WORLDWIDE),Psychedelics,Other RCs,LSM Powder X 100mg (FREE SHIPPING WORLDWIDE),"Sold by MicroDroper -
0 sold since Jan 6, 2017Î¾Î¾Vendor Level 2Î¾Trust Level 6",Purchase price: USD 700.00,9,Drugs & ChemicalsDrugs & Chemicals,Psychedelics,5gr. 4-AcO-DET (Fumerate),"Buy price
USD 270.00

(0.2210 BTC)",Brokerman,null,5gr. 4-AcO-DET (Fumerate),Psychedelics,Other RCs,5gr. 4-AcO-DET (Fumerate),"Sold by Brokerman -
0 sold since Oct 23, 2015Î¾Î¾Vendor Level 1Î¾Trust Level 3",Purchase price: USD 270.00,8,Drugs & ChemicalsDrugs & Chemicals,Psychedelics,10 x 100mcg 1P-LSD Blotters (FREE SHIPPING WORLDWIDE),"Buy price
USD 74.99

(0.0614 BTC)",MicroDroper,"Views: 192 / Bids: Fixed price
Quantity left: Unlimited",10 x 100mcg 1P-LSD Blotters (FREE SHIPPING WORLDWIDE),Psychedelics,Other RCs,10 x 100mcg 1P-LSD Blotters (FREE SHIPPING WORLDWI...,"Sold by MicroDroper -
0 sold since Feb 25, 2017Î¾Î¾Vendor Level 2Î¾Trust Level 6",Purchase price: USD 74.99,8,Drugs & ChemicalsDrugs & Chemicals,Psychedelics,20G High quality 3MMC Rocks,"Buy price
USD 371.52

(0.3037 BTC)",Gustavo_,"Views: 127 / Bids: Fixed price
Quantity left: Unlimited",20G High quality 3MMC Rocks,Psychedelics,Other RCs,20G High quality 3MMC Rocks,"Sold by Gustavo_ -
0 sold since Jan 21, 2017Î¾Î¾Vendor Level 2Î¾Trust Level 4",Purchase price: USD 371.52,9,Drugs & ChemicalsDrugs & Chemicals,Psychedelics,5 x 100mcg ALD-52 Blotters (FREE SHIPPING WORLDWIDE),"Buy price
USD 45.00

(0.0368 BTC)",MicroDroper,"Views: 167 / Bids: Fixed price
Quantity left: Unlimited",5 x 100mcg ALD-52 Blotters (FREE SHIPPING WORLDWIDE),Psychedelics,Other RCs,5 x 100mcg ALD-52 Blotters (FREE SHIPPING WORLDWID...,"Sold by MicroDroper -
0 sold since Jan 6, 2017Î¾Î¾Vendor Level 2Î¾Trust Level 6",Purchase price: USD 45.00,7,Drugs & ChemicalsDrugs & Chemicals,Psychedelics,1000mg - 5-MeO-MiPT (Moxy) Purified Potent Tryptamine,"Buy price
USD 129.99

(0.1064 BTC)",Cannabis,null,1000mg - 5-MeO-MiPT (Moxy) Purified Potent Tryptamine,Psychedelics,Other RCs,1000mg - 5-MeO-MiPT (Moxy) Purified Potent Tryptam...,"Sold by Cannabis -
4 sold since Jan 13, 2017Î¾Î¾Vendor Level 3Î¾Trust Level 6",Purchase price: USD 129.99,3,Drugs & ChemicalsDrugs & Chemicals,Psychedelics,1G High quality 3MMC Rocks,"Buy price
USD 31.03

(0.0254 BTC)",Gustavo_,"Views: 458 / Bids: Fixed price
Quantity left: Unlimited",1G High quality 3MMC Rocks,Psychedelics,Other RCs,1G High quality 3MMC Rocks,"Sold by Gustavo_ -
5 sold since Jan 21, 2017Î¾Î¾Vendor Level 2Î¾Trust Level 4",Purchase price: USD 31.03,3,Drugs & ChemicalsDrugs & Chemicals,Psychedelics,!! 4-HO-MIPT  1G !!   FREE SAMPLE FOR NEW CUSTOMER,"Buy price
USD 100.00

(0.0818 BTC)",Market24,"Views: 1549 / Bids: Fixed price
Quantity left: Unlimited",!! 4-HO-MIPT  1G !!   FREE SAMPLE FOR NEW CUSTOMER,Psychedelics,Other RCs,!! 4-HO-MIPT  1G !!   FREE SAMPLE FOR NEW CUSTOMER,"Sold by Market24 -
8 sold since Jan 14, 2016Î¾Î¾Vendor Level 7Î¾Trust Level 6",Purchase price: USD 100.00,2,Drugs & ChemicalsDrugs & Chemicals,Psychedelics,500gr. 2C-I,"Buy price
USD 7,620.00

(6.2289 BTC)",ALaurizen,"Views: 414 / Bids: Fixed price
Quantity left: 100",500gr. 2C-I,Psychedelics,Other RCs,500gr. 2C-I,"Sold by ALaurizen -
0 sold since Dec 14, 2015Î¾Î¾Vendor Level 5Î¾Trust Level 6","Purchase price: USD 7,620.00",9,Drugs & ChemicalsDrugs & Chemicals,Psychedelics,100 x 100mcg ALD-52 Blotters (FREE SHIPPING WORLDWIDE),"Buy price
USD 420.00

(0.3433 BTC)",MicroDroper,"Views: 176 / Bids: Fixed price
Quantity left: Unlimited",100 x 100mcg ALD-52 Blotters (FREE SHIPPING WORLDWIDE),Psychedelics,Other RCs,100 x 100mcg ALD-52 Blotters (FREE SHIPPING WORLDW...,"Sold by MicroDroper -
0 sold since Jan 6, 2017Î¾Î¾Vendor Level 2Î¾Trust Level 6",Purchase price: USD 420.00,9,Drugs & ChemicalsDrugs & Chemicals,Psychedelics,Salvia Divinorum 15X extract - 100 GRAM (TOP QUALITY),"Buy price
USD 920.00

(0.7530 BTC)",MicroDroper,"Views: 159 / Bids: Fixed price
Quantity left: Unlimited",Salvia Divinorum 15X extract - 100 GRAM (TOP QUALITY),Psychedelics,Other RCs,Salvia Divinorum 15X extract - 100 GRAM (TOP QUALI...,"Sold by MicroDroper -
0 sold since Jan 6, 2017Î¾Î¾Vendor Level 2Î¾Trust Level 6",Purchase price: USD 920.00,7,Drugs & ChemicalsDrugs & Chemicals,Psychedelics,50 Blotters 5-Meo-Mipt 3mg   ***SHIPS FROM EU***,"Buy price
USD 51.17

(0.0419 BTC)",DailyFix,"Views: 461 / Bids: Fixed price
Quantity left: Unlimited",50 Blotters 5-Meo-Mipt 3mg   ***SHIPS FROM EU***,Psychedelics,Other RCs,50 Blotters 5-Meo-Mipt 3mg   ***SHIPS FROM EU***,"Sold by DailyFix -
6 sold since Oct 25, 2016Î¾Î¾Vendor Level 4Î¾Trust Level 4",Purchase price: USD 51.17,3,Drugs & ChemicalsDrugs & Chemicals,Psychedelics,5 x 100mcg ETH-LAD Blotters (FREE SHIPPING WORLDWIDE),"Buy price
USD 47.99

(0.0393 BTC)",MicroDroper,"Views: 220 / Bids: Fixed price
Quantity left: Unlimited",5 x 100mcg ETH-LAD Blotters (FREE SHIPPING WORLDWIDE),Psychedelics,Other RCs,5 x 100mcg ETH-LAD Blotters (FREE SHIPPING WORLDWI...,"Sold by MicroDroper -
1 sold since Feb 19, 2017Î¾Î¾Vendor Level 2Î¾Trust Level 6",Purchase price: USD 47.99,5,Drugs & ChemicalsDrugs & Chemicals,Psychedelics,$1.00 USD Buys One Lottery Ticket Š—– You Could Win 1.63 BTC Š—– Valid For Four Draws Š—– Winning Numbers Drawn Every Friday Š—– PLAY CASH PANDA**$$**What Are Your Lucky Numbers?,"Buy price
USD 1.00

(0.0008 BTC)",CashPanda,"Views: 82 / Bids: Fixed price
Quantity left: Unlimited",$1.00 USD Buys One Lottery Ticket Š—– You Could Win 1.63 BTC Š—– Valid For Four Draws Š—– Winning Numbers Drawn Every Friday Š—– PLAY CASH PANDA**$$**What Are Your Lucky Numbers?,Psychedelics,Other RCs,$1.00 USD Buys One Lottery Ticket Š—– You Could Win ...,"Sold by CashPanda -
0 sold since Mar 11, 2017Î¾Î¾Vendor Level 1Î¾Trust Level 4",Purchase price: USD 1.00,6,Drugs & ChemicalsDrugs & Chemicals,Psychedelics,200 x 100mcg 1P-LSD Blotters (FREE SHIPPING WORLDWIDE),"Buy price
USD 659.99

(0.5395 BTC)",MicroDroper,"Views: 94 / Bids: Fixed price
Quantity left: Unlimited",200 x 100mcg 1P-LSD Blotters (FREE SHIPPING WORLDWIDE),Psychedelics,Other RCs,200 x 100mcg 1P-LSD Blotters (FREE SHIPPING WORLDW...,"Sold by MicroDroper -
0 sold since Feb 25, 2017Î¾Î¾Vendor Level 2Î¾Trust Level 6",Purchase price: USD 659.99,9,Drugs & ChemicalsDrugs & Chemicals,Psychedelics,4-HO-EPT,"Buy price
USD 81.11

(0.0664 BTC)",rgn,"Views: 124 / Bids: Fixed price
Quantity left: Unlimited",4-HO-EPT,Psychedelics,Other RCs,4-HO-EPT,"Sold by rgn -
0 sold since Feb 3, 2017Î¾Î¾Vendor Level 7Î¾Trust Level 6",Purchase price: USD 81.11,5,Drugs & ChemicalsDrugs & Chemicals,Psychedelics,5gr. 2C-I,"Buy price
USD 370.00

(0.3028 BTC)",ALaurizen,null,5gr. 2C-I,Psychedelics,Other RCs,5gr. 2C-I,"Sold by ALaurizen -
3 sold since Jan 25, 2016Î¾Î¾Vendor Level 5Î¾Trust Level 6",Purchase price: USD 370.00,3,Drugs & ChemicalsDrugs & Chemicals,Psychedelics,500mg 5-MeO-MiPT,"Buy price
USD 100.00

(0.0818 BTC)",BorkBork19,"Views: 519 / Bids: Fixed price
Quantity left: Unlimited",500mg 5-MeO-MiPT,Psychedelics,Other RCs,500mg 5-MeO-MiPT,"Sold by BorkBork19 -
4 sold since Jul 31, 2016Î¾Î¾Vendor Level 1Î¾Trust Level 5",Purchase price: USD 100.00,3,Drugs & ChemicalsDrugs & Chemicals,Psychedelics,4-MPD (10 GRAMS) (FREE SHIPPING WORLDWIDE),"Buy price
USD 169.99

(0.1391 BTC)",MicroDroper,"Views: 104 / Bids: Fixed price
Quantity left: Unlimited",4-MPD (10 GRAMS) (FREE SHIPPING WORLDWIDE),Psychedelics,Other RCs,4-MPD (10 GRAMS) (FREE SHIPPING WORLDWIDE),"Sold by MicroDroper -
0 sold since Feb 19, 2017Î¾Î¾Vendor Level 2Î¾Trust Level 6",Purchase price: USD 169.99,7,Drugs & ChemicalsDrugs & Chemicals,Psychedelics,:-) 500x DOB 1.4 mg for $550 :-),"Buy price
USD 190.00

(0.1555 BTC)",Mr_Sunshine,"Views: 135 / Bids: Fixed price
Quantity left: Unlimited",:-) 500x DOB 1.4 mg for $550 :-),Psychedelics,Other RCs,:-) 500x DOB 1.4 mg for $550 :-),"Sold by Mr_Sunshine -
0 sold since Jun 7, 2016Î¾Î¾Vendor Level 1Î¾Trust Level 5",Purchase price: USD 190.00,5,Drugs & ChemicalsDrugs & Chemicals,Psychedelics,5 x 150mcg AL-LAD Blotters (FREE SHIPPING WORLDWIDE),"Buy price
USD 45.00

(0.0368 BTC)",MicroDroper,"Views: 297 / Bids: Fixed price
Quantity left: Unlimited",5 x 150mcg AL-LAD Blotters (FREE SHIPPING WORLDWIDE),Psychedelics,Other RCs,5 x 150mcg AL-LAD Blotters (FREE SHIPPING WORLDWID...,"Sold by MicroDroper -
2 sold since Jan 6, 2017Î¾Î¾Vendor Level 2Î¾Trust Level 6",Purchase price: USD 45.00,4,Drugs & ChemicalsDrugs & Chemicals,Psychedelics,35 x 150mcg ALD-52 Blotters (FREE SHIPPING WORLDWIDE),"Buy price
USD 220.00

(0.1801 BTC)",MicroDroper,"Views: 24 / Bids: Fixed price
Quantity left: Unlimited",35 x 150mcg ALD-52 Blotters (FREE SHIPPING WORLDWIDE),Psychedelics,Other RCs,35 x 150mcg ALD-52 Blotters (FREE SHIPPING WORLDWI...,"Sold by MicroDroper -
1 sold since Apr 19, 2017Î¾Î¾Vendor Level 2Î¾Trust Level 6",Purchase price: USD 220.00,4,Drugs & ChemicalsDrugs & Chemicals,Psychedelics,4-ACO-DMT (1 GRAM) (FREE SHIPPING WORLDWIDE),"Buy price
USD 105.99

(0.0867 BTC)",MicroDroper,"Views: 690 / Bids: Fixed price
Quantity left: Unlimited",4-ACO-DMT (1 GRAM) (FREE SHIPPING WORLDWIDE),Psychedelics,Other RCs,4-ACO-DMT (1 GRAM) (FREE SHIPPING WORLDWIDE),"Sold by MicroDroper -
8 sold since Feb 19, 2017Î¾Î¾Vendor Level 2Î¾Trust Level 6",Purchase price: USD 105.99,2,Drugs & ChemicalsDrugs & Chemicals,Psychedelics,4-ACO-DMT (5 GRAMS) (FREE SHIPPING WORLDWIDE),"Buy price
USD 349.99

(0.2864 BTC)",MicroDroper,"Views: 134 / Bids: Fixed price
Quantity left: Unlimited",4-ACO-DMT (5 GRAMS) (FREE SHIPPING WORLDWIDE),Psychedelics,Other RCs,4-ACO-DMT (5 GRAMS) (FREE SHIPPING WORLDWIDE),"Sold by MicroDroper -
0 sold since Feb 19, 2017Î¾Î¾Vendor Level 2Î¾Trust Level 6",Purchase price: USD 349.99,7,Drugs & ChemicalsDrugs & Chemicals,Psychedelics,25 x 100mcg ALD-52 Blotters (FREE SHIPPING WORLDWIDE),"Buy price
USD 149.00

(0.1218 BTC)",MicroDroper,"Views: 144 / Bids: Fixed price
Quantity left: Unlimited",25 x 100mcg ALD-52 Blotters (FREE SHIPPING WORLDWIDE),Psychedelics,Other RCs,25 x 100mcg ALD-52 Blotters (FREE SHIPPING WORLDWI...,"Sold by MicroDroper -
0 sold since Jan 6, 2017Î¾Î¾Vendor Level 2Î¾Trust Level 6",Purchase price: USD 149.00,9,Drugs & ChemicalsDrugs & Chemicals,Psychedelics,LSM Powder X 50mg (FREE SHIPPING WORLDWIDE),"Buy price
USD 360.00

(0.2946 BTC)",MicroDroper,"Views: 162 / Bids: Fixed price
Quantity left: Unlimited",LSM Powder X 50mg (FREE SHIPPING WORLDWIDE),Psychedelics,Other RCs,LSM Powder X 50mg (FREE SHIPPING WORLDWIDE),"Sold by MicroDroper -
0 sold since Jan 6, 2017Î¾Î¾Vendor Level 2Î¾Trust Level 6",Purchase price: USD 360.00,7,Drugs & ChemicalsDrugs & Chemicals,Psychedelics,Š…Ä TRUSTED MOXY VENDOR Š…Ä SAMPLE SALE! Š…Ä 50MG Pure 5-MeO-MiPT Powder,"Buy price
USD 42.50

(0.0348 BTC)",Heimerd0nger,null,Š…Ä TRUSTED MOXY VENDOR Š…Ä SAMPLE SALE! Š…Ä 50MG Pure 5-MeO-MiPT Powder,Psychedelics,Other RCs,Š…Ä TRUSTED MOXY VENDOR Š…Ä SAMPLE SALE! Š…Ä 50MG Pure 5...,"Sold by Heimerd0nger -
4 sold since Aug 3, 2016Î¾Î¾Vendor Level 3Î¾Trust Level 5",Purchase price: USD 42.50,3,Drugs & ChemicalsDrugs & Chemicals,Psychedelics,50gr. 4-AcO-DMT (Fumerate),"Buy price
USD 2,070.00

(1.6942 BTC)",Brokerman,"Views: 292 / Bids: Fixed price
Quantity left: 10",50gr. 4-AcO-DMT (Fumerate),Psychedelics,Other RCs,50gr. 4-AcO-DMT (Fumerate),"Sold by Brokerman -
0 sold since Oct 23, 2015Î¾Î¾Vendor Level 1Î¾Trust Level 3","Purchase price: USD 2,070.00",5,Drugs & ChemicalsDrugs & Chemicals,Psychedelics,5g 4-HO-MET 98%  [Š“_FROM EUROPE],"Buy price
USD 375.00

(0.3069 BTC)",littlegoblin,"Views: 702 / Bids: Fixed price
Quantity left: Unlimited",5g 4-HO-MET 98%  [Š“_FROM EUROPE],Psychedelics,Other RCs,5g 4-HO-MET 98%  [Š“_FROM EUROPE],"Sold by littlegoblin -
2 sold since Nov 30, 2015Î¾Î¾Vendor Level 7Î¾Trust Level 7",Purchase price: USD 375.00,4,Drugs & ChemicalsDrugs & Chemicals,Psychedelics,10gr.  4-AcO-DET (Fumerate),"Buy price
USD 470.00

(0.3842 BTC)",Brokerman,null,10gr.  4-AcO-DET (Fumerate),Psychedelics,Other RCs,10gr.  4-AcO-DET (Fumerate),"Sold by Brokerman -
0 sold since Oct 23, 2015Î¾Î¾Vendor Level 1Î¾Trust Level 3",Purchase price: USD 470.00,9,Drugs & ChemicalsDrugs & Chemicals,Psychedelics,5g 4-HO-MET,"Buy price
USD 200.00

(0.1637 BTC)",Fapppylicious,"Views: 402 / Bids: Fixed price
Quantity left: 2",5g 4-HO-MET,Psychedelics,Other RCs,5g 4-HO-MET,"Sold by Fapppylicious -
3 sold since Jan 29, 2016Î¾Î¾Vendor Level 6Î¾Trust Level 6",Purchase price: USD 200.00,4,Drugs & ChemicalsDrugs & Chemicals,Psychedelics,4-ACO-DMT (20 GRAMS) (FREE SHIPPING WORLDWIDE),"Buy price
USD 840.00

(0.6875 BTC)",MicroDroper,"Views: 109 / Bids: Fixed price
Quantity left: Unlimited",4-ACO-DMT (20 GRAMS) (FREE SHIPPING WORLDWIDE),Psychedelics,Other RCs,4-ACO-DMT (20 GRAMS) (FREE SHIPPING WORLDWIDE),"Sold by MicroDroper -
0 sold since Feb 19, 2017Î¾Î¾Vendor Level 2Î¾Trust Level 6",Purchase price: USD 840.00,8,Drugs & ChemicalsDrugs & Chemicals,Psychedelics,Research chemicals,"Buy price
USD 200.00

(0.1637 BTC)",doctorreverendomarko,null,Research chemicals,Psychedelics,Other RCs,Research chemicals,"Sold by doctorreverendomarko -
0 sold since Mar 5, 2017Î¾Î¾Vendor Level 1Î¾Trust Level 3",Purchase price: USD 200.00,5,Drugs & ChemicalsDrugs & Chemicals,Psychedelics,Š…ÄTRUSTED MOXY VENDORŠ…Ä  25x  7.5mg's 5-MeO-MiPT GelCaps,"Buy price
USD 89.50

(0.0733 BTC)",Heimerd0nger,null,Š…ÄTRUSTED MOXY VENDORŠ…Ä  25x  7.5mg's 5-MeO-MiPT GelCaps,Psychedelics,Other RCs,Š…ÄTRUSTED MOXY VENDORŠ…Ä  25x  7.5mg's 5-MeO-MiPT...,"Sold by Heimerd0nger -
29 sold since Aug 11, 2016Î¾Î¾Vendor Level 3Î¾Trust Level 5",Purchase price: USD 89.50,2,Drugs & ChemicalsDrugs & Chemicals,Psychedelics,100 Blotters 5-Meo-Mipt 3mg   ***SHIPS FROM EU***,"Buy price
USD 97.98

(0.0802 BTC)",DailyFix,"Views: 354 / Bids: Fixed price
Quantity left: Unlimited",100 Blotters 5-Meo-Mipt 3mg   ***SHIPS FROM EU***,Psychedelics,Other RCs,100 Blotters 5-Meo-Mipt 3mg   ***SHIPS FROM EU***,"Sold by DailyFix -
2 sold since Oct 25, 2016Î¾Î¾Vendor Level 4Î¾Trust Level 4",Purchase price: USD 97.98,4,Drugs & ChemicalsDrugs & Chemicals,Psychedelics,4-MPD (50 GRAMS) (FREE SHIPPING WORLDWIDE),"Buy price
USD 499.99

(0.4092 BTC)",MicroDroper,"Views: 98 / Bids: Fixed price
Quantity left: Unlimited",4-MPD (50 GRAMS) (FREE SHIPPING WORLDWIDE),Psychedelics,Other RCs,4-MPD (50 GRAMS) (FREE SHIPPING WORLDWIDE),"Sold by MicroDroper -
0 sold since Feb 19, 2017Î¾Î¾Vendor Level 2Î¾Trust Level 6",Purchase price: USD 499.99,8,Drugs & ChemicalsDrugs & Chemicals,Psychedelics,4-ACO-DMT (50 GRAMS) (FREE SHIPPING WORLDWIDE),"Buy price
USD 1,999.00

(1.6341 BTC)",MicroDroper,"Views: 106 / Bids: Fixed price
Quantity left: Unlimited",4-ACO-DMT (50 GRAMS) (FREE SHIPPING WORLDWIDE),Psychedelics,Other RCs,4-ACO-DMT (50 GRAMS) (FREE SHIPPING WORLDWIDE),"Sold by MicroDroper -
0 sold since Feb 19, 2017Î¾Î¾Vendor Level 2Î¾Trust Level 6","Purchase price: USD 1,999.00",9,Drugs & ChemicalsDrugs & Chemicals,Psychedelics,25 Blotters 5-Meo-Mipt 3mg   ***SHIPS FROM EU***,"Buy price
USD 26.47

(0.0217 BTC)",DailyFix,"Views: 948 / Bids: Fixed price
Quantity left: Unlimited",25 Blotters 5-Meo-Mipt 3mg   ***SHIPS FROM EU***,Psychedelics,Other RCs,25 Blotters 5-Meo-Mipt 3mg   ***SHIPS FROM EU***,"Sold by DailyFix -
22 sold since Oct 14, 2016Î¾Î¾Vendor Level 4Î¾Trust Level 4",Purchase price: USD 26.47,2,Drugs & ChemicalsDrugs & Chemicals,Psychedelics,LSM Powder X 10mg (FREE SHIPPING WORLDWIDE),"Buy price
USD 130.00

(0.1063 BTC)",MicroDroper,"Views: 162 / Bids: Fixed price
Quantity left: Unlimited",LSM Powder X 10mg (FREE SHIPPING WORLDWIDE),Psychedelics,Other RCs,LSM Powder X 10mg (FREE SHIPPING WORLDWIDE),"Sold by MicroDroper -
0 sold since Jan 6, 2017Î¾Î¾Vendor Level 2Î¾Trust Level 6",Purchase price: USD 130.00,9,Drugs & ChemicalsDrugs & Chemicals,Psychedelics,[SALE] 500 mg 5-MeO-MiPT (Moxy) Purified Potent Tryptamine,"Buy price
USD 74.99

(0.0614 BTC)",Cannabis,"Views: 1148 / Bids: Fixed price
Quantity left: Unlimited",[SALE] 500 mg 5-MeO-MiPT (Moxy) Purified Potent Tryptamine,Psychedelics,Other RCs,[SALE] 500 mg 5-MeO-MiPT (Moxy) Purified Potent Tr...,"Sold by Cannabis -
14 sold since Sep 10, 2016Î¾Î¾Vendor Level 3Î¾Trust Level 6",Purchase price: USD 74.99,2,Drugs & ChemicalsDrugs & Chemicals,Psychedelics,3G High quality 3MMC Rocks,"Buy price
USD 90.96

(0.0744 BTC)",Gustavo_,"Views: 309 / Bids: Fixed price
Quantity left: Unlimited",3G High quality 3MMC Rocks,Psychedelics,Other RCs,3G High quality 3MMC Rocks,"Sold by Gustavo_ -
5 sold since Jan 21, 2017Î¾Î¾Vendor Level 2Î¾Trust Level 4",Purchase price: USD 90.96,3,Drugs & ChemicalsDrugs & Chemicals,Psychedelics,Moxy (5-MeO-MiPT) 3mg blotters. BACK IN THE UK! Only place to buy Moxy! (Recommended dosage 2+),"Buy price
USD 4.32

(0.0035 BTC)",mycelium_man,"Views: 701 / Bids: Fixed price
Quantity left: Unlimited",Moxy (5-MeO-MiPT) 3mg blotters. BACK IN THE UK! Only place to buy Moxy! (Recommended dosage 2+),Psychedelics,Other RCs,Moxy (5-MeO-MiPT) 3mg blotters. BACK IN THE UK! On...,"Sold by mycelium_man -
18 sold since Mar 21, 2017Î¾Î¾Vendor Level 1Î¾Trust Level 3",Purchase price: USD 4.32,2,Drugs & ChemicalsDrugs & Chemicals,Psychedelics,0.5g 4-HO-MET,"Buy price
USD 40.00

(0.0327 BTC)",Fapppylicious,"Views: 767 / Bids: Fixed price
Quantity left: 6",0.5g 4-HO-MET,Psychedelics,Other RCs,0.5g 4-HO-MET,"Sold by Fapppylicious -
17 sold since Jan 29, 2016Î¾Î¾Vendor Level 6Î¾Trust Level 6",Purchase price: USD 40.00,2,Drugs & ChemicalsDrugs & Chemicals,Psychedelics,10 x 100mcg ETH-LAD Blotters (FREE SHIPPING WORLDWIDE),"Buy price
USD 82.99

(0.0679 BTC)",MicroDroper,"Views: 124 / Bids: Fixed price
Quantity left: Unlimited",10 x 100mcg ETH-LAD Blotters (FREE SHIPPING WORLDWIDE),Psychedelics,Other RCs,10 x 100mcg ETH-LAD Blotters (FREE SHIPPING WORLDW...,"Sold by MicroDroper -
0 sold since Feb 19, 2017Î¾Î¾Vendor Level 2Î¾Trust Level 6",Purchase price: USD 82.99,7,Drugs & ChemicalsDrugs & Chemicals,Psychedelics,4-ACO-DMT (10 GRAMS) (FREE SHIPPING WORLDWIDE),"Buy price
USD 580.00

(0.4747 BTC)",MicroDroper,"Views: 144 / Bids: Fixed price
Quantity left: Unlimited",4-ACO-DMT (10 GRAMS) (FREE SHIPPING WORLDWIDE),Psychedelics,Other RCs,4-ACO-DMT (10 GRAMS) (FREE SHIPPING WORLDWIDE),"Sold by MicroDroper -
0 sold since Feb 19, 2017Î¾Î¾Vendor Level 2Î¾Trust Level 6",Purchase price: USD 580.00,7,Drugs & ChemicalsDrugs & Chemicals,Psychedelics,5G High quality 3MMC Rocks,"Buy price
USD 139.11

(0.1139 BTC)",Gustavo_,"Views: 139 / Bids: Fixed price
Quantity left: Unlimited",5G High quality 3MMC Rocks,Psychedelics,Other RCs,5G High quality 3MMC Rocks,"Sold by Gustavo_ -
1 sold since Jan 21, 2017Î¾Î¾Vendor Level 2Î¾Trust Level 4",Purchase price: USD 139.11,5,Drugs & ChemicalsDrugs & Chemicals,Psychedelics,10x DOB 1.4MG + 2x 100-110ug LSD 95+%,"Buy price
USD 8.76

(0.0072 BTC)",LucySkyDiamonds,"Views: 81 / Bids: Fixed price
Quantity left: Unlimited",10x DOB 1.4MG + 2x 100-110ug LSD 95+%,Psychedelics,Other RCs,10x DOB 1.4MG + 2x 100-110ug LSD 95+%,"Sold by LucySkyDiamonds -
6 sold since Apr 16, 2017Î¾Î¾Vendor Level 6Î¾Trust Level 6",Purchase price: USD 8.76,3,Drugs & ChemicalsDrugs & Chemicals,Psychedelics,100 x 150mcg AL-LAD Blotters (FREE SHIPPING WORLDWIDE),"Buy price
USD 410.00

(0.3356 BTC)",MicroDroper,"Views: 152 / Bids: Fixed price
Quantity left: Unlimited",100 x 150mcg AL-LAD Blotters (FREE SHIPPING WORLDWIDE),Psychedelics,Other RCs,100 x 150mcg AL-LAD Blotters (FREE SHIPPING WORLDW...,"Sold by MicroDroper -
0 sold since Jan 6, 2017Î¾Î¾Vendor Level 2Î¾Trust Level 6",Purchase price: USD 410.00,7,Drugs & ChemicalsDrugs & Chemicals,Psychedelics,50 x 150mcg AL-LAD Blotters (FREE SHIPPING WORLDWIDE),"Buy price
USD 250.00

(0.2044 BTC)",MicroDroper,"Views: 142 / Bids: Fixed price
Quantity left: Unlimited",50 x 150mcg AL-LAD Blotters (FREE SHIPPING WORLDWIDE),Psychedelics,Other RCs,50 x 150mcg AL-LAD Blotters (FREE SHIPPING WORLDWI...,"Sold by MicroDroper -
0 sold since Jan 6, 2017Î¾Î¾Vendor Level 2Î¾Trust Level 6",Purchase price: USD 250.00,9,Drugs & ChemicalsDrugs & Chemicals,Psychedelics,50 Geltabs 5-MeO-MiPT 5mg,"Buy price
USD 160.00

(0.1310 BTC)",Fapppylicious,"Views: 215 / Bids: Fixed price
Quantity left: 4",50 Geltabs 5-MeO-MiPT 5mg,Psychedelics,Other RCs,50 Geltabs 5-MeO-MiPT 5mg,"Sold by Fapppylicious -
0 sold since Nov 25, 2016Î¾Î¾Vendor Level 6Î¾Trust Level 6",Purchase price: USD 160.00,6,Drugs & ChemicalsDrugs & Chemicals,Psychedelics,500 x 100mcg 1P-LSD Blotters (FREE SHIPPING WORLDWIDE),"Buy price
USD 1,450.99

(1.1876 BTC)",MicroDroper,"Views: 94 / Bids: Fixed price
Quantity left: Unlimited",500 x 100mcg 1P-LSD Blotters (FREE SHIPPING WORLDWIDE),Psychedelics,Other RCs,500 x 100mcg 1P-LSD Blotters (FREE SHIPPING WORLDW...,"Sold by MicroDroper -
0 sold since Feb 25, 2017Î¾Î¾Vendor Level 2Î¾Trust Level 6","Purchase price: USD 1,450.99",7,Drugs & ChemicalsDrugs & Chemicals,Psychedelics,Š…•USA SHIPS DAILY AMs +FREE DMT! Š…•SALE: $3.9/hit Š_êŠ_– 100mg 4-HO-MET Š…•BORAX Psychedellic (was 50mg)Š_–Š_ê Š…•Extremely Potent Non-nauseus Shroom Alternative Š…•Dose at 5mg each,"Buy price
USD 99.00

(0.0810 BTC)",theRoadLessToxic,"Views: 1128 / Bids: Fixed price
Quantity left: Unlimited",Š…•USA SHIPS DAILY AMs +FREE DMT! Š…•SALE: $3.9/hit Š_êŠ_– 100mg 4-HO-MET Š…•BORAX Psychedellic (was 50mg)Š_–Š_ê Š…•Extremely Potent Non-nauseus Shroom Alternative Š…•Dose at 5mg each,Psychedelics,Other RCs,Š…•USA SHIPS DAILY AMs +FREE DMT! Š…•SALE: $3.9/hit Š_êŠ_–...,"Sold by theRoadLessToxic -
28 sold since Dec 30, 2016Î¾Î¾Vendor Level 7Î¾Trust Level 7",Purchase price: USD 99.00,2,Drugs & ChemicalsDrugs & Chemicals,Psychedelics,250mg Allylescaline,"Buy price
USD 20.00

(0.0164 BTC)",BorkBork19,"Views: 553 / Bids: Fixed price
Quantity left: Unlimited",250mg Allylescaline,Psychedelics,Other RCs,250mg Allylescaline,"Sold by BorkBork19 -
3 sold since Aug 8, 2016Î¾Î¾Vendor Level 1Î¾Trust Level 5",Purchase price: USD 20.00,3,Drugs & ChemicalsDrugs & Chemicals,Psychedelics,Salvia Divinorum 15X extract - 1 GRAM (TOP QUALITY),"Buy price
USD 21.90

(0.0179 BTC)",MicroDroper,"Views: 994 / Bids: Fixed price
Quantity left: Unlimited",Salvia Divinorum 15X extract - 1 GRAM (TOP QUALITY),Psychedelics,Other RCs,Salvia Divinorum 15X extract - 1 GRAM (TOP QUALITY...,"Sold by MicroDroper -
5 sold since Jan 6, 2017Î¾Î¾Vendor Level 2Î¾Trust Level 6",Purchase price: USD 21.90,3,Drugs & ChemicalsDrugs & Chemicals,Psychedelics,"Buy Roxicodone, Roxycodone at CHEAP PRICES","Buy price
USD 0.00

(0.0000 BTC)",dremed-labs,"Views: 278 / Bids: Fixed price
Quantity left: Unlimited","Buy Roxicodone, Roxycodone at CHEAP PRICES",Psychedelics,Other RCs,"Buy Roxicodone, Roxycodone at CHEAP PRICES","Sold by dremed-labs -
4 sold since Feb 22, 2017Î¾Î¾Vendor Level 1Î¾Trust Level 3",Purchase price: USD 0.00,3,Drugs & ChemicalsDrugs & Chemicals,Psychedelics,!! 4-HO-MIPT 500MG !! FREE SAMPLE FOR NEW CUSTOMER,"Buy price
USD 65.00

(0.0532 BTC)",Market24,"Views: 1727 / Bids: Fixed price
Quantity left: Unlimited",!! 4-HO-MIPT 500MG !! FREE SAMPLE FOR NEW CUSTOMER,Psychedelics,Other RCs,!! 4-HO-MIPT 500MG !! FREE SAMPLE FOR NEW CUSTOMER,"Sold by Market24 -
12 sold since Jan 14, 2016Î¾Î¾Vendor Level 7Î¾Trust Level 6",Purchase price: USD 65.00,2,Drugs & ChemicalsDrugs & Chemicals,Psychedelics,LSM Powder X 250mg (FREE SHIPPING WORLDWIDE),"Buy price
USD 1,370.00

(1.1199 BTC)",MicroDroper,"Views: 155 / Bids: Fixed price
Quantity left: Unlimited",LSM Powder X 250mg (FREE SHIPPING WORLDWIDE),Psychedelics,Other RCs,LSM Powder X 250mg (FREE SHIPPING WORLDWIDE),"Sold by MicroDroper -
0 sold since Jan 6, 2017Î¾Î¾Vendor Level 2Î¾Trust Level 6","Purchase price: USD 1,370.00",9,Drugs & ChemicalsDrugs & Chemicals,Psychedelics,10 x 150mcg AL-LAD Blotters (FREE SHIPPING WORLDWIDE),"Buy price
USD 75.00

(0.0614 BTC)",MicroDroper,"Views: 284 / Bids: Fixed price
Quantity left: Unlimited",10 x 150mcg AL-LAD Blotters (FREE SHIPPING WORLDWIDE),Psychedelics,Other RCs,10 x 150mcg AL-LAD Blotters (FREE SHIPPING WORLDWI...,"Sold by MicroDroper -
2 sold since Jan 6, 2017Î¾Î¾Vendor Level 2Î¾Trust Level 6",Purchase price: USD 75.00,4,Drugs & ChemicalsDrugs & Chemicals,Psychedelics,LSM Powder X 25mg (FREE SHIPPING WORLDWIDE),"Buy price
USD 230.00

(0.1880 BTC)",MicroDroper,"Views: 142 / Bids: Fixed price
Quantity left: Unlimited",LSM Powder X 25mg (FREE SHIPPING WORLDWIDE),Psychedelics,Other RCs,LSM Powder X 25mg (FREE SHIPPING WORLDWIDE),"Sold by MicroDroper -
0 sold since Jan 6, 2017Î¾Î¾Vendor Level 2Î¾Trust Level 6",Purchase price: USD 230.00,9,Drugs & ChemicalsDrugs & Chemicals,Psychedelics,20gr. 4-AcO-DET (Fumerate),"Buy price
USD 870.00

(0.7120 BTC)",Brokerman,null,20gr. 4-AcO-DET (Fumerate),Psychedelics,Other RCs,20gr. 4-AcO-DET (Fumerate),"Sold by Brokerman -
0 sold since Oct 23, 2015Î¾Î¾Vendor Level 1Î¾Trust Level 3",Purchase price: USD 870.00,5,Drugs & Chemicals