category_link,subcategory_link,listing_title,listing_price,listing_vendor,listing_item,listing_link,subcategory_id,subcategory2_id,detail_name,detail_qty_sold,detail_price,pagination_link,category_idDrugs & Chemicals,Cannabis & Hashish,1000 mg MPT Freebase,"Buy price
USD 40.00

(0.0304 BTC)",ion8,"Views: 80 / Bids: Fixed price
Quantity left: Unlimited",1000 mg MPT Freebase,Cannabis & Hashish,Synthetic,1000 mg MPT Freebase,"Sold by ion8 -
0 sold since Feb 20, 2017Î¾Î¾Vendor Level 4Î¾Trust Level 6",Purchase price: USD 40.00,14,Drugs & ChemicalsDrugs & Chemicals,Cannabis & Hashish,"Bonzai, 10 gram [Germany]","Buy price
USD 30.00

(0.0229 BTC)",ArthurBishop,"Views: 97 / Bids: Fixed price
Quantity left: Unlimited","Bonzai, 10 gram [Germany]",Cannabis & Hashish,Synthetic,"Bonzai, 10 gram [Germany]","Sold by ArthurBishop -
0 sold since Jan 29, 2017Î¾Î¾Vendor Level 1Î¾Trust Level 3",Purchase price: USD 30.00,13,Drugs & ChemicalsDrugs & Chemicals,Cannabis & Hashish,"2KG Self-made ""SPYCE""-Synthetic Cannabanoid","Buy price
USD 1,380.53

(1.0557 BTC)",Citra2016,"Views: 233 / Bids: Fixed price
Quantity left: Unlimited","2KG Self-made ""SPYCE""-Synthetic Cannabanoid",Cannabis & Hashish,Synthetic,"2KG Self-made ""SPYCE""-Synthetic Cannaban...","Sold by Citra2016 -
0 sold since Jan 16, 2017Î¾Î¾Vendor Level 4Î¾Trust Level 4","Purchase price: USD 1,380.53",10,Drugs & ChemicalsDrugs & Chemicals,Cannabis & Hashish,5F-CUMYL-4CN-PINACA  100g,"Buy price
USD 520.00

(0.3957 BTC)",ROCKETLABS,null,5F-CUMYL-4CN-PINACA  100g,Cannabis & Hashish,Synthetic,5F-CUMYL-4CN-PINACA  100g,"Sold by ROCKETLABS -
0 sold since Dec 2, 2016Î¾Î¾Vendor Level 2Î¾Trust Level 6",Purchase price: USD 520.00,12,Drugs & ChemicalsDrugs & Chemicals,Cannabis & Hashish,Spice / Blend 250g / Cannabis synth’©tique,"Buy price
USD 500.00

(0.3804 BTC)",lamachine,"Views: 108 / Bids: Fixed price
Quantity left: Unlimited",Spice / Blend 250g / Cannabis synth’©tique,Cannabis & Hashish,Synthetic,Spice / Blend 250g / Cannabis synth’©tique,"Sold by lamachine -
1 sold since Mar 2, 2017Î¾Î¾Vendor Level 1Î¾Trust Level 6",Purchase price: USD 500.00,8,Drugs & ChemicalsDrugs & Chemicals,Cannabis & Hashish,100g MABC(MAB-chminaca) hign purity white powder,"Buy price
USD 345.00

(0.2638 BTC)",orgmanchemical,"Views: 78 / Bids: Fixed price
Quantity left: Unlimited",100g MABC(MAB-chminaca) hign purity white powder,Cannabis & Hashish,Synthetic,100g MABC(MAB-chminaca) hign purity white powder,"Sold by orgmanchemical -
0 sold since Feb 22, 2017Î¾Î¾Vendor Level 1Î¾Trust Level 3",Purchase price: USD 345.00,13,Drugs & ChemicalsDrugs & Chemicals,Cannabis & Hashish,50gr. ADB-FUBINACA,"Buy price
USD 340.00

(0.2586 BTC)",ALaurizen,"Views: 622 / Bids: Fixed price
Quantity left: Unlimited",50gr. ADB-FUBINACA,Cannabis & Hashish,Synthetic,50gr. ADB-FUBINACA,"Sold by ALaurizen -
3 sold since Jan 11, 2016Î¾Î¾Vendor Level 5Î¾Trust Level 6",Purchase price: USD 340.00,4,Drugs & ChemicalsDrugs & Chemicals,Cannabis & Hashish,5gr. FUB-AKB,"Buy price
USD 90.00

(0.0685 BTC)",ALaurizen,null,5gr. FUB-AKB,Cannabis & Hashish,Synthetic,5gr. FUB-AKB,"Sold by ALaurizen -
1 sold since Jan 11, 2016Î¾Î¾Vendor Level 5Î¾Trust Level 6",Purchase price: USD 90.00,8,Drugs & ChemicalsDrugs & Chemicals,Cannabis & Hashish,500g MMBC(MMB-chminaca) hign purity withe powder,"Buy price
USD 1,320.00

(1.0044 BTC)",orgmanchemical,"Views: 70 / Bids: Fixed price
Quantity left: Unlimited",500g MMBC(MMB-chminaca) hign purity withe powder,Cannabis & Hashish,Synthetic,500g MMBC(MMB-chminaca) hign purity withe powder,"Sold by orgmanchemical -
0 sold since Feb 22, 2017Î¾Î¾Vendor Level 1Î¾Trust Level 3","Purchase price: USD 1,320.00",14,Drugs & ChemicalsDrugs & Chemicals,Cannabis & Hashish,High Quality - Ready to Smoke - Weed - 5 Grams,"Buy price
USD 9.50

(0.0072 BTC)",Wilkins21,"Views: 569 / Bids: Fixed price
Quantity left: 26",High Quality - Ready to Smoke - Weed - 5 Grams,Cannabis & Hashish,Synthetic,High Quality - Ready to Smoke - Weed - 5 Grams,"Sold by Wilkins21 -
8 sold since Apr 11, 2017Î¾Î¾Vendor Level 1Î¾Trust Level 4",Purchase price: USD 9.50,3,Drugs & ChemicalsDrugs & Chemicals,Cannabis & Hashish,10gr. ADB-FUBINACA,"Buy price
USD 130.00

(0.0989 BTC)",ALaurizen,"Views: 1284 / Bids: Fixed price
Quantity left: Unlimited",10gr. ADB-FUBINACA,Cannabis & Hashish,Synthetic,10gr. ADB-FUBINACA,"Sold by ALaurizen -
12 sold since Jan 11, 2016Î¾Î¾Vendor Level 5Î¾Trust Level 6",Purchase price: USD 130.00,2,Drugs & ChemicalsDrugs & Chemicals,Cannabis & Hashish,Buy  MMBC and get free grams,"Current price
USD 5.00

(0.0038 BTC)


Buy price
USD 5.00

(0.0038 BTC)",danren,"Views: 115 / Bids: 0
Quantity left: Unlimited",Buy  MMBC and get free grams,Cannabis & Hashish,Synthetic,Buy  MMBC and get free grams,"Sold by danren -
0 sold since Mar 6, 2017Î¾Î¾Vendor Level 1Î¾Trust Level 3",Purchase price: USD 5.00,,Drugs & ChemicalsDrugs & Chemicals,Cannabis & Hashish,500 mg MPT Freebase,"Buy price
USD 20.00

(0.0152 BTC)",ion8,"Views: 147 / Bids: Fixed price
Quantity left: Unlimited",500 mg MPT Freebase,Cannabis & Hashish,Synthetic,500 mg MPT Freebase,"Sold by ion8 -
2 sold since Feb 20, 2017Î¾Î¾Vendor Level 4Î¾Trust Level 6",Purchase price: USD 20.00,6,Drugs & ChemicalsDrugs & Chemicals,Cannabis & Hashish,"Bonzai, 10 Gram FE","Buy price
USD 30.00

(0.0228 BTC)",Amsterdaminc,"Views: 1314 / Bids: Fixed price
Quantity left: Unlimited","Bonzai, 10 Gram FE",Cannabis & Hashish,Synthetic,"Bonzai, 10 Gram FE","Sold by Amsterdaminc -
26 sold since Mar 24, 2016Î¾Î¾Vendor Level 8Î¾Trust Level 6",Purchase price: USD 30.00,2,Drugs & ChemicalsDrugs & Chemicals,Cannabis & Hashish,Š…Ä [PROMO] 100mL (0.21%) Dropper Bottle - CUMYL-5F-PINACA Synthetic Cannabis E-Juice (AS SEEN ON VICE),"Buy price
USD 375.00

(0.2853 BTC)",Holidaze,"Views: 112 / Bids: Fixed price
Quantity left: Unlimited",Š…Ä [PROMO] 100mL (0.21%) Dropper Bottle - CUMYL-5F-PINACA Synthetic Cannabis E-Juice (AS SEEN ON VICE),Cannabis & Hashish,Synthetic,Š…Ä [PROMO] 100mL (0.21%) Dropper Bottle - CUMYL-5F-...,"Sold by Holidaze -
0 sold since Mar 20, 2017Î¾Î¾Vendor Level 4Î¾Trust Level 4",Purchase price: USD 375.00,11,Drugs & ChemicalsDrugs & Chemicals,Cannabis & Hashish,"250 mg Pure THC for Therapy - Dronabinol 100 Caps ,1 Cap = 2,5 mg, Medical THC ----  original price 480,00 $ ----","Buy price
USD 155.00

(0.1179 BTC)",unidreams,"Views: 51 / Bids: Fixed price
Quantity left: Unlimited","250 mg Pure THC for Therapy - Dronabinol 100 Caps ,1 Cap = 2,5 mg, Medical THC ----  original price 480,00 $ ----",Cannabis & Hashish,Synthetic,250 mg Pure THC for Therapy - Dronabinol 100 Caps ...,"Sold by unidreams -
0 sold since Apr 9, 2017Î¾Î¾Vendor Level 1Î¾Trust Level 3",Purchase price: USD 155.00,8,Drugs & ChemicalsDrugs & Chemicals,Cannabis & Hashish,250g MABC(MAB-chminaca) hign purity withe powder,"Buy price
USD 680.00

(0.5174 BTC)",orgmanchemical,"Views: 65 / Bids: Fixed price
Quantity left: Unlimited",250g MABC(MAB-chminaca) hign purity withe powder,Cannabis & Hashish,Synthetic,250g MABC(MAB-chminaca) hign purity withe powder,"Sold by orgmanchemical -
0 sold since Feb 22, 2017Î¾Î¾Vendor Level 1Î¾Trust Level 3",Purchase price: USD 680.00,14,Drugs & ChemicalsDrugs & Chemicals,Cannabis & Hashish,Docklands - 25g Synthetic Cannabis Spice - UK Seller & Escrow,"Buy price
USD 150.00

(0.1141 BTC)",Docklands,"Views: 677 / Bids: Fixed price
Quantity left: Unlimited",Docklands - 25g Synthetic Cannabis Spice - UK Seller & Escrow,Cannabis & Hashish,Synthetic,Docklands - 25g Synthetic Cannabis Spice - UK Sell...,"Sold by Docklands -
14 sold since Oct 30, 2016Î¾Î¾Vendor Level 9Î¾Trust Level 6",Purchase price: USD 150.00,2,Drugs & ChemicalsDrugs & Chemicals,Cannabis & Hashish,5f-NPB-22 250g,"Buy price
USD 870.00

(0.6620 BTC)",ROCKETLABS,null,5f-NPB-22 250g,Cannabis & Hashish,Synthetic,5f-NPB-22 250g,"Sold by ROCKETLABS -
0 sold since Apr 27, 2016Î¾Î¾Vendor Level 2Î¾Trust Level 6",Purchase price: USD 870.00,12,Drugs & ChemicalsDrugs & Chemicals,Cannabis & Hashish,"1g Fairly Legal - From the producers of insane joker, happy joker etc. Spice/K2 blend - very potent","Buy price
USD 12.31

(0.0094 BTC)",theactivator,"Views: 500 / Bids: Fixed price
Quantity left: 86","1g Fairly Legal - From the producers of insane joker, happy joker etc. Spice/K2 blend - very potent",Cannabis & Hashish,Synthetic,1g Fairly Legal - From the producers of insane jok...,"Sold by theactivator -
5 sold since Jan 19, 2017Î¾Î¾Vendor Level 1Î¾Trust Level 4",Purchase price: USD 12.31,4,Drugs & ChemicalsDrugs & Chemicals,Cannabis & Hashish,5F-AKB48    5 gram,"Buy price
USD 50.25

(0.0382 BTC)",rgn,"Views: 397 / Bids: Fixed price
Quantity left: Unlimited",5F-AKB48    5 gram,Cannabis & Hashish,Synthetic,5F-AKB48    5 gram,"Sold by rgn -
0 sold since Sep 7, 2016Î¾Î¾Vendor Level 7Î¾Trust Level 6",Purchase price: USD 50.25,9,Drugs & ChemicalsDrugs & Chemicals,Cannabis & Hashish,5F-PB-22    5 gram,"Buy price
USD 50.72

(0.0386 BTC)",rgn,"Views: 439 / Bids: Fixed price
Quantity left: Unlimited",5F-PB-22    5 gram,Cannabis & Hashish,Synthetic,5F-PB-22    5 gram,"Sold by rgn -
2 sold since Sep 9, 2016Î¾Î¾Vendor Level 7Î¾Trust Level 6",Purchase price: USD 50.72,5,Drugs & ChemicalsDrugs & Chemicals,Cannabis & Hashish,5 Grams UR-144 Herbal Incense Blend Strong Synthetic Cannabis Spice STRONG ***SHIPS FROM EU***,"Buy price
USD 22.94

(0.0175 BTC)",DailyFix,"Views: 221 / Bids: Fixed price
Quantity left: Unlimited",5 Grams UR-144 Herbal Incense Blend Strong Synthetic Cannabis Spice STRONG ***SHIPS FROM EU***,Cannabis & Hashish,Synthetic,5 Grams UR-144 Herbal Incense Blend Strong Synthet...,"Sold by DailyFix -
0 sold since Nov 17, 2016Î¾Î¾Vendor Level 4Î¾Trust Level 5",Purchase price: USD 22.94,13,Drugs & ChemicalsDrugs & Chemicals,Cannabis & Hashish,"50g MMB-Chminaca/MMBC powder, 100% Shipping Warranty, NO Signature required","Buy price
USD 120.00

(0.0913 BTC)",Anny2005,"Views: 673 / Bids: Fixed price
Quantity left: Unlimited","50g MMB-Chminaca/MMBC powder, 100% Shipping Warranty, NO Signature required",Cannabis & Hashish,Synthetic,"50g MMB-Chminaca/MMBC powder, 100% Shipping Warran...","Sold by Anny2005 -
9 sold since Jul 2, 2016Î¾Î¾Vendor Level 5Î¾Trust Level 5",Purchase price: USD 120.00,3,Drugs & ChemicalsDrugs & Chemicals,Cannabis & Hashish,1 g MPT Fumarate,"Buy price
USD 40.00

(0.0306 BTC)",ion8,"Views: 80 / Bids: Fixed price
Quantity left: Unlimited",1 g MPT Fumarate,Cannabis & Hashish,Synthetic,1 g MPT Fumarate,"Sold by ion8 -
0 sold since Feb 20, 2017Î¾Î¾Vendor Level 4Î¾Trust Level 6",Purchase price: USD 40.00,13,Drugs & ChemicalsDrugs & Chemicals,Cannabis & Hashish,100gr. ADB-FUBINACA,"Buy price
USD 470.00

(0.3576 BTC)",ALaurizen,"Views: 583 / Bids: Fixed price
Quantity left: Unlimited",100gr. ADB-FUBINACA,Cannabis & Hashish,Synthetic,100gr. ADB-FUBINACA,"Sold by ALaurizen -
1 sold since Jan 11, 2016Î¾Î¾Vendor Level 5Î¾Trust Level 6",Purchase price: USD 470.00,8,Drugs & ChemicalsDrugs & Chemicals,Cannabis & Hashish,Axa Blends Cherry Herbal Incense - 28 Grams,"Buy price
USD 114.00

(0.0867 BTC)",axa,null,Axa Blends Cherry Herbal Incense - 28 Grams,Cannabis & Hashish,Synthetic,Axa Blends Cherry Herbal Incense - 28 Grams,"Sold by axa -
27 sold since Dec 1, 2016Î¾Î¾Vendor Level 5Î¾Trust Level 6",Purchase price: USD 114.00,2,Drugs & ChemicalsDrugs & Chemicals,Cannabis & Hashish,50gr. MAB-CHMINACA,"Buy price
USD 340.00

(0.2586 BTC)",ALaurizen,"Views: 951 / Bids: Fixed price
Quantity left: Unlimited",50gr. MAB-CHMINACA,Cannabis & Hashish,Synthetic,50gr. MAB-CHMINACA,"Sold by ALaurizen -
3 sold since Jan 11, 2016Î¾Î¾Vendor Level 5Î¾Trust Level 6",Purchase price: USD 340.00,4,Drugs & ChemicalsDrugs & Chemicals,Cannabis & Hashish,200gr. FUB-AKB,"Buy price
USD 620.00

(0.4741 BTC)",ALaurizen,"Views: 597 / Bids: Fixed price
Quantity left: Unlimited",200gr. FUB-AKB,Cannabis & Hashish,Synthetic,200gr. FUB-AKB,"Sold by ALaurizen -
1 sold since Jan 11, 2016Î¾Î¾Vendor Level 5Î¾Trust Level 6",Purchase price: USD 620.00,7,Drugs & ChemicalsDrugs & Chemicals,Cannabis & Hashish,"Bonzai, 50 gram [NL]","Buy price
USD 99.00

(0.0753 BTC)",ArthurBishop,"Views: 88 / Bids: Fixed price
Quantity left: Unlimited","Bonzai, 50 gram [NL]",Cannabis & Hashish,Synthetic,"Bonzai, 50 gram [NL]","Sold by ArthurBishop -
0 sold since Jan 29, 2017Î¾Î¾Vendor Level 1Î¾Trust Level 3",Purchase price: USD 99.00,,Drugs & ChemicalsDrugs & Chemicals,Cannabis & Hashish,500gr. MAB-CHMINACA,"Buy price
USD 1,270.00

(0.9712 BTC)",ALaurizen,"Views: 577 / Bids: Fixed price
Quantity left: Unlimited",500gr. MAB-CHMINACA,Cannabis & Hashish,Synthetic,500gr. MAB-CHMINACA,"Sold by ALaurizen -
0 sold since Jan 11, 2016Î¾Î¾Vendor Level 5Î¾Trust Level 6","Purchase price: USD 1,270.00",10,Drugs & ChemicalsDrugs & Chemicals,Cannabis & Hashish,10gram 5F-PB-22 99.8%+ pure EU Ship,"Buy price
USD 178.69

(0.1366 BTC)",Citra2016,"Views: 204 / Bids: Fixed price
Quantity left: Unlimited",10gram 5F-PB-22 99.8%+ pure EU Ship,Cannabis & Hashish,Synthetic,10gram 5F-PB-22 99.8%+ pure EU Ship,"Sold by Citra2016 -
0 sold since Dec 16, 2016Î¾Î¾Vendor Level 4Î¾Trust Level 4",Purchase price: USD 178.69,10,Drugs & ChemicalsDrugs & Chemicals,Cannabis & Hashish,28 Grams 1OZ AKB-48 + UR-144 Herbal Incense Blend Synthetic Cannabis Spice STRONG ***SHIPS FROM EU***,"Buy price
USD 131.40

(0.1005 BTC)",DailyFix,"Views: 221 / Bids: Fixed price
Quantity left: Unlimited",28 Grams 1OZ AKB-48 + UR-144 Herbal Incense Blend Synthetic Cannabis Spice STRONG ***SHIPS FROM EU***,Cannabis & Hashish,Synthetic,28 Grams 1OZ AKB-48 + UR-144 Herbal Incense Blend ...,"Sold by DailyFix -
0 sold since Nov 17, 2016Î¾Î¾Vendor Level 4Î¾Trust Level 5",Purchase price: USD 131.40,13,Drugs & ChemicalsDrugs & Chemicals,Cannabis & Hashish,5F-CUMYL-4CN-PINACA  10g,"Buy price
USD 110.00

(0.0841 BTC)",ROCKETLABS,null,5F-CUMYL-4CN-PINACA  10g,Cannabis & Hashish,Synthetic,5F-CUMYL-4CN-PINACA  10g,"Sold by ROCKETLABS -
0 sold since Dec 2, 2016Î¾Î¾Vendor Level 2Î¾Trust Level 6",Purchase price: USD 110.00,10,Drugs & ChemicalsDrugs & Chemicals,Cannabis & Hashish,10 Grams JWH 122 Herbal Incense Blend Strong Synthetic Cannabis Spice STRONG ***SHIPS FROM EU***,"Buy price
USD 40.67

(0.0311 BTC)",DailyFix,"Views: 233 / Bids: Fixed price
Quantity left: Unlimited",10 Grams JWH 122 Herbal Incense Blend Strong Synthetic Cannabis Spice STRONG ***SHIPS FROM EU***,Cannabis & Hashish,Synthetic,10 Grams JWH 122 Herbal Incense Blend Strong Synth...,"Sold by DailyFix -
1 sold since Nov 16, 2016Î¾Î¾Vendor Level 4Î¾Trust Level 5",Purchase price: USD 40.67,7,Drugs & ChemicalsDrugs & Chemicals,Cannabis & Hashish,"5F-MDMB-2201  99,5% Š…ÄŠ…ÄŠ…Ä shipping form EU Š…ÄŠ…ÄŠ…Ä 500G OF LEGAL HIGH","Buy price
USD 1,749.00

(1.3308 BTC)",POL,"Views: 188 / Bids: Fixed price
Quantity left: Unlimited","5F-MDMB-2201  99,5% Š…ÄŠ…ÄŠ…Ä shipping form EU Š…ÄŠ…ÄŠ…Ä 500G OF LEGAL HIGH",Cannabis & Hashish,Synthetic,"5F-MDMB-2201  99,5% Š…ÄŠ…ÄŠ…Ä shipping form EU Š…ÄŠ…ÄŠ…Ä 500G ...","Sold by POL -
1 sold since Jan 25, 2017Î¾Î¾Vendor Level 5Î¾Trust Level 6","Purchase price: USD 1,749.00",8,Drugs & ChemicalsDrugs & Chemicals,Cannabis & Hashish,Š…Ä3.5g HIGH GRADE SPICE/ synthetic cannabisŠ…ÄSUPERSTRONGŠ…ÄFREE NEXT DAY DELIVERYŠ…ÄUKQUALITYPRODUCT,"Buy price
USD 12.52

(0.0095 BTC)",ukqualityproduct,"Views: 55 / Bids: Fixed price
Quantity left: Unlimited",Š…Ä3.5g HIGH GRADE SPICE/ synthetic cannabisŠ…ÄSUPERSTRONGŠ…ÄFREE NEXT DAY DELIVERYŠ…ÄUKQUALITYPRODUCT,Cannabis & Hashish,Synthetic,Š…Ä3.5g HIGH GRADE SPICE/ synthetic cannabisŠ…ÄSUPERST...,"Sold by ukqualityproduct -
2 sold since Apr 15, 2017Î¾Î¾Vendor Level 1Î¾Trust Level 3",Purchase price: USD 12.52,6,Drugs & ChemicalsDrugs & Chemicals,Cannabis & Hashish,"Bonzai, 250 Gram ESCROW","Buy price
USD 495.00

(0.3766 BTC)",Amsterdaminc,null,"Bonzai, 250 Gram ESCROW",Cannabis & Hashish,Synthetic,"Bonzai, 250 Gram ESCROW","Sold by Amsterdaminc -
0 sold since Apr 29, 2016Î¾Î¾Vendor Level 8Î¾Trust Level 6",Purchase price: USD 495.00,12,Drugs & ChemicalsDrugs & Chemicals,Cannabis & Hashish,5f-NPB-22 1000g,"Buy price
USD 2,099.00

(1.5971 BTC)",ROCKETLABS,null,5f-NPB-22 1000g,Cannabis & Hashish,Synthetic,5f-NPB-22 1000g,"Sold by ROCKETLABS -
0 sold since Apr 27, 2016Î¾Î¾Vendor Level 2Î¾Trust Level 6","Purchase price: USD 2,099.00",11,Drugs & ChemicalsDrugs & Chemicals,Cannabis & Hashish,100g MMBC infused STRONG Herbal Incense Blend USA,"Buy price
USD 200.00

(0.1522 BTC)",MrTardy,"Views: 160 / Bids: Fixed price
Quantity left: 94",100g MMBC infused STRONG Herbal Incense Blend USA,Cannabis & Hashish,Synthetic,100g MMBC infused STRONG Herbal Incense Blend USA,"Sold by MrTardy -
0 sold since Dec 11, 2016Î¾Î¾Vendor Level 1Î¾Trust Level 6",Purchase price: USD 200.00,11,Drugs & ChemicalsDrugs & Chemicals,Cannabis & Hashish,DogeMarket PreBeta Invitation,"Buy price
USD 99,999.00

(76.0865 BTC)",Comboseller,"Views: 298 / Bids: Fixed price
Quantity left: Unlimited",DogeMarket PreBeta Invitation,Cannabis & Hashish,Synthetic,DogeMarket PreBeta Invitation,"Sold by Comboseller -
0 sold since Dec 14, 2015Î¾Î¾Vendor Level 1Î¾Trust Level 3","Purchase price: USD 99,999.00",14,Drugs & ChemicalsDrugs & Chemicals,Cannabis & Hashish,2g Rick Simpson oil,"Buy price
USD 65.00

(0.0497 BTC)",cannatech,"Views: 505 / Bids: Fixed price
Quantity left: Unlimited",2g Rick Simpson oil,Cannabis & Hashish,Synthetic,2g Rick Simpson oil,"Sold by cannatech -
0 sold since Apr 19, 2016Î¾Î¾Vendor Level 1Î¾Trust Level 5",Purchase price: USD 65.00,13,Drugs & ChemicalsDrugs & Chemicals,Cannabis & Hashish,Spice / Blend 500g / Cannabis synth’©tique,"Buy price
USD 875.00

(0.6658 BTC)",lamachine,"Views: 58 / Bids: Fixed price
Quantity left: Unlimited",Spice / Blend 500g / Cannabis synth’©tique,Cannabis & Hashish,Synthetic,Spice / Blend 500g / Cannabis synth’©tique,"Sold by lamachine -
0 sold since Mar 16, 2017Î¾Î¾Vendor Level 1Î¾Trust Level 6",Purchase price: USD 875.00,14,Drugs & ChemicalsDrugs & Chemicals,Cannabis & Hashish,14G SPICE - BLUEBERRY BUBBLEGUM,"Buy price
USD 67.56

(0.0517 BTC)",MarioBrothers,"Views: 88 / Bids: Fixed price
Quantity left: Unlimited",14G SPICE - BLUEBERRY BUBBLEGUM,Cannabis & Hashish,Synthetic,14G SPICE - BLUEBERRY BUBBLEGUM,"Sold by MarioBrothers -
1 sold since Feb 25, 2017Î¾Î¾Vendor Level 5Î¾Trust Level 4",Purchase price: USD 67.56,7,Drugs & ChemicalsDrugs & Chemicals,Cannabis & Hashish,MMB-CHMINACA 5 gram,"Buy price
USD 46.95

(0.0357 BTC)",rgn,"Views: 262 / Bids: Fixed price
Quantity left: Unlimited",MMB-CHMINACA 5 gram,Cannabis & Hashish,Synthetic,MMB-CHMINACA 5 gram,"Sold by rgn -
3 sold since Dec 21, 2016Î¾Î¾Vendor Level 7Î¾Trust Level 6",Purchase price: USD 46.95,4,Drugs & ChemicalsDrugs & Chemicals,Cannabis & Hashish,Strong Herbal Incense - 56 Grams,"Buy price
USD 190.00

(0.1453 BTC)",herbalsupply,"Views: 531 / Bids: Fixed price
Quantity left: Unlimited",Strong Herbal Incense - 56 Grams,Cannabis & Hashish,Synthetic,Strong Herbal Incense - 56 Grams,"Sold by herbalsupply -
0 sold since Jan 8, 2016Î¾Î¾Vendor Level 1Î¾Trust Level 4",Purchase price: USD 190.00,13,Drugs & ChemicalsDrugs & Chemicals,Cannabis & Hashish,"Bonzai, 1000 gram [Germany]","Buy price
USD 1,500.00

(1.1413 BTC)",ArthurBishop,"Views: 86 / Bids: Fixed price
Quantity left: Unlimited","Bonzai, 1000 gram [Germany]",Cannabis & Hashish,Synthetic,"Bonzai, 1000 gram [Germany]","Sold by ArthurBishop -
0 sold since Jan 29, 2017Î¾Î¾Vendor Level 1Î¾Trust Level 3","Purchase price: USD 1,500.00",14,Drugs & ChemicalsDrugs & Chemicals,Cannabis & Hashish,"Bonzai, 100 gram [NL]","Buy price
USD 180.00

(0.1370 BTC)",ArthurBishop,"Views: 91 / Bids: Fixed price
Quantity left: Unlimited","Bonzai, 100 gram [NL]",Cannabis & Hashish,Synthetic,"Bonzai, 100 gram [NL]","Sold by ArthurBishop -
0 sold since Jan 29, 2017Î¾Î¾Vendor Level 1Î¾Trust Level 3",Purchase price: USD 180.00,,Drugs & ChemicalsDrugs & Chemicals,Cannabis & Hashish,"Bonzai, 25 Gram FE [Ger>WW]","Buy price
USD 63.00

(0.0482 BTC)",Amsterdaminc,"Views: 182 / Bids: Fixed price
Quantity left: Unlimited","Bonzai, 25 Gram FE [Ger>WW]",Cannabis & Hashish,Synthetic,"Bonzai, 25 Gram FE [Ger>WW]","Sold by Amsterdaminc -
0 sold since Mar 24, 2016Î¾Î¾Vendor Level 8Î¾Trust Level 6",Purchase price: USD 63.00,13,Drugs & ChemicalsDrugs & Chemicals,Cannabis & Hashish,5F-CUMYL-4CN-PINACA  250g,"Buy price
USD 930.00

(0.7112 BTC)",ROCKETLABS,null,5F-CUMYL-4CN-PINACA  250g,Cannabis & Hashish,Synthetic,5F-CUMYL-4CN-PINACA  250g,"Sold by ROCKETLABS -
0 sold since Dec 2, 2016Î¾Î¾Vendor Level 2Î¾Trust Level 6",Purchase price: USD 930.00,10,Drugs & ChemicalsDrugs & Chemicals,Cannabis & Hashish,5-F-ADB-FUB powder 2600kg,"Buy price
USD 2,600.00

(1.9783 BTC)",devil6969,"Views: 41 / Bids: Fixed price
Quantity left: Unlimited",5-F-ADB-FUB powder 2600kg,Cannabis & Hashish,Synthetic,5-F-ADB-FUB powder 2600kg,"Sold by devil6969 -
0 sold since Mar 20, 2017Î¾Î¾Vendor Level 1Î¾Trust Level 5","Purchase price: USD 2,600.00",14,Drugs & ChemicalsDrugs & Chemicals,Cannabis & Hashish,AB-FUBINACA 5 gram,"Buy price
USD 50.25

(0.0382 BTC)",rgn,"Views: 868 / Bids: Fixed price
Quantity left: Unlimited",AB-FUBINACA 5 gram,Cannabis & Hashish,Synthetic,AB-FUBINACA 5 gram,"Sold by rgn -
12 sold since Sep 6, 2016Î¾Î¾Vendor Level 7Î¾Trust Level 6",Purchase price: USD 50.25,2,Drugs & ChemicalsDrugs & Chemicals,Cannabis & Hashish,JWH 210 Hash Block (Spice) - 3.5 gram,"Buy price
USD 25.78

(0.0196 BTC)",fetaisbetter,"Views: 919 / Bids: Fixed price
Quantity left: 3",JWH 210 Hash Block (Spice) - 3.5 gram,Cannabis & Hashish,Synthetic,JWH 210 Hash Block (Spice) - 3.5 gram,"Sold by fetaisbetter -
13 sold since Jan 14, 2017Î¾Î¾Vendor Level 5Î¾Trust Level 5",Purchase price: USD 25.78,2,Drugs & ChemicalsDrugs & Chemicals,Cannabis & Hashish,"Bonzai, 25 Gram FE","Buy price
USD 60.00

(0.0456 BTC)",Amsterdaminc,"Views: 759 / Bids: Fixed price
Quantity left: Unlimited","Bonzai, 25 Gram FE",Cannabis & Hashish,Synthetic,"Bonzai, 25 Gram FE","Sold by Amsterdaminc -
3 sold since Mar 24, 2016Î¾Î¾Vendor Level 8Î¾Trust Level 6",Purchase price: USD 60.00,4,Drugs & ChemicalsDrugs & Chemicals,Cannabis & Hashish,Research Chemicals from Europe,"Buy price
USD 287.50

(0.2188 BTC)",Citra2016,"Views: 852 / Bids: Fixed price
Quantity left: Unlimited",Research Chemicals from Europe,Cannabis & Hashish,Synthetic,Research Chemicals from Europe,"Sold by Citra2016 -
0 sold since Oct 28, 2016Î¾Î¾Vendor Level 4Î¾Trust Level 4",Purchase price: USD 287.50,9,Drugs & ChemicalsDrugs & Chemicals,Cannabis & Hashish,"Bonzai, 250 gram [NL]","Buy price
USD 405.00

(0.3082 BTC)",ArthurBishop,"Views: 93 / Bids: Fixed price
Quantity left: Unlimited","Bonzai, 250 gram [NL]",Cannabis & Hashish,Synthetic,"Bonzai, 250 gram [NL]","Sold by ArthurBishop -
0 sold since Jan 29, 2017Î¾Î¾Vendor Level 1Î¾Trust Level 3",Purchase price: USD 405.00,,Drugs & ChemicalsDrugs & Chemicals,Cannabis & Hashish,10 Grams AKB-48 + UR-144 Herbal Incense Blend  Synthetic Cannabis Spice STRONG ***SHIPS FROM EU***,"Buy price
USD 49.94

(0.0380 BTC)",DailyFix,"Views: 309 / Bids: Fixed price
Quantity left: Unlimited",10 Grams AKB-48 + UR-144 Herbal Incense Blend  Synthetic Cannabis Spice STRONG ***SHIPS FROM EU***,Cannabis & Hashish,Synthetic,10 Grams AKB-48 + UR-144 Herbal Incense Blend  Syn...,"Sold by DailyFix -
3 sold since Nov 17, 2016Î¾Î¾Vendor Level 4Î¾Trust Level 5",Purchase price: USD 49.94,4,Drugs & ChemicalsDrugs & Chemicals,Cannabis & Hashish,"100g MAB-Chminaca/MABC/ADBC powder, 100% Shipping Warranty, NO Signature required","Buy price
USD 200.00

(0.1522 BTC)",Anny2005,"Views: 299 / Bids: Fixed price
Quantity left: Unlimited","100g MAB-Chminaca/MABC/ADBC powder, 100% Shipping Warranty, NO Signature required",Cannabis & Hashish,Synthetic,"100g MAB-Chminaca/MABC/ADBC powder, 100% Shipping ...","Sold by Anny2005 -
0 sold since Jul 9, 2016Î¾Î¾Vendor Level 5Î¾Trust Level 5",Purchase price: USD 200.00,11,Drugs & ChemicalsDrugs & Chemicals,Cannabis & Hashish,"2kg ADB-Fubinaca/ADBF powder, 100% Shipping Warranty, NO Signature required for Trackable Parcels","Buy price
USD 3,900.00

(2.9665 BTC)",Anny2005,"Views: 314 / Bids: Fixed price
Quantity left: Unlimited","2kg ADB-Fubinaca/ADBF powder, 100% Shipping Warranty, NO Signature required for Trackable Parcels",Cannabis & Hashish,Synthetic,"2kg ADB-Fubinaca/ADBF powder, 100% Shipping Warran...","Sold by Anny2005 -
2 sold since Oct 14, 2016Î¾Î¾Vendor Level 5Î¾Trust Level 5","Purchase price: USD 3,900.00",6,Drugs & ChemicalsDrugs & Chemicals,Cannabis & Hashish,1G SPICE - BLUEBERRY BUBBLEGUM (PROMO PRICE),"Buy price
USD 6.15

(0.0047 BTC)",MarioBrothers,"Views: 917 / Bids: Fixed price
Quantity left: Unlimited",1G SPICE - BLUEBERRY BUBBLEGUM (PROMO PRICE),Cannabis & Hashish,Synthetic,1G SPICE - BLUEBERRY BUBBLEGUM (PROMO PRICE),"Sold by MarioBrothers -
15 sold since Feb 25, 2017Î¾Î¾Vendor Level 5Î¾Trust Level 4",Purchase price: USD 6.15,2,Drugs & ChemicalsDrugs & Chemicals,Cannabis & Hashish,AB-PINACA 5 gram,"Buy price
USD 50.41

(0.0383 BTC)",rgn,"Views: 342 / Bids: Fixed price
Quantity left: Unlimited",AB-PINACA 5 gram,Cannabis & Hashish,Synthetic,AB-PINACA 5 gram,"Sold by rgn -
2 sold since Sep 30, 2016Î¾Î¾Vendor Level 7Î¾Trust Level 6",Purchase price: USD 50.41,5,Drugs & ChemicalsDrugs & Chemicals,Cannabis & Hashish,5gr. FUB-AMB (AMB-FUBINACA),"Buy price
USD 90.00

(0.0685 BTC)",ALaurizen,null,5gr. FUB-AMB (AMB-FUBINACA),Cannabis & Hashish,Synthetic,5gr. FUB-AMB (AMB-FUBINACA),"Sold by ALaurizen -
1 sold since Jan 11, 2016Î¾Î¾Vendor Level 5Î¾Trust Level 6",Purchase price: USD 90.00,8,Drugs & ChemicalsDrugs & Chemicals,Cannabis & Hashish,5f-NPB-22 125g,"Buy price
USD 586.00

(0.4459 BTC)",ROCKETLABS,null,5f-NPB-22 125g,Cannabis & Hashish,Synthetic,5f-NPB-22 125g,"Sold by ROCKETLABS -
0 sold since Apr 27, 2016Î¾Î¾Vendor Level 2Î¾Trust Level 6",Purchase price: USD 586.00,11,Drugs & ChemicalsDrugs & Chemicals,Cannabis & Hashish,20gr. MAB-CHMINACA,"Buy price
USD 190.00

(0.1446 BTC)",ALaurizen,"Views: 561 / Bids: Fixed price
Quantity left: Unlimited",20gr. MAB-CHMINACA,Cannabis & Hashish,Synthetic,20gr. MAB-CHMINACA,"Sold by ALaurizen -
0 sold since Jan 11, 2016Î¾Î¾Vendor Level 5Î¾Trust Level 6",Purchase price: USD 190.00,9,Drugs & ChemicalsDrugs & Chemicals,Cannabis & Hashish,"1000g MMB-Chminaca/MMBC, 100% Shipping Warranty, NO Signature required","Buy price
USD 1,700.00

(1.3000 BTC)",Anny2005,"Views: 345 / Bids: Fixed price
Quantity left: Unlimited","1000g MMB-Chminaca/MMBC, 100% Shipping Warranty, NO Signature required",Cannabis & Hashish,Synthetic,"1000g MMB-Chminaca/MMBC, 100% Shipping Warranty, N...","Sold by Anny2005 -
0 sold since Jul 2, 2016Î¾Î¾Vendor Level 5Î¾Trust Level 5","Purchase price: USD 1,700.00",10,Drugs & ChemicalsDrugs & Chemicals,Cannabis & Hashish,"Bonzai, 500 gram [NL]","Buy price
USD 720.00

(0.5478 BTC)",ArthurBishop,"Views: 92 / Bids: Fixed price
Quantity left: Unlimited","Bonzai, 500 gram [NL]",Cannabis & Hashish,Synthetic,"Bonzai, 500 gram [NL]","Sold by ArthurBishop -
0 sold since Jan 29, 2017Î¾Î¾Vendor Level 1Î¾Trust Level 3",Purchase price: USD 720.00,14,Drugs & ChemicalsDrugs & Chemicals,Cannabis & Hashish,Cesamet (nabilone) 1mg,"Buy price
USD 5.99

(0.0046 BTC)",Sc13nC3,"Views: 861 / Bids: Fixed price
Quantity left: Unlimited",Cesamet (nabilone) 1mg,Cannabis & Hashish,Synthetic,Cesamet (nabilone) 1mg,"Sold by Sc13nC3 -
5 sold since Sep 8, 2016Î¾Î¾Vendor Level 8Î¾Trust Level 7",Purchase price: USD 5.99,4,Drugs & ChemicalsDrugs & Chemicals,Cannabis & Hashish,"Bonzai, 1000 Gram FE [Ger>WW]","Buy price
USD 1,575.00

(1.1984 BTC)",Amsterdaminc,null,"Bonzai, 1000 Gram FE [Ger>WW]",Cannabis & Hashish,Synthetic,"Bonzai, 1000 Gram FE [Ger>WW]","Sold by Amsterdaminc -
0 sold since May 14, 2016Î¾Î¾Vendor Level 8Î¾Trust Level 6","Purchase price: USD 1,575.00",12,Drugs & ChemicalsDrugs & Chemicals,Cannabis & Hashish,Š…Ä14g HIGH GRADE SPICE/ synthetic cannabisŠ…ÄSUPERSTRONGŠ…ÄFREE NEXT DAY DELIVERYŠ…ÄUKQUALITYPRODUCT,"Buy price
USD 43.82

(0.0333 BTC)",ukqualityproduct,"Views: 37 / Bids: Fixed price
Quantity left: Unlimited",Š…Ä14g HIGH GRADE SPICE/ synthetic cannabisŠ…ÄSUPERSTRONGŠ…ÄFREE NEXT DAY DELIVERYŠ…ÄUKQUALITYPRODUCT,Cannabis & Hashish,Synthetic,Š…Ä14g HIGH GRADE SPICE/ synthetic cannabisŠ…ÄSUPERSTR...,"Sold by ukqualityproduct -
0 sold since Apr 15, 2017Î¾Î¾Vendor Level 1Î¾Trust Level 3",Purchase price: USD 43.82,9,Drugs & ChemicalsDrugs & Chemicals,Cannabis & Hashish,"5F-MDMB-2201  99,5% Š…ÄŠ…ÄŠ…Ä shipping form EU Š…ÄŠ…ÄŠ…Ä 1500G OF LEGAL HIGH","Buy price
USD 4,499.00

(3.4404 BTC)",POL,"Views: 202 / Bids: Fixed price
Quantity left: Unlimited","5F-MDMB-2201  99,5% Š…ÄŠ…ÄŠ…Ä shipping form EU Š…ÄŠ…ÄŠ…Ä 1500G OF LEGAL HIGH",Cannabis & Hashish,Synthetic,"5F-MDMB-2201  99,5% Š…ÄŠ…ÄŠ…Ä shipping form EU Š…ÄŠ…ÄŠ…Ä 1500G...","Sold by POL -
0 sold since Jan 25, 2017Î¾Î¾Vendor Level 5Î¾Trust Level 6","Purchase price: USD 4,499.00",10,Drugs & ChemicalsDrugs & Chemicals,Cannabis & Hashish,Spice / Blend 30g / Cannabis synth’©tique,"Buy price
USD 78.00

(0.0593 BTC)",lamachine,"Views: 639 / Bids: Fixed price
Quantity left: Unlimited",Spice / Blend 30g / Cannabis synth’©tique,Cannabis & Hashish,Synthetic,Spice / Blend 30g / Cannabis synth’©tique,"Sold by lamachine -
8 sold since Aug 2, 2016Î¾Î¾Vendor Level 1Î¾Trust Level 6",Purchase price: USD 78.00,3,Drugs & ChemicalsDrugs & Chemicals,Cannabis & Hashish,5gr. ADB-FUBINACA,"Buy price
USD 90.00

(0.0685 BTC)",ALaurizen,null,5gr. ADB-FUBINACA,Cannabis & Hashish,Synthetic,5gr. ADB-FUBINACA,"Sold by ALaurizen -
13 sold since Jan 11, 2016Î¾Î¾Vendor Level 5Î¾Trust Level 6",Purchase price: USD 90.00,2,Drugs & ChemicalsDrugs & Chemicals,Cannabis & Hashish,BUFF ´__99% pure)White Powder (replacement of Fentanyl)  50g,"Buy price
USD 600.00

(0.4588 BTC)",rcperfect,"Views: 8 / Bids: Fixed price
Quantity left: Unlimited",BUFF ´__99% pure)White Powder (replacement of Fentanyl)  50g,Cannabis & Hashish,Synthetic,BUFF ´__99% pure)White Powder (replacement of Fentan...,"Sold by rcperfect -
0 sold since Apr 27, 2017Î¾Î¾Vendor Level 1Î¾Trust Level 3",Purchase price: USD 600.00,10,Drugs & ChemicalsDrugs & Chemicals,Cannabis & Hashish,Spice / Blend 50g / Cannabis synth’©tique,"Buy price
USD 119.00

(0.0905 BTC)",lamachine,"Views: 965 / Bids: Fixed price
Quantity left: Unlimited",Spice / Blend 50g / Cannabis synth’©tique,Cannabis & Hashish,Synthetic,Spice / Blend 50g / Cannabis synth’©tique,"Sold by lamachine -
4 sold since Jan 23, 2016Î¾Î¾Vendor Level 1Î¾Trust Level 6",Purchase price: USD 119.00,4,Drugs & ChemicalsDrugs & Chemicals,Cannabis & Hashish,5F-CUMYL-4CN-PINACA  1000g,"Buy price
USD 2,400.00

(1.8353 BTC)",ROCKETLABS,null,5F-CUMYL-4CN-PINACA  1000g,Cannabis & Hashish,Synthetic,5F-CUMYL-4CN-PINACA  1000g,"Sold by ROCKETLABS -
0 sold since Dec 2, 2016Î¾Î¾Vendor Level 2Î¾Trust Level 6","Purchase price: USD 2,400.00",10,Drugs & ChemicalsDrugs & Chemicals,Cannabis & Hashish,"10g FUB-AMB/AMB-Fubinaca powder, 100% Shipping Warranty, NO Signature required","Buy price
USD 40.00

(0.0304 BTC)",Anny2005,"Views: 550 / Bids: Fixed price
Quantity left: Unlimited","10g FUB-AMB/AMB-Fubinaca powder, 100% Shipping Warranty, NO Signature required",Cannabis & Hashish,Synthetic,"10g FUB-AMB/AMB-Fubinaca powder, 100% Shipping War...","Sold by Anny2005 -
5 sold since Jul 9, 2016Î¾Î¾Vendor Level 5Î¾Trust Level 5",Purchase price: USD 40.00,3,Drugs & ChemicalsDrugs & Chemicals,Cannabis & Hashish,"100g FUB-AMB/AMB-Fubinaca powder, 100% Shipping Warranty, NO Signature required","Buy price
USD 250.00

(0.1912 BTC)",Anny2005,"Views: 302 / Bids: Fixed price
Quantity left: Unlimited","100g FUB-AMB/AMB-Fubinaca powder, 100% Shipping Warranty, NO Signature required",Cannabis & Hashish,Synthetic,"100g FUB-AMB/AMB-Fubinaca powder, 100% Shipping Wa...","Sold by Anny2005 -
0 sold since Jul 9, 2016Î¾Î¾Vendor Level 5Î¾Trust Level 5",Purchase price: USD 250.00,10,Drugs & ChemicalsDrugs & Chemicals,Cannabis & Hashish,1g Rick Simpson oil,"Buy price
USD 35.00

(0.0266 BTC)",cannatech,"Views: 1339 / Bids: Fixed price
Quantity left: Unlimited",1g Rick Simpson oil,Cannabis & Hashish,Synthetic,1g Rick Simpson oil,"Sold by cannatech -
8 sold since Apr 19, 2016Î¾Î¾Vendor Level 1Î¾Trust Level 5",Purchase price: USD 35.00,3,Drugs & ChemicalsDrugs & Chemicals,Cannabis & Hashish,1kg. ADB-FUBINACA,"Buy price
USD 2,170.00

(1.6594 BTC)",ALaurizen,"Views: 577 / Bids: Fixed price
Quantity left: Unlimited",1kg. ADB-FUBINACA,Cannabis & Hashish,Synthetic,1kg. ADB-FUBINACA,"Sold by ALaurizen -
0 sold since Jan 11, 2016Î¾Î¾Vendor Level 5Î¾Trust Level 6","Purchase price: USD 2,170.00",10,Drugs & ChemicalsDrugs & Chemicals,Cannabis & Hashish,5F-CUMYL-4CN-PINACA   50g,"Buy price
USD 325.00

(0.2473 BTC)",ROCKETLABS,null,5F-CUMYL-4CN-PINACA   50g,Cannabis & Hashish,Synthetic,5F-CUMYL-4CN-PINACA   50g,"Sold by ROCKETLABS -
0 sold since Dec 2, 2016Î¾Î¾Vendor Level 2Î¾Trust Level 6",Purchase price: USD 325.00,9,Drugs & ChemicalsDrugs & Chemicals,Cannabis & Hashish,1000g MMBC(MMB-chminaca) hign purity withe powder,"Buy price
USD 2,220.00

(1.6977 BTC)",orgmanchemical,"Views: 62 / Bids: Fixed price
Quantity left: Unlimited",1000g MMBC(MMB-chminaca) hign purity withe powder,Cannabis & Hashish,Synthetic,1000g MMBC(MMB-chminaca) hign purity withe powder,"Sold by orgmanchemical -
0 sold since Feb 22, 2017Î¾Î¾Vendor Level 1Î¾Trust Level 3","Purchase price: USD 2,220.00",13,Drugs & ChemicalsDrugs & Chemicals,Cannabis & Hashish,Spice / Blend 10g / Cannabis synth’©tique,"Buy price
USD 34.00

(0.0259 BTC)",lamachine,"Views: 1594 / Bids: Fixed price
Quantity left: Unlimited",Spice / Blend 10g / Cannabis synth’©tique,Cannabis & Hashish,Synthetic,Spice / Blend 10g / Cannabis synth’©tique,"Sold by lamachine -
19 sold since Jan 23, 2016Î¾Î¾Vendor Level 1Î¾Trust Level 6",Purchase price: USD 34.00,2,Drugs & ChemicalsDrugs & Chemicals,Cannabis & Hashish,ADBF 1000g,"Buy price
USD 1,600.00

(1.2174 BTC)",eleven,"Views: 834 / Bids: Fixed price
Quantity left: Unlimited",ADBF 1000g,Cannabis & Hashish,Synthetic,ADBF 1000g,"Sold by eleven -
0 sold since Dec 11, 2015Î¾Î¾Vendor Level 5Î¾Trust Level 6","Purchase price: USD 1,600.00",12,Drugs & ChemicalsDrugs & Chemicals,Cannabis & Hashish,$1.00 USD Buys One Lottery Ticket Š—– You Could Win 1.63 BTC Š—– Valid For Four Draws Š—– Winning Numbers Drawn Every Friday Š—– PLAY CASH PANDA**$$**What Are Your Lucky Numbers?,"Buy price
USD 1.00

(0.0008 BTC)",CashPanda,"Views: 74 / Bids: Fixed price
Quantity left: Unlimited",$1.00 USD Buys One Lottery Ticket Š—– You Could Win 1.63 BTC Š—– Valid For Four Draws Š—– Winning Numbers Drawn Every Friday Š—– PLAY CASH PANDA**$$**What Are Your Lucky Numbers?,Cannabis & Hashish,Synthetic,$1.00 USD Buys One Lottery Ticket Š—– You Could Win ...,"Sold by CashPanda -
0 sold since Mar 11, 2017Î¾Î¾Vendor Level 1Î¾Trust Level 4",Purchase price: USD 1.00,11,Drugs & ChemicalsDrugs & Chemicals,Cannabis & Hashish,10 Grams JWH 210 Herbal Incense Blend  Synthetic Cannabis Spice STRONG ***SHIPS FROM EU***,"Buy price
USD 46.66

(0.0357 BTC)",DailyFix,"Views: 217 / Bids: Fixed price
Quantity left: Unlimited",10 Grams JWH 210 Herbal Incense Blend  Synthetic Cannabis Spice STRONG ***SHIPS FROM EU***,Cannabis & Hashish,Synthetic,10 Grams JWH 210 Herbal Incense Blend  Synthetic C...,"Sold by DailyFix -
0 sold since Nov 17, 2016Î¾Î¾Vendor Level 4Î¾Trust Level 5",Purchase price: USD 46.66,13,Drugs & ChemicalsDrugs & Chemicals,Cannabis & Hashish,Marinol (Dronabinol)  10MG Capsules ***50% OFF CLOSE-OUT***,"Buy price
USD 1.50

(0.0011 BTC)",PercUup,null,Marinol (Dronabinol)  10MG Capsules ***50% OFF CLOSE-OUT***,Cannabis & Hashish,Synthetic,Marinol (Dronabinol)  10MG Capsules ***50% OFF CLO...,"Sold by PercUup -
0 sold since Mar 25, 2017Î¾Î¾Vendor Level 1Î¾Trust Level 3",Purchase price: USD 1.50,12,Drugs & ChemicalsDrugs & Chemicals,Cannabis & Hashish,"Bonzai, 10 gram [NL]","Buy price
USD 27.00

(0.0206 BTC)",ArthurBishop,"Views: 99 / Bids: Fixed price
Quantity left: Unlimited","Bonzai, 10 gram [NL]",Cannabis & Hashish,Synthetic,"Bonzai, 10 gram [NL]","Sold by ArthurBishop -
0 sold since Jan 29, 2017Î¾Î¾Vendor Level 1Î¾Trust Level 3",Purchase price: USD 27.00,13,Drugs & ChemicalsDrugs & Chemicals,Cannabis & Hashish,"Bonzai, 500 Gram ESCROW","Buy price
USD 880.00

(0.6729 BTC)",Amsterdaminc,null,"Bonzai, 500 Gram ESCROW",Cannabis & Hashish,Synthetic,"Bonzai, 500 Gram ESCROW","Sold by Amsterdaminc -
0 sold since May 14, 2016Î¾Î¾Vendor Level 8Î¾Trust Level 6",Purchase price: USD 880.00,10,Drugs & ChemicalsDrugs & Chemicals,Cannabis & Hashish,"500g FUB-AMB/AMB-Fubinaca powder, 100% Shipping Warranty, NO Signature required","Buy price
USD 900.00

(0.6846 BTC)",Anny2005,"Views: 331 / Bids: Fixed price
Quantity left: Unlimited","500g FUB-AMB/AMB-Fubinaca powder, 100% Shipping Warranty, NO Signature required",Cannabis & Hashish,Synthetic,"500g FUB-AMB/AMB-Fubinaca powder, 100% Shipping Wa...","Sold by Anny2005 -
2 sold since Jul 9, 2016Î¾Î¾Vendor Level 5Î¾Trust Level 5",Purchase price: USD 900.00,5,Drugs & ChemicalsDrugs & Chemicals,Cannabis & Hashish,BUFF ´__99% pure)White Powder (replacement of Fentanyl)  10g,"Buy price
USD 200.00

(0.1522 BTC)",rcperfect,"Views: 109 / Bids: Fixed price
Quantity left: Unlimited",BUFF ´__99% pure)White Powder (replacement of Fentanyl)  10g,Cannabis & Hashish,Synthetic,BUFF ´__99% pure)White Powder (replacement of Fentan...,"Sold by rcperfect -
0 sold since Feb 15, 2017Î¾Î¾Vendor Level 1Î¾Trust Level 3",Purchase price: USD 200.00,11,Drugs & ChemicalsDrugs & Chemicals,Cannabis & Hashish,"Bonzai, 100 Gram FE","Buy price
USD 200.00

(0.1529 BTC)",Amsterdaminc,null,"Bonzai, 100 Gram FE",Cannabis & Hashish,Synthetic,"Bonzai, 100 Gram FE","Sold by Amsterdaminc -
1 sold since Mar 24, 2016Î¾Î¾Vendor Level 8Î¾Trust Level 6",Purchase price: USD 200.00,7,Drugs & ChemicalsDrugs & Chemicals,Cannabis & Hashish,1 g MPT freebase,"Buy price
USD 40.00

(0.0306 BTC)",ion8,null,1 g MPT freebase,Cannabis & Hashish,Synthetic,1 g MPT freebase,"Sold by ion8 -
1 sold since Feb 19, 2017Î¾Î¾Vendor Level 4Î¾Trust Level 6",Purchase price: USD 40.00,7,Drugs & ChemicalsDrugs & Chemicals,Cannabis & Hashish,100gr. MAB-CHMINACA,"Buy price
USD 470.00

(0.3575 BTC)",ALaurizen,"Views: 653 / Bids: Fixed price
Quantity left: Unlimited",100gr. MAB-CHMINACA,Cannabis & Hashish,Synthetic,100gr. MAB-CHMINACA,"Sold by ALaurizen -
2 sold since Jan 11, 2016Î¾Î¾Vendor Level 5Î¾Trust Level 6",Purchase price: USD 470.00,6,Drugs & ChemicalsDrugs & Chemicals,Cannabis & Hashish,20gr. ADB-FUBINACA,"Buy price
USD 230.00

(0.1749 BTC)",ALaurizen,"Views: 640 / Bids: Fixed price
Quantity left: Unlimited",20gr. ADB-FUBINACA,Cannabis & Hashish,Synthetic,20gr. ADB-FUBINACA,"Sold by ALaurizen -
3 sold since Jan 11, 2016Î¾Î¾Vendor Level 5Î¾Trust Level 6",Purchase price: USD 230.00,4,Drugs & ChemicalsDrugs & Chemicals,Cannabis & Hashish,"Bonzai, 500 Gram FE [Ger>WW]","Buy price
USD 840.00

(0.6391 BTC)",Amsterdaminc,null,"Bonzai, 500 Gram FE [Ger>WW]",Cannabis & Hashish,Synthetic,"Bonzai, 500 Gram FE [Ger>WW]","Sold by Amsterdaminc -
0 sold since May 14, 2016Î¾Î¾Vendor Level 8Î¾Trust Level 6",Purchase price: USD 840.00,9,Drugs & ChemicalsDrugs & Chemicals,Cannabis & Hashish,5f-NPB-22 500g,"Buy price
USD 1,200.00

(0.9130 BTC)",ROCKETLABS,null,5f-NPB-22 500g,Cannabis & Hashish,Synthetic,5f-NPB-22 500g,"Sold by ROCKETLABS -
1 sold since Apr 27, 2016Î¾Î¾Vendor Level 2Î¾Trust Level 6","Purchase price: USD 1,200.00",8,Drugs & ChemicalsDrugs & Chemicals,Cannabis & Hashish,"Bonzai, 25 Gram ESCROW","Buy price
USD 66.00

(0.0502 BTC)",Amsterdaminc,null,"Bonzai, 25 Gram ESCROW",Cannabis & Hashish,Synthetic,"Bonzai, 25 Gram ESCROW","Sold by Amsterdaminc -
18 sold since Apr 29, 2016Î¾Î¾Vendor Level 8Î¾Trust Level 6",Purchase price: USD 66.00,2,Drugs & ChemicalsDrugs & Chemicals,Cannabis & Hashish,10 x 3mg JWH-018 Synthetic Cannabis Blotter,"Buy price
USD 12.38

(0.0095 BTC)",elliottkane,"Views: 130 / Bids: Fixed price
Quantity left: Unlimited",10 x 3mg JWH-018 Synthetic Cannabis Blotter,Cannabis & Hashish,Synthetic,10 x 3mg JWH-018 Synthetic Cannabis Blotter,"Sold by elliottkane -
1 sold since Mar 23, 2017Î¾Î¾Vendor Level 1Î¾Trust Level 6",Purchase price: USD 12.38,7,Drugs & ChemicalsDrugs & Chemicals,Cannabis & Hashish,4g Rick Simpson oil,"Buy price
USD 100.00

(0.0761 BTC)",cannatech,"Views: 502 / Bids: Fixed price
Quantity left: Unlimited",4g Rick Simpson oil,Cannabis & Hashish,Synthetic,4g Rick Simpson oil,"Sold by cannatech -
0 sold since Apr 19, 2016Î¾Î¾Vendor Level 1Î¾Trust Level 5",Purchase price: USD 100.00,14,Drugs & ChemicalsDrugs & Chemicals,Cannabis & Hashish,1kg. FUB-AMB (AMB-FUBINACA),"Buy price
USD 2,170.00

(1.6511 BTC)",ALaurizen,"Views: 564 / Bids: Fixed price
Quantity left: Unlimited",1kg. FUB-AMB (AMB-FUBINACA),Cannabis & Hashish,Synthetic,1kg. FUB-AMB (AMB-FUBINACA),"Sold by ALaurizen -
0 sold since Jan 11, 2016Î¾Î¾Vendor Level 5Î¾Trust Level 6","Purchase price: USD 2,170.00",9,Drugs & ChemicalsDrugs & Chemicals,Cannabis & Hashish,5 Grams JWH 210 Herbal Incense Blend  Synthetic Cannabis Spice STRONG ***SHIPS FROM EU***,"Buy price
USD 24.55

(0.0187 BTC)",DailyFix,"Views: 295 / Bids: Fixed price
Quantity left: Unlimited",5 Grams JWH 210 Herbal Incense Blend  Synthetic Cannabis Spice STRONG ***SHIPS FROM EU***,Cannabis & Hashish,Synthetic,5 Grams JWH 210 Herbal Incense Blend  Synthetic Ca...,"Sold by DailyFix -
2 sold since Nov 17, 2016Î¾Î¾Vendor Level 4Î¾Trust Level 5",Purchase price: USD 24.55,6,Drugs & ChemicalsDrugs & Chemicals,Cannabis & Hashish,Š…Ä28g HIGH GRADE SPICE/ synthetic cannabisŠ…ÄSUPERSTRONGŠ…ÄFREE NEXT DAY DELIVERYŠ…ÄUKQUALITYPRODUCT,"Buy price
USD 75.12

(0.0571 BTC)",ukqualityproduct,"Views: 43 / Bids: Fixed price
Quantity left: Unlimited",Š…Ä28g HIGH GRADE SPICE/ synthetic cannabisŠ…ÄSUPERSTRONGŠ…ÄFREE NEXT DAY DELIVERYŠ…ÄUKQUALITYPRODUCT,Cannabis & Hashish,Synthetic,Š…Ä28g HIGH GRADE SPICE/ synthetic cannabisŠ…ÄSUPERSTR...,"Sold by ukqualityproduct -
2 sold since Apr 15, 2017Î¾Î¾Vendor Level 1Î¾Trust Level 3",Purchase price: USD 75.12,6,Drugs & ChemicalsDrugs & Chemicals,Cannabis & Hashish,THJ-2201    5 gram,"Buy price
USD 42.22

(0.0321 BTC)",rgn,"Views: 85 / Bids: Fixed price
Quantity left: Unlimited",THJ-2201    5 gram,Cannabis & Hashish,Synthetic,THJ-2201    5 gram,"Sold by rgn -
0 sold since Mar 1, 2017Î¾Î¾Vendor Level 7Î¾Trust Level 6",Purchase price: USD 42.22,9,Drugs & ChemicalsDrugs & Chemicals,Cannabis & Hashish,"200g MMB-Chminaca/MMBC powder, 100% Shipping Warranty, NO Signature required","Buy price
USD 380.00

(0.2890 BTC)",Anny2005,"Views: 446 / Bids: Fixed price
Quantity left: Unlimited","200g MMB-Chminaca/MMBC powder, 100% Shipping Warranty, NO Signature required",Cannabis & Hashish,Synthetic,"200g MMB-Chminaca/MMBC powder, 100% Shipping Warra...","Sold by Anny2005 -
3 sold since Jul 2, 2016Î¾Î¾Vendor Level 5Î¾Trust Level 5",Purchase price: USD 380.00,5,Drugs & ChemicalsDrugs & Chemicals,Cannabis & Hashish,"50g FUB-AMB/AMB-Fubinaca powder, 100% Shipping Warranty, NO Signature required","Buy price
USD 140.00

(0.1065 BTC)",Anny2005,"Views: 528 / Bids: Fixed price
Quantity left: Unlimited","50g FUB-AMB/AMB-Fubinaca powder, 100% Shipping Warranty, NO Signature required",Cannabis & Hashish,Synthetic,"50g FUB-AMB/AMB-Fubinaca powder, 100% Shipping War...","Sold by Anny2005 -
8 sold since Jul 9, 2016Î¾Î¾Vendor Level 5Î¾Trust Level 5",Purchase price: USD 140.00,3,Drugs & ChemicalsDrugs & Chemicals,Cannabis & Hashish,INNOVATIVE SALVE CBD 70MG   Natural,"Buy price
USD 59.95

(0.0456 BTC)",BudMasterGeneral,"Views: 479 / Bids: Fixed price
Quantity left: 3",INNOVATIVE SALVE CBD 70MG   Natural,Cannabis & Hashish,Synthetic,INNOVATIVE SALVE CBD 70MG   Natural,"Sold by BudMasterGeneral -
0 sold since Jun 17, 2016Î¾Î¾Vendor Level 7Î¾Trust Level 6",Purchase price: USD 59.95,12,Drugs & ChemicalsDrugs & Chemicals,Cannabis & Hashish,10g Rick Simpson oil,"Buy price
USD 200.00

(0.1521 BTC)",cannatech,"Views: 590 / Bids: Fixed price
Quantity left: Unlimited",10g Rick Simpson oil,Cannabis & Hashish,Synthetic,10g Rick Simpson oil,"Sold by cannatech -
2 sold since Apr 19, 2016Î¾Î¾Vendor Level 1Î¾Trust Level 5",Purchase price: USD 200.00,5,Drugs & ChemicalsDrugs & Chemicals,Cannabis & Hashish,5F-CUMYL-4CN-PINACA  500g,"Buy price
USD 1,350.00

(1.0324 BTC)",ROCKETLABS,null,5F-CUMYL-4CN-PINACA  500g,Cannabis & Hashish,Synthetic,5F-CUMYL-4CN-PINACA  500g,"Sold by ROCKETLABS -
0 sold since Dec 2, 2016Î¾Î¾Vendor Level 2Î¾Trust Level 6","Purchase price: USD 1,350.00",10,Drugs & ChemicalsDrugs & Chemicals,Cannabis & Hashish,Š…Ä1kg HIGH GRADE SPICE/ synthetic cannabisŠ…ÄSUPERSTRONGŠ…ÄFREE NEXT DAY DELIVERYŠ…ÄUKQUALITYPRODUCT,"Buy price
USD 1,126.98

(0.8575 BTC)",ukqualityproduct,"Views: 21 / Bids: Fixed price
Quantity left: Unlimited",Š…Ä1kg HIGH GRADE SPICE/ synthetic cannabisŠ…ÄSUPERSTRONGŠ…ÄFREE NEXT DAY DELIVERYŠ…ÄUKQUALITYPRODUCT,Cannabis & Hashish,Synthetic,Š…Ä1kg HIGH GRADE SPICE/ synthetic cannabisŠ…ÄSUPERSTR...,"Sold by ukqualityproduct -
0 sold since Apr 16, 2017Î¾Î¾Vendor Level 1Î¾Trust Level 3","Purchase price: USD 1,126.98",11,Drugs & ChemicalsDrugs & Chemicals,Cannabis & Hashish,Strong Herbal Incense - 28 Grams,"Buy price
USD 110.00

(0.0837 BTC)",herbalsupply,"Views: 1146 / Bids: Fixed price
Quantity left: Unlimited",Strong Herbal Incense - 28 Grams,Cannabis & Hashish,Synthetic,Strong Herbal Incense - 28 Grams,"Sold by herbalsupply -
7 sold since Jan 8, 2016Î¾Î¾Vendor Level 1Î¾Trust Level 4",Purchase price: USD 110.00,3,Drugs & ChemicalsDrugs & Chemicals,Cannabis & Hashish,"Bonzai, 1000 gram [NL]","Buy price
USD 1,350.00

(1.0272 BTC)",ArthurBishop,"Views: 84 / Bids: Fixed price
Quantity left: Unlimited","Bonzai, 1000 gram [NL]",Cannabis & Hashish,Synthetic,"Bonzai, 1000 gram [NL]","Sold by ArthurBishop -
0 sold since Jan 29, 2017Î¾Î¾Vendor Level 1Î¾Trust Level 3","Purchase price: USD 1,350.00",11,Drugs & ChemicalsDrugs & Chemicals,Cannabis & Hashish,"Bonzai, 50 gram [Germany]","Buy price
USD 110.00

(0.0837 BTC)",ArthurBishop,"Views: 95 / Bids: Fixed price
Quantity left: Unlimited","Bonzai, 50 gram [Germany]",Cannabis & Hashish,Synthetic,"Bonzai, 50 gram [Germany]","Sold by ArthurBishop -
0 sold since Jan 29, 2017Î¾Î¾Vendor Level 1Î¾Trust Level 3",Purchase price: USD 110.00,14,Drugs & ChemicalsDrugs & Chemicals,Cannabis & Hashish,5F-PB-22    10 gram,"Buy price
USD 85.32

(0.0652 BTC)",rgn,null,5F-PB-22    10 gram,Cannabis & Hashish,Synthetic,5F-PB-22    10 gram,"Sold by rgn -
1 sold since Feb 12, 2017Î¾Î¾Vendor Level 7Î¾Trust Level 6",Purchase price: USD 85.32,7,Drugs & ChemicalsDrugs & Chemicals,Cannabis & Hashish,New Cannabinoid (Replacement of MMBC AM2201 AKB48) 50g (White powder),"Buy price
USD 250.00

(0.1902 BTC)",orgmanchemical,"Views: 74 / Bids: Fixed price
Quantity left: Unlimited",New Cannabinoid (Replacement of MMBC AM2201 AKB48) 50g (White powder),Cannabis & Hashish,Synthetic,New Cannabinoid (Replacement of MMBC AM2201 AKB48)...,"Sold by orgmanchemical -
0 sold since Feb 22, 2017Î¾Î¾Vendor Level 1Î¾Trust Level 3",Purchase price: USD 250.00,12,Drugs & ChemicalsDrugs & Chemicals,Cannabis & Hashish,10 Grams UR 144 Herbal Incense Blend Strong Synthetic Cannabis Spice STRONG ***SHIPS FROM EU***,"Buy price
USD 43.60

(0.0332 BTC)",DailyFix,"Views: 346 / Bids: Fixed price
Quantity left: Unlimited",10 Grams UR 144 Herbal Incense Blend Strong Synthetic Cannabis Spice STRONG ***SHIPS FROM EU***,Cannabis & Hashish,Synthetic,10 Grams UR 144 Herbal Incense Blend Strong Synthe...,"Sold by DailyFix -
6 sold since Nov 17, 2016Î¾Î¾Vendor Level 4Î¾Trust Level 5",Purchase price: USD 43.60,3,Drugs & ChemicalsDrugs & Chemicals,Cannabis & Hashish,Š…Ä10kg HIGH GRADE SPICE/ synthetic cannabisŠ…ÄSUPERSTRONGŠ…ÄFREE NEXT DAY DELIVERYŠ…ÄUKQUALITYPRODUCT,"Buy price
USD 6,260.94

(4.7638 BTC)",ukqualityproduct,"Views: 25 / Bids: Fixed price
Quantity left: Unlimited",Š…Ä10kg HIGH GRADE SPICE/ synthetic cannabisŠ…ÄSUPERSTRONGŠ…ÄFREE NEXT DAY DELIVERYŠ…ÄUKQUALITYPRODUCT,Cannabis & Hashish,Synthetic,Š…Ä10kg HIGH GRADE SPICE/ synthetic cannabisŠ…ÄSUPERST...,"Sold by ukqualityproduct -
0 sold since Apr 16, 2017Î¾Î¾Vendor Level 1Î¾Trust Level 3","Purchase price: USD 6,260.94",12,Drugs & ChemicalsDrugs & Chemicals,Cannabis & Hashish,7g MMBC infused STRONG Herbal Incense Blend,"Buy price
USD 20.00

(0.0152 BTC)",MrTardy,"Views: 689 / Bids: Fixed price
Quantity left: 93",7g MMBC infused STRONG Herbal Incense Blend,Cannabis & Hashish,Synthetic,7g MMBC infused STRONG Herbal Incense Blend,"Sold by MrTardy -
14 sold since May 29, 2015Î¾Î¾Vendor Level 1Î¾Trust Level 6",Purchase price: USD 20.00,2,Drugs & ChemicalsDrugs & Chemicals,Cannabis & Hashish,"Bonzai, 25 gram [NL]","Buy price
USD 54.00

(0.0413 BTC)",ArthurBishop,"Views: 84 / Bids: Fixed price
Quantity left: Unlimited","Bonzai, 25 gram [NL]",Cannabis & Hashish,Synthetic,"Bonzai, 25 gram [NL]","Sold by ArthurBishop -
0 sold since Jan 29, 2017Î¾Î¾Vendor Level 1Î¾Trust Level 3",Purchase price: USD 54.00,13,Drugs & ChemicalsDrugs & Chemicals,Cannabis & Hashish,Docklands - 50g Synthetic Cannabis Spice - UK Seller & Escrow,"Buy price
USD 225.00

(0.1711 BTC)",Docklands,"Views: 512 / Bids: Fixed price
Quantity left: Unlimited",Docklands - 50g Synthetic Cannabis Spice - UK Seller & Escrow,Cannabis & Hashish,Synthetic,Docklands - 50g Synthetic Cannabis Spice - UK Sell...,"Sold by Docklands -
4 sold since Oct 30, 2016Î¾Î¾Vendor Level 9Î¾Trust Level 6",Purchase price: USD 225.00,4,Drugs & ChemicalsDrugs & Chemicals,Cannabis & Hashish,Axa Blends Cherry Herbal Incense - 56 Grams,"Buy price
USD 199.00

(0.1514 BTC)",axa,null,Axa Blends Cherry Herbal Incense - 56 Grams,Cannabis & Hashish,Synthetic,Axa Blends Cherry Herbal Incense - 56 Grams,"Sold by axa -
7 sold since Jan 23, 2017Î¾Î¾Vendor Level 5Î¾Trust Level 6",Purchase price: USD 199.00,3,Drugs & ChemicalsDrugs & Chemicals,Cannabis & Hashish,"Bonzai, 1000 Gram FE","Buy price
USD 1,500.00

(1.1413 BTC)",Amsterdaminc,"Views: 466 / Bids: Fixed price
Quantity left: Unlimited","Bonzai, 1000 Gram FE",Cannabis & Hashish,Synthetic,"Bonzai, 1000 Gram FE","Sold by Amsterdaminc -
0 sold since May 14, 2016Î¾Î¾Vendor Level 8Î¾Trust Level 6","Purchase price: USD 1,500.00",9,Drugs & ChemicalsDrugs & Chemicals,Cannabis & Hashish,"Bonzai, 25 gram [Germany]","Buy price
USD 60.00

(0.0457 BTC)",ArthurBishop,"Views: 97 / Bids: Fixed price
Quantity left: Unlimited","Bonzai, 25 gram [Germany]",Cannabis & Hashish,Synthetic,"Bonzai, 25 gram [Germany]","Sold by ArthurBishop -
0 sold since Jan 29, 2017Î¾Î¾Vendor Level 1Î¾Trust Level 3",Purchase price: USD 60.00,11,Drugs & ChemicalsDrugs & Chemicals,Cannabis & Hashish,"500g 5F-ADB(also known as 5F-MDMB-PINACA, the best cannabinoid in the market), 100% Shipping Warranty, NO Signature required for Trackable Parcels","Buy price
USD 1,100.00

(0.8367 BTC)",Anny2005,"Views: 120 / Bids: Fixed price
Quantity left: Unlimited","500g 5F-ADB(also known as 5F-MDMB-PINACA, the best cannabinoid in the market), 100% Shipping Warranty, NO Signature required for Trackable Parcels",Cannabis & Hashish,Synthetic,"500g 5F-ADB(also known as 5F-MDMB-PINACA, the best...","Sold by Anny2005 -
5 sold since Mar 14, 2017Î¾Î¾Vendor Level 5Î¾Trust Level 5","Purchase price: USD 1,100.00",4,Drugs & ChemicalsDrugs & Chemicals,Cannabis & Hashish,28 Grams 1OZ UR-144 Herbal Incense Blend Strong Synthetic Cannabis Spice STRONG ***SHIPS FROM EU***,"Buy price
USD 114.72

(0.0873 BTC)",DailyFix,"Views: 233 / Bids: Fixed price
Quantity left: Unlimited",28 Grams 1OZ UR-144 Herbal Incense Blend Strong Synthetic Cannabis Spice STRONG ***SHIPS FROM EU***,Cannabis & Hashish,Synthetic,28 Grams 1OZ UR-144 Herbal Incense Blend Strong Sy...,"Sold by DailyFix -
2 sold since Nov 17, 2016Î¾Î¾Vendor Level 4Î¾Trust Level 5",Purchase price: USD 114.72,6,Drugs & ChemicalsDrugs & Chemicals,Cannabis & Hashish,Š…Ä2kg HIGH GRADE SPICE/ synthetic cannabisŠ…ÄSUPERSTRONGŠ…ÄFREE NEXT DAY DELIVERYŠ…ÄUKQUALITYPRODUCT,"Buy price
USD 2,003.51

(1.5244 BTC)",ukqualityproduct,"Views: 21 / Bids: Fixed price
Quantity left: Unlimited",Š…Ä2kg HIGH GRADE SPICE/ synthetic cannabisŠ…ÄSUPERSTRONGŠ…ÄFREE NEXT DAY DELIVERYŠ…ÄUKQUALITYPRODUCT,Cannabis & Hashish,Synthetic,Š…Ä2kg HIGH GRADE SPICE/ synthetic cannabisŠ…ÄSUPERSTR...,"Sold by ukqualityproduct -
0 sold since Apr 16, 2017Î¾Î¾Vendor Level 1Î¾Trust Level 3","Purchase price: USD 2,003.51",11,Drugs & ChemicalsDrugs & Chemicals,Cannabis & Hashish,1kg. MAB-CHMINACA,"Buy price
USD 2,170.00

(1.6506 BTC)",ALaurizen,"Views: 746 / Bids: Fixed price
Quantity left: Unlimited",1kg. MAB-CHMINACA,Cannabis & Hashish,Synthetic,1kg. MAB-CHMINACA,"Sold by ALaurizen -
2 sold since Jan 11, 2016Î¾Î¾Vendor Level 5Î¾Trust Level 6","Purchase price: USD 2,170.00",6,Drugs & ChemicalsDrugs & Chemicals,Cannabis & Hashish,1KG (1000g) SPICE - BLUEBERRY BUBBLEGUM,"Buy price
USD 1,248.68

(0.9501 BTC)",MarioBrothers,"Views: 100 / Bids: Fixed price
Quantity left: Unlimited",1KG (1000g) SPICE - BLUEBERRY BUBBLEGUM,Cannabis & Hashish,Synthetic,1KG (1000g) SPICE - BLUEBERRY BUBBLEGUM,"Sold by MarioBrothers -
0 sold since Feb 25, 2017Î¾Î¾Vendor Level 5Î¾Trust Level 4","Purchase price: USD 1,248.68",14,Drugs & ChemicalsDrugs & Chemicals,Cannabis & Hashish,Š…Ä7g HIGH GRADE SPICE/ synthetic cannabisŠ…ÄSUPERSTRONGŠ…ÄFREE NEXT DAY DELIVERYŠ…ÄUKQUALITYPRODUCT,"Buy price
USD 22.54

(0.0172 BTC)",ukqualityproduct,"Views: 35 / Bids: Fixed price
Quantity left: Unlimited",Š…Ä7g HIGH GRADE SPICE/ synthetic cannabisŠ…ÄSUPERSTRONGŠ…ÄFREE NEXT DAY DELIVERYŠ…ÄUKQUALITYPRODUCT,Cannabis & Hashish,Synthetic,Š…Ä7g HIGH GRADE SPICE/ synthetic cannabisŠ…ÄSUPERSTRO...,"Sold by ukqualityproduct -
1 sold since Apr 15, 2017Î¾Î¾Vendor Level 1Î¾Trust Level 3",Purchase price: USD 22.54,8,Drugs & ChemicalsDrugs & Chemicals,Cannabis & Hashish,10gr. FUB-AKB,"Buy price
USD 130.00

(0.0994 BTC)",ALaurizen,"Views: 705 / Bids: Fixed price
Quantity left: Unlimited",10gr. FUB-AKB,Cannabis & Hashish,Synthetic,10gr. FUB-AKB,"Sold by ALaurizen -
1 sold since Jan 11, 2016Î¾Î¾Vendor Level 5Î¾Trust Level 6",Purchase price: USD 130.00,7,Drugs & ChemicalsDrugs & Chemicals,Cannabis & Hashish,5 Grams JWH 122 Herbal Incense Blend Strong Synthetic Cannabis Spice STRONG ***SHIPS FROM EU***,"Buy price
USD 21.40

(0.0163 BTC)",DailyFix,"Views: 468 / Bids: Fixed price
Quantity left: Unlimited",5 Grams JWH 122 Herbal Incense Blend Strong Synthetic Cannabis Spice STRONG ***SHIPS FROM EU***,Cannabis & Hashish,Synthetic,5 Grams JWH 122 Herbal Incense Blend Strong Synthe...,"Sold by DailyFix -
8 sold since Nov 16, 2016Î¾Î¾Vendor Level 4Î¾Trust Level 5",Purchase price: USD 21.40,3,Drugs & ChemicalsDrugs & Chemicals,Cannabis & Hashish,"10g MMB-Chminaca/MMBC powder, 100% Shipping Warranty, NO Signature required","Buy price
USD 40.00

(0.0304 BTC)",Anny2005,"Views: 1084 / Bids: Fixed price
Quantity left: Unlimited","10g MMB-Chminaca/MMBC powder, 100% Shipping Warranty, NO Signature required",Cannabis & Hashish,Synthetic,"10g MMB-Chminaca/MMBC powder, 100% Shipping Warran...","Sold by Anny2005 -
10 sold since Jul 2, 2016Î¾Î¾Vendor Level 5Î¾Trust Level 5",Purchase price: USD 40.00,3,Drugs & ChemicalsDrugs & Chemicals,Cannabis & Hashish,200gr. MMB-C (MMB-CHMINACA),"Buy price
USD 650.00

(0.4944 BTC)",ALaurizen,"Views: 355 / Bids: Fixed price
Quantity left: 98",200gr. MMB-C (MMB-CHMINACA),Cannabis & Hashish,Synthetic,200gr. MMB-C (MMB-CHMINACA),"Sold by ALaurizen -
3 sold since Dec 8, 2015Î¾Î¾Vendor Level 5Î¾Trust Level 6",Purchase price: USD 650.00,5,Drugs & ChemicalsDrugs & Chemicals,Cannabis & Hashish,custom listing deepdark,"Buy price
USD 54.18

(0.0414 BTC)",rgn,null,custom listing deepdark,Cannabis & Hashish,Synthetic,custom listing deepdark,"Sold by rgn -
1 sold since Feb 22, 2017Î¾Î¾Vendor Level 7Î¾Trust Level 6",Purchase price: USD 54.18,7,Drugs & ChemicalsDrugs & Chemicals,Cannabis & Hashish,"Bonzai, 250 Gram FE","Buy price
USD 450.00

(0.3424 BTC)",Amsterdaminc,"Views: 474 / Bids: Fixed price
Quantity left: Unlimited","Bonzai, 250 Gram FE",Cannabis & Hashish,Synthetic,"Bonzai, 250 Gram FE","Sold by Amsterdaminc -
0 sold since Apr 29, 2016Î¾Î¾Vendor Level 8Î¾Trust Level 6",Purchase price: USD 450.00,,Drugs & ChemicalsDrugs & Chemicals,Cannabis & Hashish,500gr. FUB-AKB,"Buy price
USD 1,270.00

(0.9712 BTC)",ALaurizen,"Views: 599 / Bids: Fixed price
Quantity left: Unlimited",500gr. FUB-AKB,Cannabis & Hashish,Synthetic,500gr. FUB-AKB,"Sold by ALaurizen -
1 sold since Jan 11, 2016Î¾Î¾Vendor Level 5Î¾Trust Level 6","Purchase price: USD 1,270.00",7,Drugs & ChemicalsDrugs & Chemicals,Cannabis & Hashish,Š…Ä500g HIGH GRADE SPICE/ synthetic cannabisŠ…ÄSUPERSTRONGŠ…ÄFREE NEXT DAY DELIVERYŠ…ÄUKQUALITYPRODUCT,"Buy price
USD 751.32

(0.5717 BTC)",ukqualityproduct,"Views: 24 / Bids: Fixed price
Quantity left: Unlimited",Š…Ä500g HIGH GRADE SPICE/ synthetic cannabisŠ…ÄSUPERSTRONGŠ…ÄFREE NEXT DAY DELIVERYŠ…ÄUKQUALITYPRODUCT,Cannabis & Hashish,Synthetic,Š…Ä500g HIGH GRADE SPICE/ synthetic cannabisŠ…ÄSUPERST...,"Sold by ukqualityproduct -
0 sold since Apr 16, 2017Î¾Î¾Vendor Level 1Î¾Trust Level 3",Purchase price: USD 751.32,11,Drugs & ChemicalsDrugs & Chemicals,Cannabis & Hashish,28G SPICE - BLUEBERRY BUBBLEGUM,"Buy price
USD 116.70

(0.0888 BTC)",MarioBrothers,"Views: 91 / Bids: Fixed price
Quantity left: Unlimited",28G SPICE - BLUEBERRY BUBBLEGUM,Cannabis & Hashish,Synthetic,28G SPICE - BLUEBERRY BUBBLEGUM,"Sold by MarioBrothers -
0 sold since Feb 25, 2017Î¾Î¾Vendor Level 5Î¾Trust Level 4",Purchase price: USD 116.70,11,Drugs & ChemicalsDrugs & Chemicals,Cannabis & Hashish,50gram AB-FUBINACA 99% Purity EU Ship,"Buy price
USD 399.35

(0.3039 BTC)",Citra2016,"Views: 269 / Bids: Fixed price
Quantity left: Unlimited",50gram AB-FUBINACA 99% Purity EU Ship,Cannabis & Hashish,Synthetic,50gram AB-FUBINACA 99% Purity EU Ship,"Sold by Citra2016 -
0 sold since Dec 5, 2016Î¾Î¾Vendor Level 4Î¾Trust Level 4",Purchase price: USD 399.35,14,Drugs & ChemicalsDrugs & Chemicals,Cannabis & Hashish,TradeRoute Market - Free Pass to login!!!,"Buy price
USD 0.00

(0.0000 BTC)",oildabber,"Views: 117 / Bids: Fixed price
Quantity left: Unlimited",TradeRoute Market - Free Pass to login!!!,Cannabis & Hashish,Synthetic,TradeRoute Market - Free Pass to login!!!,"Sold by oildabber -
2 sold since Feb 22, 2017Î¾Î¾Vendor Level 3Î¾Trust Level 5",Purchase price: USD 0.00,5,Drugs & ChemicalsDrugs & Chemicals,Cannabis & Hashish,Š…Ä [PROMO] 5mL (0.21%) SAMPLE - CUMYL-5F-PINACA Synthetic Cannabis E-Juice (AS SEEN ON VICE),"Buy price
USD 25.00

(0.0190 BTC)",Holidaze,"Views: 398 / Bids: Fixed price
Quantity left: Unlimited",Š…Ä [PROMO] 5mL (0.21%) SAMPLE - CUMYL-5F-PINACA Synthetic Cannabis E-Juice (AS SEEN ON VICE),Cannabis & Hashish,Synthetic,Š…Ä [PROMO] 5mL (0.21%) SAMPLE - CUMYL-5F-PINACA Syn...,"Sold by Holidaze -
2 sold since Mar 20, 2017Î¾Î¾Vendor Level 4Î¾Trust Level 4",Purchase price: USD 25.00,5,Drugs & ChemicalsDrugs & Chemicals,Cannabis & Hashish,7G SPICE - BLUEBERRY BUBBLEGUM (PROMO PRICE),"Buy price
USD 30.71

(0.0234 BTC)",MarioBrothers,"Views: 898 / Bids: Fixed price
Quantity left: Unlimited",7G SPICE - BLUEBERRY BUBBLEGUM (PROMO PRICE),Cannabis & Hashish,Synthetic,7G SPICE - BLUEBERRY BUBBLEGUM (PROMO PRICE),"Sold by MarioBrothers -
5 sold since Feb 25, 2017Î¾Î¾Vendor Level 5Î¾Trust Level 4",Purchase price: USD 30.71,3,Drugs & ChemicalsDrugs & Chemicals,Cannabis & Hashish,50gr. FUB-AMB (AMB-FUBINACA),"Buy price
USD 340.00

(0.2587 BTC)",ALaurizen,"Views: 552 / Bids: Fixed price
Quantity left: Unlimited",50gr. FUB-AMB (AMB-FUBINACA),Cannabis & Hashish,Synthetic,50gr. FUB-AMB (AMB-FUBINACA),"Sold by ALaurizen -
0 sold since Jan 11, 2016Î¾Î¾Vendor Level 5Î¾Trust Level 6",Purchase price: USD 340.00,9,Drugs & ChemicalsDrugs & Chemicals,Cannabis & Hashish,"Bonzai, 250 gram [Germany]","Buy price
USD 450.00

(0.3424 BTC)",ArthurBishop,"Views: 94 / Bids: Fixed price
Quantity left: Unlimited","Bonzai, 250 gram [Germany]",Cannabis & Hashish,Synthetic,"Bonzai, 250 gram [Germany]","Sold by ArthurBishop -
0 sold since Jan 29, 2017Î¾Î¾Vendor Level 1Î¾Trust Level 3",Purchase price: USD 450.00,14,Drugs & ChemicalsDrugs & Chemicals,Cannabis & Hashish,250g MMBC(MMB-chminaca) hign purity withe powder,"Buy price
USD 720.00

(0.5478 BTC)",orgmanchemical,"Views: 62 / Bids: Fixed price
Quantity left: Unlimited",250g MMBC(MMB-chminaca) hign purity withe powder,Cannabis & Hashish,Synthetic,250g MMBC(MMB-chminaca) hign purity withe powder,"Sold by orgmanchemical -
0 sold since Feb 22, 2017Î¾Î¾Vendor Level 1Î¾Trust Level 3",Purchase price: USD 720.00,14,Drugs & ChemicalsDrugs & Chemicals,Cannabis & Hashish,10gr. MAB-CHMINACA,"Buy price
USD 130.00

(0.0989 BTC)",ALaurizen,"Views: 864 / Bids: Fixed price
Quantity left: Unlimited",10gr. MAB-CHMINACA,Cannabis & Hashish,Synthetic,10gr. MAB-CHMINACA,"Sold by ALaurizen -
2 sold since Jan 11, 2016Î¾Î¾Vendor Level 5Î¾Trust Level 6",Purchase price: USD 130.00,5,Drugs & ChemicalsDrugs & Chemicals,Cannabis & Hashish,"Bonzai, 100 gram [Germany]","Buy price
USD 200.00

(0.1522 BTC)",ArthurBishop,"Views: 90 / Bids: Fixed price
Quantity left: Unlimited","Bonzai, 100 gram [Germany]",Cannabis & Hashish,Synthetic,"Bonzai, 100 gram [Germany]","Sold by ArthurBishop -
0 sold since Jan 29, 2017Î¾Î¾Vendor Level 1Î¾Trust Level 3",Purchase price: USD 200.00,12,Drugs & ChemicalsDrugs & Chemicals,Cannabis & Hashish,"Bonzai, 1000 Gram ESCROW","Buy price
USD 1,650.00

(1.2618 BTC)",Amsterdaminc,null,"Bonzai, 1000 Gram ESCROW",Cannabis & Hashish,Synthetic,"Bonzai, 1000 Gram ESCROW","Sold by Amsterdaminc -
0 sold since May 14, 2016Î¾Î¾Vendor Level 8Î¾Trust Level 6","Purchase price: USD 1,650.00",13,Drugs & ChemicalsDrugs & Chemicals,Cannabis & Hashish,"Synthetic Weed, 1000 Grams  [USA ETC]","Buy price
USD 1,650.00

(1.2554 BTC)",Yourdrug,null,"Synthetic Weed, 1000 Grams  [USA ETC]",Cannabis & Hashish,Synthetic,"Synthetic Weed, 1000 Grams  [USA ETC]","Sold by Yourdrug -
0 sold since Dec 24, 2016Î¾Î¾Vendor Level 10Î¾Trust Level 10","Purchase price: USD 1,650.00",12,Drugs & ChemicalsDrugs & Chemicals,Cannabis & Hashish,"100g MMB-Chminaca/MMBC powder, 100% Shipping Warranty, NO Signature required","Buy price
USD 200.00

(0.1522 BTC)",Anny2005,"Views: 317 / Bids: Fixed price
Quantity left: Unlimited","100g MMB-Chminaca/MMBC powder, 100% Shipping Warranty, NO Signature required",Cannabis & Hashish,Synthetic,"100g MMB-Chminaca/MMBC powder, 100% Shipping Warra...","Sold by Anny2005 -
0 sold since Jul 2, 2016Î¾Î¾Vendor Level 5Î¾Trust Level 5",Purchase price: USD 200.00,9,Drugs & ChemicalsDrugs & Chemicals,Cannabis & Hashish,Strong Herbal Incense - 448 Grams (1 LB),"Buy price
USD 1,150.00

(0.8794 BTC)",herbalsupply,"Views: 621 / Bids: Fixed price
Quantity left: Unlimited",Strong Herbal Incense - 448 Grams (1 LB),Cannabis & Hashish,Synthetic,Strong Herbal Incense - 448 Grams (1 LB),"Sold by herbalsupply -
0 sold since Jan 8, 2016Î¾Î¾Vendor Level 1Î¾Trust Level 4","Purchase price: USD 1,150.00",13,Drugs & ChemicalsDrugs & Chemicals,Cannabis & Hashish,Š…Ä150g HIGH GRADE SPICE/ synthetic cannabisŠ…ÄSUPERSTRONGŠ…ÄFREE NEXT DAY DELIVERYŠ…ÄUKQUALITYPRODUCT,"Buy price
USD 400.70

(0.3049 BTC)",ukqualityproduct,"Views: 27 / Bids: Fixed price
Quantity left: Unlimited",Š…Ä150g HIGH GRADE SPICE/ synthetic cannabisŠ…ÄSUPERSTRONGŠ…ÄFREE NEXT DAY DELIVERYŠ…ÄUKQUALITYPRODUCT,Cannabis & Hashish,Synthetic,Š…Ä150g HIGH GRADE SPICE/ synthetic cannabisŠ…ÄSUPERST...,"Sold by ukqualityproduct -
0 sold since Apr 16, 2017Î¾Î¾Vendor Level 1Î¾Trust Level 3",Purchase price: USD 400.70,11,Drugs & ChemicalsDrugs & Chemicals,Cannabis & Hashish,"Bonzai, 50 Gram ESCROW","Buy price
USD 121.00

(0.0921 BTC)",Amsterdaminc,null,"Bonzai, 50 Gram ESCROW",Cannabis & Hashish,Synthetic,"Bonzai, 50 Gram ESCROW","Sold by Amsterdaminc -
1 sold since Apr 29, 2016Î¾Î¾Vendor Level 8Î¾Trust Level 6",Purchase price: USD 121.00,8,Drugs & ChemicalsDrugs & Chemicals,Cannabis & Hashish,"Take a Hit   Sample  ""Liberty Liquids""    Special-Liquid   free shipping Escrow","Buy price
USD 5.00

(0.0038 BTC)",Liberty-Liquids,"Views: 794 / Bids: Fixed price
Quantity left: Unlimited","Take a Hit   Sample  ""Liberty Liquids""    Special-Liquid   free shipping Escrow",Cannabis & Hashish,Synthetic,"Take a Hit   Sample  ""Liberty Liquids""  ...","Sold by Liberty-Liquids -
19 sold since Sep 24, 2016Î¾Î¾Vendor Level 1Î¾Trust Level 4",Purchase price: USD 5.00,2,Drugs & ChemicalsDrugs & Chemicals,Cannabis & Hashish,Š…Ä1.75g HIGH GRADE SPICE/ synthetic cannabisŠ…ÄSUPERSTRONGŠ…ÄFREE NEXT DAY DELIVERYŠ…ÄUKQUALITYPRODUCT,"Buy price
USD 6.26

(0.0048 BTC)",ukqualityproduct,"Views: 43 / Bids: Fixed price
Quantity left: Unlimited",Š…Ä1.75g HIGH GRADE SPICE/ synthetic cannabisŠ…ÄSUPERSTRONGŠ…ÄFREE NEXT DAY DELIVERYŠ…ÄUKQUALITYPRODUCT,Cannabis & Hashish,Synthetic,Š…Ä1.75g HIGH GRADE SPICE/ synthetic cannabisŠ…ÄSUPERS...,"Sold by ukqualityproduct -
1 sold since Apr 15, 2017Î¾Î¾Vendor Level 1Î¾Trust Level 3",Purchase price: USD 6.26,8,Drugs & ChemicalsDrugs & Chemicals,Cannabis & Hashish,"Bonzai, 250 Gram FE [Ger>WW]","Buy price
USD 473.00

(0.3599 BTC)",Amsterdaminc,"Views: 129 / Bids: Fixed price
Quantity left: Unlimited","Bonzai, 250 Gram FE [Ger>WW]",Cannabis & Hashish,Synthetic,"Bonzai, 250 Gram FE [Ger>WW]","Sold by Amsterdaminc -
0 sold since Apr 29, 2016Î¾Î¾Vendor Level 8Î¾Trust Level 6",Purchase price: USD 473.00,12,Drugs & ChemicalsDrugs & Chemicals,Cannabis & Hashish,"200g 5F-ADB(also known as 5F-MDMB-PINACA, the best cannabinoid in the market), 100% Shipping Warranty, NO Signature required for Trackable Parcels","Buy price
USD 550.00

(0.4206 BTC)",Anny2005,"Views: 68 / Bids: Fixed price
Quantity left: Unlimited","200g 5F-ADB(also known as 5F-MDMB-PINACA, the best cannabinoid in the market), 100% Shipping Warranty, NO Signature required for Trackable Parcels",Cannabis & Hashish,Synthetic,"200g 5F-ADB(also known as 5F-MDMB-PINACA, the best...","Sold by Anny2005 -
1 sold since Mar 14, 2017Î¾Î¾Vendor Level 5Î¾Trust Level 5",Purchase price: USD 550.00,7,Drugs & ChemicalsDrugs & Chemicals,Cannabis & Hashish,NM-2201  5 gram,"Buy price
USD 47.92

(0.0365 BTC)",rgn,"Views: 292 / Bids: Fixed price
Quantity left: Unlimited",NM-2201  5 gram,Cannabis & Hashish,Synthetic,NM-2201  5 gram,"Sold by rgn -
1 sold since Dec 6, 2016Î¾Î¾Vendor Level 7Î¾Trust Level 6",Purchase price: USD 47.92,8,Drugs & ChemicalsDrugs & Chemicals,Cannabis & Hashish,New Cannabinoid (Replacement of MMBC AM2201 AKB48) 100g (White powder),"Buy price
USD 400.00

(0.3043 BTC)",orgmanchemical,"Views: 79 / Bids: Fixed price
Quantity left: Unlimited",New Cannabinoid (Replacement of MMBC AM2201 AKB48) 100g (White powder),Cannabis & Hashish,Synthetic,New Cannabinoid (Replacement of MMBC AM2201 AKB48)...,"Sold by orgmanchemical -
0 sold since Feb 22, 2017Î¾Î¾Vendor Level 1Î¾Trust Level 3",Purchase price: USD 400.00,,Drugs & ChemicalsDrugs & Chemicals,Cannabis & Hashish,3.5G SPICE - BLUEBERRY BUBBLEGUM,"Buy price
USD 22.11

(0.0168 BTC)",MarioBrothers,"Views: 91 / Bids: Fixed price
Quantity left: Unlimited",3.5G SPICE - BLUEBERRY BUBBLEGUM,Cannabis & Hashish,Synthetic,3.5G SPICE - BLUEBERRY BUBBLEGUM,"Sold by MarioBrothers -
0 sold since Feb 25, 2017Î¾Î¾Vendor Level 5Î¾Trust Level 4",Purchase price: USD 22.11,9,Drugs & ChemicalsDrugs & Chemicals,Cannabis & Hashish,"Bonzai, 500 gram [Germany]","Buy price
USD 800.00

(0.6087 BTC)",ArthurBishop,"Views: 84 / Bids: Fixed price
Quantity left: Unlimited","Bonzai, 500 gram [Germany]",Cannabis & Hashish,Synthetic,"Bonzai, 500 gram [Germany]","Sold by ArthurBishop -
0 sold since Jan 29, 2017Î¾Î¾Vendor Level 1Î¾Trust Level 3",Purchase price: USD 800.00,12,Drugs & ChemicalsDrugs & Chemicals,Cannabis & Hashish,"Bonzai, 10 Gram FE [Ger>WW]","Buy price
USD 32.00

(0.0243 BTC)",Amsterdaminc,"Views: 795 / Bids: Fixed price
Quantity left: Unlimited","Bonzai, 10 Gram FE [Ger>WW]",Cannabis & Hashish,Synthetic,"Bonzai, 10 Gram FE [Ger>WW]","Sold by Amsterdaminc -
14 sold since Mar 24, 2016Î¾Î¾Vendor Level 8Î¾Trust Level 6",Purchase price: USD 32.00,2,Drugs & ChemicalsDrugs & Chemicals,Cannabis & Hashish,200gr. MAB-CHMINACA,"Buy price
USD 620.00

(0.4716 BTC)",ALaurizen,"Views: 1153 / Bids: Fixed price
Quantity left: Unlimited",200gr. MAB-CHMINACA,Cannabis & Hashish,Synthetic,200gr. MAB-CHMINACA,"Sold by ALaurizen -
8 sold since Jan 11, 2016Î¾Î¾Vendor Level 5Î¾Trust Level 6",Purchase price: USD 620.00,3,Drugs & ChemicalsDrugs & Chemicals,Cannabis & Hashish,200gr. FUB-AMB (AMB-FUBINACA),"Buy price
USD 620.00

(0.4741 BTC)",ALaurizen,"Views: 562 / Bids: Fixed price
Quantity left: Unlimited",200gr. FUB-AMB (AMB-FUBINACA),Cannabis & Hashish,Synthetic,200gr. FUB-AMB (AMB-FUBINACA),"Sold by ALaurizen -
0 sold since Jan 11, 2016Î¾Î¾Vendor Level 5Î¾Trust Level 6",Purchase price: USD 620.00,10,Drugs & ChemicalsDrugs & Chemicals,Cannabis & Hashish,Š…Ä100g HIGH GRADE SPICE/ synthetic cannabisŠ…ÄSUPERSTRONGŠ…ÄFREE NEXT DAY DELIVERYŠ…ÄUKQUALITYPRODUCT,"Buy price
USD 187.83

(0.1429 BTC)",ukqualityproduct,"Views: 31 / Bids: Fixed price
Quantity left: Unlimited",Š…Ä100g HIGH GRADE SPICE/ synthetic cannabisŠ…ÄSUPERSTRONGŠ…ÄFREE NEXT DAY DELIVERYŠ…ÄUKQUALITYPRODUCT,Cannabis & Hashish,Synthetic,Š…Ä100g HIGH GRADE SPICE/ synthetic cannabisŠ…ÄSUPERST...,"Sold by ukqualityproduct -
1 sold since Apr 16, 2017Î¾Î¾Vendor Level 1Î¾Trust Level 3",Purchase price: USD 187.83,8,Drugs & ChemicalsDrugs & Chemicals,Cannabis & Hashish,100gr. FUB-AKB,"Buy price
USD 470.00

(0.3576 BTC)",ALaurizen,"Views: 578 / Bids: Fixed price
Quantity left: Unlimited",100gr. FUB-AKB,Cannabis & Hashish,Synthetic,100gr. FUB-AKB,"Sold by ALaurizen -
0 sold since Jan 11, 2016Î¾Î¾Vendor Level 5Î¾Trust Level 6",Purchase price: USD 470.00,9,Drugs & ChemicalsDrugs & Chemicals,Cannabis & Hashish,100g MMBC(MMB-chminaca) hign purity withe powder,"Buy price
USD 380.00

(0.2906 BTC)",orgmanchemical,"Views: 62 / Bids: Fixed price
Quantity left: Unlimited",100g MMBC(MMB-chminaca) hign purity withe powder,Cannabis & Hashish,Synthetic,100g MMBC(MMB-chminaca) hign purity withe powder,"Sold by orgmanchemical -
0 sold since Feb 21, 2017Î¾Î¾Vendor Level 1Î¾Trust Level 3",Purchase price: USD 380.00,13,Drugs & ChemicalsDrugs & Chemicals,Cannabis & Hashish,Axa Blends Mint Herbal Incense - 28 Grams,"Buy price
USD 114.00

(0.0867 BTC)",axa,null,Axa Blends Mint Herbal Incense - 28 Grams,Cannabis & Hashish,Synthetic,Axa Blends Mint Herbal Incense - 28 Grams,"Sold by axa -
29 sold since Mar 27, 2016Î¾Î¾Vendor Level 5Î¾Trust Level 6",Purchase price: USD 114.00,2,Drugs & ChemicalsDrugs & Chemicals,Cannabis & Hashish,FUB AMB At Factory Price,"Current price
USD 5.00

(0.0038 BTC)",danren,"Views: 117 / Bids: 0
Quantity left: Unlimited",FUB AMB At Factory Price,Cannabis & Hashish,Synthetic,FUB AMB At Factory Price,"Sold by danren -
0 sold since Mar 8, 2017Î¾Î¾Vendor Level 1Î¾Trust Level 3",Purchase price: USD 0.00,8,Drugs & ChemicalsDrugs & Chemicals,Cannabis & Hashish,BUFF ´__99% pure)White Powder (replacement of Fentanyl)  5g,"Buy price
USD 130.00

(0.0989 BTC)",rcperfect,"Views: 170 / Bids: Fixed price
Quantity left: Unlimited",BUFF ´__99% pure)White Powder (replacement of Fentanyl)  5g,Cannabis & Hashish,Synthetic,BUFF ´__99% pure)White Powder (replacement of Fentan...,"Sold by rcperfect -
3 sold since Feb 15, 2017Î¾Î¾Vendor Level 1Î¾Trust Level 3",Purchase price: USD 130.00,4,Drugs & ChemicalsDrugs & Chemicals,Cannabis & Hashish,200gr. ADB-FUBINACA,"Buy price
USD 620.00

(0.4741 BTC)",ALaurizen,"Views: 580 / Bids: Fixed price
Quantity left: Unlimited",200gr. ADB-FUBINACA,Cannabis & Hashish,Synthetic,200gr. ADB-FUBINACA,"Sold by ALaurizen -
0 sold since Jan 11, 2016Î¾Î¾Vendor Level 5Î¾Trust Level 6",Purchase price: USD 620.00,10,Drugs & ChemicalsDrugs & Chemicals,Cannabis & Hashish,"Bonzai, 50 Gram FE [Ger>WW]","Buy price
USD 116.00

(0.0882 BTC)",Amsterdaminc,"Views: 437 / Bids: Fixed price
Quantity left: Unlimited","Bonzai, 50 Gram FE [Ger>WW]",Cannabis & Hashish,Synthetic,"Bonzai, 50 Gram FE [Ger>WW]","Sold by Amsterdaminc -
8 sold since Mar 24, 2016Î¾Î¾Vendor Level 8Î¾Trust Level 6",Purchase price: USD 116.00,3,Drugs & ChemicalsDrugs & Chemicals,Cannabis & Hashish,20gr. FUB-AKB,"Buy price
USD 230.00

(0.1750 BTC)",ALaurizen,"Views: 595 / Bids: Fixed price
Quantity left: Unlimited",20gr. FUB-AKB,Cannabis & Hashish,Synthetic,20gr. FUB-AKB,"Sold by ALaurizen -
0 sold since Jan 11, 2016Î¾Î¾Vendor Level 5Î¾Trust Level 6",Purchase price: USD 230.00,11,Drugs & ChemicalsDrugs & Chemicals,Cannabis & Hashish,1kg. FUB-AKB,"Buy price
USD 2,170.00

(1.6511 BTC)",ALaurizen,"Views: 593 / Bids: Fixed price
Quantity left: Unlimited",1kg. FUB-AKB,Cannabis & Hashish,Synthetic,1kg. FUB-AKB,"Sold by ALaurizen -
0 sold since Jan 11, 2016Î¾Î¾Vendor Level 5Î¾Trust Level 6","Purchase price: USD 2,170.00",12,Drugs & ChemicalsDrugs & Chemicals,Cannabis & Hashish,500gr. ADB-FUBINACA,"Buy price
USD 1,270.00

(0.9660 BTC)",ALaurizen,"Views: 629 / Bids: Fixed price
Quantity left: Unlimited",500gr. ADB-FUBINACA,Cannabis & Hashish,Synthetic,500gr. ADB-FUBINACA,"Sold by ALaurizen -
2 sold since Jan 11, 2016Î¾Î¾Vendor Level 5Î¾Trust Level 6","Purchase price: USD 1,270.00",6,Drugs & ChemicalsDrugs & Chemicals,Cannabis & Hashish,5F-MDMB-2201  Š…Ä99%Š…ÄŠ…Ä shipping form( EU) PolandŠ…ÄŠ…ÄŠ…Ä 100 grams LEGAL HIGH,"Buy price
USD 449.00

(0.3416 BTC)",POL,"Views: 151 / Bids: Fixed price
Quantity left: Unlimited",5F-MDMB-2201  Š…Ä99%Š…ÄŠ…Ä shipping form( EU) PolandŠ…ÄŠ…ÄŠ…Ä 100 grams LEGAL HIGH,Cannabis & Hashish,Synthetic,5F-MDMB-2201  Š…Ä99%Š…ÄŠ…Ä shipping form( EU) PolandŠ…ÄŠ…ÄŠ…Ä ...,"Sold by POL -
1 sold since Mar 3, 2017Î¾Î¾Vendor Level 5Î¾Trust Level 6",Purchase price: USD 449.00,8,Drugs & ChemicalsDrugs & Chemicals,Cannabis & Hashish,20gr. FUB-AMB (AMB-FUBINACA),"Buy price
USD 230.00

(0.1750 BTC)",ALaurizen,"Views: 543 / Bids: Fixed price
Quantity left: Unlimited",20gr. FUB-AMB (AMB-FUBINACA),Cannabis & Hashish,Synthetic,20gr. FUB-AMB (AMB-FUBINACA),"Sold by ALaurizen -
0 sold since Jan 11, 2016Î¾Î¾Vendor Level 5Î¾Trust Level 6",Purchase price: USD 230.00,12,Drugs & ChemicalsDrugs & Chemicals,Cannabis & Hashish,"Bonzai, 50 Gram FE","Buy price
USD 110.00

(0.0837 BTC)",Amsterdaminc,"Views: 1149 / Bids: Fixed price
Quantity left: Unlimited","Bonzai, 50 Gram FE",Cannabis & Hashish,Synthetic,"Bonzai, 50 Gram FE","Sold by Amsterdaminc -
22 sold since Mar 24, 2016Î¾Î¾Vendor Level 8Î¾Trust Level 6",Purchase price: USD 110.00,2,Drugs & ChemicalsDrugs & Chemicals,Cannabis & Hashish,10gr. FUB-AMB (AMB-FUBINACA),"Buy price
USD 130.00

(0.0989 BTC)",ALaurizen,"Views: 687 / Bids: Fixed price
Quantity left: Unlimited",10gr. FUB-AMB (AMB-FUBINACA),Cannabis & Hashish,Synthetic,10gr. FUB-AMB (AMB-FUBINACA),"Sold by ALaurizen -
1 sold since Jan 11, 2016Î¾Î¾Vendor Level 5Î¾Trust Level 6",Purchase price: USD 130.00,8,Drugs & ChemicalsDrugs & Chemicals,Cannabis & Hashish,1 g MPT Fumarate,"Buy price
USD 40.00

(0.0304 BTC)",ion8,"Views: 87 / Bids: Fixed price
Quantity left: Unlimited",1 g MPT Fumarate,Cannabis & Hashish,Synthetic,1 g MPT Fumarate,"Sold by ion8 -
0 sold since Feb 20, 2017Î¾Î¾Vendor Level 4Î¾Trust Level 6",Purchase price: USD 40.00,14,Drugs & ChemicalsDrugs & Chemicals,Cannabis & Hashish,High Quality - Ready to Smoke - Weed - 28 Grams,"Buy price
USD 49.50

(0.0377 BTC)",Wilkins21,"Views: 88 / Bids: Fixed price
Quantity left: 16",High Quality - Ready to Smoke - Weed - 28 Grams,Cannabis & Hashish,Synthetic,High Quality - Ready to Smoke - Weed - 28 Grams,"Sold by Wilkins21 -
0 sold since Apr 19, 2017Î¾Î¾Vendor Level 1Î¾Trust Level 4",Purchase price: USD 49.50,9,Drugs & ChemicalsDrugs & Chemicals,Cannabis & Hashish,Strong Herbal Incense - 224 Grams (1/2 LB),"Buy price
USD 650.00

(0.4946 BTC)",herbalsupply,"Views: 619 / Bids: Fixed price
Quantity left: Unlimited",Strong Herbal Incense - 224 Grams (1/2 LB),Cannabis & Hashish,Synthetic,Strong Herbal Incense - 224 Grams (1/2 LB),"Sold by herbalsupply -
0 sold since Jan 8, 2016Î¾Î¾Vendor Level 1Î¾Trust Level 4",Purchase price: USD 650.00,,Drugs & ChemicalsDrugs & Chemicals,Cannabis & Hashish,"Bonzai, 500 Gram FE","Buy price
USD 800.00

(0.6087 BTC)",Amsterdaminc,"Views: 457 / Bids: Fixed price
Quantity left: Unlimited","Bonzai, 500 Gram FE",Cannabis & Hashish,Synthetic,"Bonzai, 500 Gram FE","Sold by Amsterdaminc -
0 sold since May 14, 2016Î¾Î¾Vendor Level 8Î¾Trust Level 6",Purchase price: USD 800.00,9,Drugs & ChemicalsDrugs & Chemicals,Cannabis & Hashish,"500g MMB-Chminaca/MMBC powder, 100% Shipping Warranty, NO Signature required","Buy price
USD 900.00

(0.6846 BTC)",Anny2005,"Views: 451 / Bids: Fixed price
Quantity left: Unlimited","500g MMB-Chminaca/MMBC powder, 100% Shipping Warranty, NO Signature required",Cannabis & Hashish,Synthetic,"500g MMB-Chminaca/MMBC powder, 100% Shipping Warra...","Sold by Anny2005 -
5 sold since Jul 2, 2016Î¾Î¾Vendor Level 5Î¾Trust Level 5",Purchase price: USD 900.00,4,Drugs & Chemicals