category_link,subcategory_link,listing_title,listing_price,listing_vendor,listing_item,listing_link,subcategory_id,subcategory2_id,detail_name,detail_qty_sold,detail_price,pagination_link,category_idDrugs & Chemicals,Ecstasy,500g Thirtylone Crystal,"Buy price
USD 1,900.00

(1.5317 BTC)",TheMailMan,"Views: 733 / Bids: Fixed price
Quantity left: Unlimited",500g Thirtylone Crystal,Ecstasy,Methylone & BK,500g Thirtylone Crystal,"Sold by TheMailMan -
1 sold since Nov 3, 2015Î¾Î¾Vendor Level 8Î¾Trust Level 7","Purchase price: USD 1,900.00",6,Drugs & ChemicalsDrugs & Chemicals,Ecstasy,"Flephedrone(4-FMC, 4-Fluoromethcathinone)","Buy price
USD 600.00

(0.4837 BTC)",Gunmerchant,"Views: 103 / Bids: Fixed price
Quantity left: Unlimited","Flephedrone(4-FMC, 4-Fluoromethcathinone)",Ecstasy,Methylone & BK,"Flephedrone(4-FMC, 4-Fluoromethcathinone)","Sold by Gunmerchant -
0 sold since Jan 26, 2017Î¾Î¾Vendor Level 1Î¾Trust Level 3",Purchase price: USD 600.00,9,Drugs & ChemicalsDrugs & Chemicals,Ecstasy,"A-PVP 5g grams  (lab quality, 99.9% purity)","Buy price
USD 70.00

(0.0565 BTC)",isteroids,null,"A-PVP 5g grams  (lab quality, 99.9% purity)",Ecstasy,Methylone & BK,"A-PVP 5g grams  (lab quality, 99.9% purity)","Sold by isteroids -
2 sold since Jan 10, 2017Î¾Î¾Vendor Level 7Î¾Trust Level 6",Purchase price: USD 70.00,5,Drugs & ChemicalsDrugs & Chemicals,Ecstasy,25g Methylone,"Buy price
USD 205.00

(0.1653 BTC)",ticfent,"Views: 106 / Bids: Fixed price
Quantity left: Unlimited",25g Methylone,Ecstasy,Methylone & BK,25g Methylone,"Sold by ticfent -
1 sold since Mar 7, 2017Î¾Î¾Vendor Level 1Î¾Trust Level 6",Purchase price: USD 205.00,7,Drugs & ChemicalsDrugs & Chemicals,Ecstasy,1g 5-MethoxyMethylone (2-A1MP) Crystal [Replaces Methylone],"Buy price
USD 17.00

(0.0137 BTC)",BenzoChems,"Views: 548 / Bids: Fixed price
Quantity left: Unlimited",1g 5-MethoxyMethylone (2-A1MP) Crystal [Replaces Methylone],Ecstasy,Methylone & BK,1g 5-MethoxyMethylone (2-A1MP) Crystal [Replaces M...,"Sold by BenzoChems -
8 sold since Sep 4, 2016Î¾Î¾Vendor Level 8Î¾Trust Level 6",Purchase price: USD 17.00,2,Drugs & ChemicalsDrugs & Chemicals,Ecstasy,500g  2-A1MP / BK-MMDMA,"Buy price
USD 2,000.00

(1.6123 BTC)",RcQueen,null,500g  2-A1MP / BK-MMDMA,Ecstasy,Methylone & BK,500g  2-A1MP / BK-MMDMA,"Sold by RcQueen -
0 sold since Feb 12, 2016Î¾Î¾Vendor Level 10Î¾Trust Level 9","Purchase price: USD 2,000.00",,Drugs & ChemicalsDrugs & Chemicals,Ecstasy,50g crystal 3-mmc,"Buy price
USD 325.00

(0.2620 BTC)",ticfent,"Views: 20 / Bids: Fixed price
Quantity left: Unlimited",50g crystal 3-mmc,Ecstasy,Methylone & BK,50g crystal 3-mmc,"Sold by ticfent -
0 sold since Mar 29, 2017Î¾Î¾Vendor Level 1Î¾Trust Level 6",Purchase price: USD 325.00,,Drugs & ChemicalsDrugs & Chemicals,Ecstasy,"Hot Product! 200g Ephylone/bk-EBDP/bk-EPEP  brown crystal, the best replacement of Methylone and Ethylone crystal!","Buy price
USD 380.00

(0.3065 BTC)",Anny2005,"Views: 549 / Bids: Fixed price
Quantity left: Unlimited","Hot Product! 200g Ephylone/bk-EBDP/bk-EPEP  brown crystal, the best replacement of Methylone and Ethylone crystal!",Ecstasy,Methylone & BK,Hot Product! 200g Ephylone/bk-EBDP/bk-EPEP  brown ...,"Sold by Anny2005 -
5 sold since Jul 7, 2016Î¾Î¾Vendor Level 5Î¾Trust Level 5",Purchase price: USD 380.00,3,Drugs & ChemicalsDrugs & Chemicals,Ecstasy,25g crystal 3-mmc,"Buy price
USD 200.00

(0.1612 BTC)",ticfent,"Views: 20 / Bids: Fixed price
Quantity left: Unlimited",25g crystal 3-mmc,Ecstasy,Methylone & BK,25g crystal 3-mmc,"Sold by ticfent -
0 sold since Mar 29, 2017Î¾Î¾Vendor Level 1Î¾Trust Level 6",Purchase price: USD 200.00,10,Drugs & ChemicalsDrugs & Chemicals,Ecstasy,Dibutylone   250 grams  100% SHIPPING WARRANTY,"Buy price
USD 450.00

(0.3628 BTC)",isteroids,"Views: 175 / Bids: Fixed price
Quantity left: Unlimited",Dibutylone   250 grams  100% SHIPPING WARRANTY,Ecstasy,Methylone & BK,Dibutylone   250 grams  100% SHIPPING WARRANTY,"Sold by isteroids -
1 sold since Jan 4, 2017Î¾Î¾Vendor Level 7Î¾Trust Level 6",Purchase price: USD 450.00,7,Drugs & ChemicalsDrugs & Chemicals,Ecstasy,MDMB-FUBINACA 250 grams,"Buy price
USD 600.00

(0.4839 BTC)",isteroids,null,MDMB-FUBINACA 250 grams,Ecstasy,Methylone & BK,MDMB-FUBINACA 250 grams,"Sold by isteroids -
4 sold since May 17, 2016Î¾Î¾Vendor Level 7Î¾Trust Level 6",Purchase price: USD 600.00,3,Drugs & ChemicalsDrugs & Chemicals,Ecstasy,3.5 Grams 99.8% pure BK-MDMA / Methylone - Rare MDMA analogue / BetaKetone of MDMA. Awesome stuff. PASSES DRUG TESTS :),"Buy price
USD 264.84

(0.2136 BTC)",Moosemate,"Views: 168 / Bids: Fixed price
Quantity left: 6",3.5 Grams 99.8% pure BK-MDMA / Methylone - Rare MDMA analogue / BetaKetone of MDMA. Awesome stuff. PASSES DRUG TESTS :),Ecstasy,Methylone & BK,3.5 Grams 99.8% pure BK-MDMA / Methylone - Rare MD...,"Sold by Moosemate -
2 sold since Feb 22, 2017Î¾Î¾Vendor Level 2Î¾Trust Level 5",Purchase price: USD 264.84,5,Drugs & ChemicalsDrugs & Chemicals,Ecstasy,"5g Dibutylone ´__bk-DMBDB,high quality) White or Brown Crystal(the lowest cost)","Buy price
USD 30.00

(0.0242 BTC)",rcperfect,"Views: 99 / Bids: Fixed price
Quantity left: Unlimited","5g Dibutylone ´__bk-DMBDB,high quality) White or Brown Crystal(the lowest cost)",Ecstasy,Methylone & BK,"5g Dibutylone ´__bk-DMBDB,high quality) White or Bro...","Sold by rcperfect -
0 sold since Feb 20, 2017Î¾Î¾Vendor Level 1Î¾Trust Level 3",Purchase price: USD 30.00,,Drugs & ChemicalsDrugs & Chemicals,Ecstasy,MMBC  50  grams  (The best cannabis on Market),"Buy price
USD 150.00

(0.1210 BTC)",isteroids,"Views: 604 / Bids: Fixed price
Quantity left: Unlimited",MMBC  50  grams  (The best cannabis on Market),Ecstasy,Methylone & BK,MMBC  50  grams  (The best cannabis on Market),"Sold by isteroids -
7 sold since Jul 5, 2016Î¾Î¾Vendor Level 7Î¾Trust Level 6",Purchase price: USD 150.00,2,Drugs & ChemicalsDrugs & Chemicals,Ecstasy,"1000g Dibutylone white crystal, 100% Shipping Warranty, NO Signature required","Buy price
USD 1,350.00

(1.0887 BTC)",Anny2005,"Views: 495 / Bids: Fixed price
Quantity left: Unlimited","1000g Dibutylone white crystal, 100% Shipping Warranty, NO Signature required",Ecstasy,Methylone & BK,"1000g Dibutylone white crystal, 100% Shipping Warr...","Sold by Anny2005 -
2 sold since Jul 2, 2016Î¾Î¾Vendor Level 5Î¾Trust Level 5","Purchase price: USD 1,350.00",5,Drugs & ChemicalsDrugs & Chemicals,Ecstasy,25g 5-Methoxy-Methylone (2-A1MP) Crystal [Replaces Methylone],"Buy price
USD 177.00

(0.1427 BTC)",BenzoChems,"Views: 209 / Bids: Fixed price
Quantity left: Unlimited",25g 5-Methoxy-Methylone (2-A1MP) Crystal [Replaces Methylone],Ecstasy,Methylone & BK,25g 5-Methoxy-Methylone (2-A1MP) Crystal [Replaces...,"Sold by BenzoChems -
1 sold since Oct 11, 2016Î¾Î¾Vendor Level 8Î¾Trust Level 6",Purchase price: USD 177.00,6,Drugs & ChemicalsDrugs & Chemicals,Ecstasy,Ephylone(BK-EBDP) 500 grams(100% SHIPPING WARRANTY),"Buy price
USD 900.00

(0.7255 BTC)",isteroids,null,Ephylone(BK-EBDP) 500 grams(100% SHIPPING WARRANTY),Ecstasy,Methylone & BK,Ephylone(BK-EBDP) 500 grams(100% SHIPPING WARRANTY...,"Sold by isteroids -
1 sold since Jan 3, 2017Î¾Î¾Vendor Level 7Î¾Trust Level 6",Purchase price: USD 900.00,6,Drugs & ChemicalsDrugs & Chemicals,Ecstasy,"A-PVP 100 grams  (lab quality, 99.9% purity)","Buy price
USD 400.00

(0.3226 BTC)",isteroids,"Views: 282 / Bids: Fixed price
Quantity left: Unlimited","A-PVP 100 grams  (lab quality, 99.9% purity)",Ecstasy,Methylone & BK,"A-PVP 100 grams  (lab quality, 99.9% purity)","Sold by isteroids -
3 sold since Dec 30, 2016Î¾Î¾Vendor Level 7Î¾Trust Level 6",Purchase price: USD 400.00,4,Drugs & ChemicalsDrugs & Chemicals,Ecstasy,25g BK-EPDB Crystal,"Buy price
USD 127.00

(0.1024 BTC)",BenzoChems,"Views: 214 / Bids: Fixed price
Quantity left: Unlimited",25g BK-EPDB Crystal,Ecstasy,Methylone & BK,25g BK-EPDB Crystal,"Sold by BenzoChems -
0 sold since Oct 18, 2016Î¾Î¾Vendor Level 8Î¾Trust Level 6",Purchase price: USD 127.00,11,Drugs & ChemicalsDrugs & Chemicals,Ecstasy,10 MR. PILLS - 220MG - IPHONE - RED - METHYLONA - HIGH QUALITY,"Buy price
USD 29.90

(0.0241 BTC)",mr.pills,"Views: 533 / Bids: Fixed price
Quantity left: Unlimited",10 MR. PILLS - 220MG - IPHONE - RED - METHYLONA - HIGH QUALITY,Ecstasy,Methylone & BK,10 MR. PILLS - 220MG - IPHONE - RED - METHYLONA - ...,"Sold by mr.pills -
6 sold since Aug 24, 2016Î¾Î¾Vendor Level 3Î¾Trust Level 5",Purchase price: USD 29.90,3,Drugs & ChemicalsDrugs & Chemicals,Ecstasy,100g Di-Ethylone [Š“_ EMS TRACKED ][Š“_FROM CHINA]  [ FE 50%],"Buy price
USD 400.00

(0.3225 BTC)",littlegoblin,null,100g Di-Ethylone [Š“_ EMS TRACKED ][Š“_FROM CHINA]  [ FE 50%],Ecstasy,Methylone & BK,100g Di-Ethylone [Š“_ EMS TRACKED ][Š“_FROM CHINA]  [ ...,"Sold by littlegoblin -
1 sold since Feb 15, 2016Î¾Î¾Vendor Level 7Î¾Trust Level 7",Purchase price: USD 400.00,7,Drugs & ChemicalsDrugs & Chemicals,Ecstasy,U-47700 500 grams(100% SHIPPING WARRANTY),"Buy price
USD 3,200.00

(2.5797 BTC)",isteroids,null,U-47700 500 grams(100% SHIPPING WARRANTY),Ecstasy,Methylone & BK,U-47700 500 grams(100% SHIPPING WARRANTY),"Sold by isteroids -
0 sold since Jan 29, 2017Î¾Î¾Vendor Level 7Î¾Trust Level 6","Purchase price: USD 3,200.00",8,Drugs & ChemicalsDrugs & Chemicals,Ecstasy,3kg Ephylone/bk-EBDP/bk-EPDP brown crystal,"Buy price
USD 4,350.00

(3.5068 BTC)",Anny2005,"Views: 64 / Bids: Fixed price
Quantity left: Unlimited",3kg Ephylone/bk-EBDP/bk-EPDP brown crystal,Ecstasy,Methylone & BK,3kg Ephylone/bk-EBDP/bk-EPDP brown crystal,"Sold by Anny2005 -
1 sold since Mar 25, 2017Î¾Î¾Vendor Level 5Î¾Trust Level 5","Purchase price: USD 4,350.00",6,Drugs & ChemicalsDrugs & Chemicals,Ecstasy,50g Di-Ethylone [Š“_FROM EUROPE],"Buy price
USD 250.00

(0.2015 BTC)",littlegoblin,null,50g Di-Ethylone [Š“_FROM EUROPE],Ecstasy,Methylone & BK,50g Di-Ethylone [Š“_FROM EUROPE],"Sold by littlegoblin -
0 sold since Sep 12, 2016Î¾Î¾Vendor Level 7Î¾Trust Level 7",Purchase price: USD 250.00,10,Drugs & ChemicalsDrugs & Chemicals,Ecstasy,100g BK-EPDB Crystal,"Buy price
USD 397.00

(0.3200 BTC)",BenzoChems,"Views: 190 / Bids: Fixed price
Quantity left: Unlimited",100g BK-EPDB Crystal,Ecstasy,Methylone & BK,100g BK-EPDB Crystal,"Sold by BenzoChems -
0 sold since Oct 18, 2016Î¾Î¾Vendor Level 8Î¾Trust Level 6",Purchase price: USD 397.00,11,Drugs & ChemicalsDrugs & Chemicals,Ecstasy,Ephylone(BK-EBDP) 300 grams(100% SHIPPING WARRANTY),"Buy price
USD 650.00

(0.5240 BTC)",isteroids,null,Ephylone(BK-EBDP) 300 grams(100% SHIPPING WARRANTY),Ecstasy,Methylone & BK,Ephylone(BK-EBDP) 300 grams(100% SHIPPING WARRANTY...,"Sold by isteroids -
0 sold since Jan 3, 2017Î¾Î¾Vendor Level 7Î¾Trust Level 6",Purchase price: USD 650.00,8,Drugs & ChemicalsDrugs & Chemicals,Ecstasy,10g Methylone,"Buy price
USD 130.00

(0.1048 BTC)",ticfent,"Views: 84 / Bids: Fixed price
Quantity left: Unlimited",10g Methylone,Ecstasy,Methylone & BK,10g Methylone,"Sold by ticfent -
0 sold since Mar 7, 2017Î¾Î¾Vendor Level 1Î¾Trust Level 6",Purchase price: USD 130.00,9,Drugs & ChemicalsDrugs & Chemicals,Ecstasy,Hex-En (Ethyl-Hexedrone)100 grams,"Buy price
USD 290.00

(0.2339 BTC)",isteroids,"Views: 928 / Bids: Fixed price
Quantity left: Unlimited",Hex-En (Ethyl-Hexedrone)100 grams,Ecstasy,Methylone & BK,Hex-En (Ethyl-Hexedrone)100 grams,"Sold by isteroids -
5 sold since Jul 19, 2016Î¾Î¾Vendor Level 7Î¾Trust Level 6",Purchase price: USD 290.00,3,Drugs & ChemicalsDrugs & Chemicals,Ecstasy,"NM-2201  25grams ((replacement AM-2201,JWH-018,AKB48,AB-CHMINACA)","Buy price
USD 100.00

(0.0806 BTC)",isteroids,"Views: 245 / Bids: Fixed price
Quantity left: Unlimited","NM-2201  25grams ((replacement AM-2201,JWH-018,AKB48,AB-CHMINACA)",Ecstasy,Methylone & BK,"NM-2201  25grams ((replacement AM-2201,JWH-018,AKB...","Sold by isteroids -
1 sold since Nov 15, 2016Î¾Î¾Vendor Level 7Î¾Trust Level 6",Purchase price: USD 100.00,7,Drugs & ChemicalsDrugs & Chemicals,Ecstasy,500g Methylone,"Buy price
USD 1,500.00

(1.2092 BTC)",ticfent,"Views: 57 / Bids: Fixed price
Quantity left: Unlimited",500g Methylone,Ecstasy,Methylone & BK,500g Methylone,"Sold by ticfent -
0 sold since Mar 7, 2017Î¾Î¾Vendor Level 1Î¾Trust Level 6","Purchase price: USD 1,500.00",8,Drugs & ChemicalsDrugs & Chemicals,Ecstasy,"ADB-PINACA  1600  grams  (The best cannabis on Market)  100% SHIPPING WARRANTY,  99% PURITY","Buy price
USD 2,400.00

(1.9348 BTC)",isteroids,null,"ADB-PINACA  1600  grams  (The best cannabis on Market)  100% SHIPPING WARRANTY,  99% PURITY",Ecstasy,Methylone & BK,ADB-PINACA  1600  grams  (The best cannabis on Mar...,"Sold by isteroids -
0 sold since Jul 30, 2016Î¾Î¾Vendor Level 7Î¾Trust Level 6","Purchase price: USD 2,400.00",7,Drugs & ChemicalsDrugs & Chemicals,Ecstasy,10g  A-PVP White or Pale Yellow Crystal,"Buy price
USD 55.00

(0.0444 BTC)",rcperfect,"Views: 320 / Bids: Fixed price
Quantity left: Unlimited",10g  A-PVP White or Pale Yellow Crystal,Ecstasy,Methylone & BK,10g  A-PVP White or Pale Yellow Crystal,"Sold by rcperfect -
10 sold since Feb 15, 2017Î¾Î¾Vendor Level 1Î¾Trust Level 3",Purchase price: USD 55.00,2,Drugs & ChemicalsDrugs & Chemicals,Ecstasy,1KG Ephylone (BK-EBDP),"Buy price
USD 1,800.00

(1.4517 BTC)",SoulDark,"Views: 1926 / Bids: Fixed price
Quantity left: Unlimited",1KG Ephylone (BK-EBDP),Ecstasy,Methylone & BK,1KG Ephylone (BK-EBDP),"Sold by SoulDark -
13 sold since Feb 23, 2016Î¾Î¾Vendor Level 2Î¾Trust Level 6","Purchase price: USD 1,800.00",2,Drugs & ChemicalsDrugs & Chemicals,Ecstasy,"5g Dibutylone ´__bk-DMBDB,99% pure) White or Brown Crystal","Buy price
USD 30.00

(0.0242 BTC)",rcperfect,"Views: 112 / Bids: Fixed price
Quantity left: Unlimited","5g Dibutylone ´__bk-DMBDB,99% pure) White or Brown Crystal",Ecstasy,Methylone & BK,"5g Dibutylone ´__bk-DMBDB,99% pure) White or Brown C...","Sold by rcperfect -
2 sold since Feb 15, 2017Î¾Î¾Vendor Level 1Î¾Trust Level 3",Purchase price: USD 30.00,4,Drugs & ChemicalsDrugs & Chemicals,Ecstasy,"10g Dibutylone brown crystal, 100% reshipp if detained by customs, No Signature required for parcel delivered!","Buy price
USD 30.00

(0.0242 BTC)",Anny2005,"Views: 423 / Bids: Fixed price
Quantity left: Unlimited","10g Dibutylone brown crystal, 100% reshipp if detained by customs, No Signature required for parcel delivered!",Ecstasy,Methylone & BK,"10g Dibutylone brown crystal, 100% reshipp if deta...","Sold by Anny2005 -
1 sold since Jul 6, 2016Î¾Î¾Vendor Level 5Î¾Trust Level 5",Purchase price: USD 30.00,6,Drugs & ChemicalsDrugs & Chemicals,Ecstasy,1gr. Methylone,"Buy price
USD 30.00

(0.0242 BTC)",Thetruth101,"Views: 274 / Bids: Fixed price
Quantity left: Unlimited",1gr. Methylone,Ecstasy,Methylone & BK,1gr. Methylone,"Sold by Thetruth101 -
1 sold since Jun 14, 2016Î¾Î¾Vendor Level 1Î¾Trust Level 5",Purchase price: USD 30.00,6,Drugs & ChemicalsDrugs & Chemicals,Ecstasy,100g crystal 3-mmc,"Buy price
USD 550.00

(0.4434 BTC)",ticfent,"Views: 31 / Bids: Fixed price
Quantity left: Unlimited",100g crystal 3-mmc,Ecstasy,Methylone & BK,100g crystal 3-mmc,"Sold by ticfent -
0 sold since Mar 29, 2017Î¾Î¾Vendor Level 1Î¾Trust Level 6",Purchase price: USD 550.00,11,Drugs & ChemicalsDrugs & Chemicals,Ecstasy,10gr. Dibutylone -99%pure Low price for first 5 people,"Buy price
USD 120.00

(0.0967 BTC)",Thetruth101,"Views: 182 / Bids: Fixed price
Quantity left: Unlimited",10gr. Dibutylone -99%pure Low price for first 5 people,Ecstasy,Methylone & BK,10gr. Dibutylone -99%pure Low price for first 5 pe...,"Sold by Thetruth101 -
0 sold since May 5, 2016Î¾Î¾Vendor Level 1Î¾Trust Level 5",Purchase price: USD 120.00,8,Drugs & ChemicalsDrugs & Chemicals,Ecstasy,20gr. Dibutylone (similar as Methylone),"Buy price
USD 190.00

(0.1532 BTC)",ALaurizen,"Views: 528 / Bids: Fixed price
Quantity left: Unlimited",20gr. Dibutylone (similar as Methylone),Ecstasy,Methylone & BK,20gr. Dibutylone (similar as Methylone),"Sold by ALaurizen -
0 sold since Jan 11, 2016Î¾Î¾Vendor Level 5Î¾Trust Level 6",Purchase price: USD 190.00,,Drugs & ChemicalsDrugs & Chemicals,Ecstasy,U-47700  5 grams(replacement of AH-7921) 100% shipping warranty,"Buy price
USD 90.00

(0.0726 BTC)",isteroids,"Views: 152 / Bids: Fixed price
Quantity left: Unlimited",U-47700  5 grams(replacement of AH-7921) 100% shipping warranty,Ecstasy,Methylone & BK,U-47700  5 grams(replacement of AH-7921) 100% ship...,"Sold by isteroids -
0 sold since Dec 29, 2016Î¾Î¾Vendor Level 7Î¾Trust Level 6",Purchase price: USD 90.00,8,Drugs & ChemicalsDrugs & Chemicals,Ecstasy,BK-EBDP US DOMESTIC 1g,"Buy price
USD 21.00

(0.0169 BTC)",rompster,"Views: 385 / Bids: Fixed price
Quantity left: Unlimited",BK-EBDP US DOMESTIC 1g,Ecstasy,Methylone & BK,BK-EBDP US DOMESTIC 1g,"Sold by rompster -
5 sold since Nov 9, 2016Î¾Î¾Vendor Level 3Î¾Trust Level 4",Purchase price: USD 21.00,3,Drugs & ChemicalsDrugs & Chemicals,Ecstasy,"99.4% pure Methylon B-MDMA $2500/kg, $50/5g sample including postage fee!!","Buy price
USD 50.00

(0.0403 BTC)",fox125,"Views: 29 / Bids: Fixed price
Quantity left: Unlimited","99.4% pure Methylon B-MDMA $2500/kg, $50/5g sample including postage fee!!",Ecstasy,Methylone & BK,"99.4% pure Methylon B-MDMA $2500/kg, $50/5g sample...","Sold by fox125 -
0 sold since Apr 17, 2017Î¾Î¾Vendor Level 1Î¾Trust Level 3",Purchase price: USD 50.00,7,Drugs & ChemicalsDrugs & Chemicals,Ecstasy,podeXAMA! 1000g Methylone 100% A++,"Buy price
USD 2,500.00

(2.0154 BTC)",podeXAMA,"Views: 754 / Bids: Fixed price
Quantity left: Unlimited",podeXAMA! 1000g Methylone 100% A++,Ecstasy,Methylone & BK,podeXAMA! 1000g Methylone 100% A++,"Sold by podeXAMA -
0 sold since Apr 18, 2016Î¾Î¾Vendor Level 1Î¾Trust Level 4","Purchase price: USD 2,500.00",11,Drugs & ChemicalsDrugs & Chemicals,Ecstasy,200gr. Dibutylone (similar as Methylone),"Buy price
USD 550.00

(0.4434 BTC)",ALaurizen,"Views: 519 / Bids: Fixed price
Quantity left: Unlimited",200gr. Dibutylone (similar as Methylone),Ecstasy,Methylone & BK,200gr. Dibutylone (similar as Methylone),"Sold by ALaurizen -
0 sold since Jan 11, 2016Î¾Î¾Vendor Level 5Î¾Trust Level 6",Purchase price: USD 550.00,9,Drugs & ChemicalsDrugs & Chemicals,Ecstasy,"Hot Product! 100g Ephylone/bk-EBDP/bk-EPDP brown crystal, the best replacement of Methylone and Ethylone crystal!","Buy price
USD 200.00

(0.1613 BTC)",Anny2005,"Views: 555 / Bids: Fixed price
Quantity left: Unlimited","Hot Product! 100g Ephylone/bk-EBDP/bk-EPDP brown crystal, the best replacement of Methylone and Ethylone crystal!",Ecstasy,Methylone & BK,Hot Product! 100g Ephylone/bk-EBDP/bk-EPDP brown c...,"Sold by Anny2005 -
3 sold since Jun 29, 2016Î¾Î¾Vendor Level 5Î¾Trust Level 5",Purchase price: USD 200.00,4,Drugs & ChemicalsDrugs & Chemicals,Ecstasy,"1000g Dibutylone brown crystal, 100% Shipping Warranty, NO Signature required","Buy price
USD 1,350.00

(1.0883 BTC)",Anny2005,"Views: 382 / Bids: Fixed price
Quantity left: Unlimited","1000g Dibutylone brown crystal, 100% Shipping Warranty, NO Signature required",Ecstasy,Methylone & BK,"1000g Dibutylone brown crystal, 100% Shipping Warr...","Sold by Anny2005 -
0 sold since Jul 6, 2016Î¾Î¾Vendor Level 5Î¾Trust Level 5","Purchase price: USD 1,350.00",11,Drugs & ChemicalsDrugs & Chemicals,Ecstasy,10g  2-A1MP / BK-MMDMA,"Buy price
USD 90.00

(0.0726 BTC)",RcQueen,null,10g  2-A1MP / BK-MMDMA,Ecstasy,Methylone & BK,10g  2-A1MP / BK-MMDMA,"Sold by RcQueen -
4 sold since Feb 12, 2016Î¾Î¾Vendor Level 10Î¾Trust Level 9",Purchase price: USD 90.00,4,Drugs & ChemicalsDrugs & Chemicals,Ecstasy,Butylone sample 1g USA DOMESTIC,"Buy price
USD 20.00

(0.0161 BTC)",rompster,"Views: 511 / Bids: Fixed price
Quantity left: Unlimited",Butylone sample 1g USA DOMESTIC,Ecstasy,Methylone & BK,Butylone sample 1g USA DOMESTIC,"Sold by rompster -
7 sold since Nov 5, 2016Î¾Î¾Vendor Level 3Î¾Trust Level 4",Purchase price: USD 20.00,2,Drugs & ChemicalsDrugs & Chemicals,Ecstasy,250g Dibutylone (bk-DMBDB) Hign purity Crystal (White and Brown),"Buy price
USD 488.00

(0.3934 BTC)",orgmanchemical,"Views: 61 / Bids: Fixed price
Quantity left: Unlimited",250g Dibutylone (bk-DMBDB) Hign purity Crystal (White and Brown),Ecstasy,Methylone & BK,250g Dibutylone (bk-DMBDB) Hign purity Crystal (Wh...,"Sold by orgmanchemical -
0 sold since Feb 22, 2017Î¾Î¾Vendor Level 1Î¾Trust Level 3",Purchase price: USD 488.00,9,Drugs & ChemicalsDrugs & Chemicals,Ecstasy,1KG Thirtylone Crystal,"Buy price
USD 3,250.00

(2.6211 BTC)",TheMailMan,"Views: 990 / Bids: Fixed price
Quantity left: Unlimited",1KG Thirtylone Crystal,Ecstasy,Methylone & BK,1KG Thirtylone Crystal,"Sold by TheMailMan -
2 sold since Nov 3, 2015Î¾Î¾Vendor Level 8Î¾Trust Level 7","Purchase price: USD 3,250.00",5,Drugs & ChemicalsDrugs & Chemicals,Ecstasy,--BK-MDMA CRISTALS--( 20 Gr),"Buy price
USD 656.47

(0.5292 BTC)",chemicals_spain,"Views: 705 / Bids: Fixed price
Quantity left: Unlimited",--BK-MDMA CRISTALS--( 20 Gr),Ecstasy,Methylone & BK,--BK-MDMA CRISTALS--( 20 Gr),"Sold by chemicals_spain -
1 sold since Sep 27, 2015Î¾Î¾Vendor Level 9Î¾Trust Level 8",Purchase price: USD 656.47,6,Drugs & ChemicalsDrugs & Chemicals,Ecstasy,Dibutylone  500grams  100% SHIPPING WARRANTY,"Buy price
USD 799.00

(0.6444 BTC)",isteroids,null,Dibutylone  500grams  100% SHIPPING WARRANTY,Ecstasy,Methylone & BK,Dibutylone  500grams  100% SHIPPING WARRANTY,"Sold by isteroids -
12 sold since May 19, 2016Î¾Î¾Vendor Level 7Î¾Trust Level 6",Purchase price: USD 799.00,2,Drugs & ChemicalsDrugs & Chemicals,Ecstasy,1kg crystal 3-mmc,"Buy price
USD 2,600.00

(2.0960 BTC)",ticfent,"Views: 24 / Bids: Fixed price
Quantity left: Unlimited",1kg crystal 3-mmc,Ecstasy,Methylone & BK,1kg crystal 3-mmc,"Sold by ticfent -
0 sold since Mar 29, 2017Î¾Î¾Vendor Level 1Î¾Trust Level 6","Purchase price: USD 2,600.00",11,Drugs & ChemicalsDrugs & Chemicals,Ecstasy,"Methedrone (BK-PMMA, Methoxyphedrine)","Buy price
USD 650.00

(0.5240 BTC)",Gunmerchant,"Views: 115 / Bids: Fixed price
Quantity left: Unlimited","Methedrone (BK-PMMA, Methoxyphedrine)",Ecstasy,Methylone & BK,"Methedrone (BK-PMMA, Methoxyphedrine)","Sold by Gunmerchant -
0 sold since Jan 26, 2017Î¾Î¾Vendor Level 1Î¾Trust Level 3",Purchase price: USD 650.00,9,Drugs & ChemicalsDrugs & Chemicals,Ecstasy,"10g ephylone ´__bk-EBDP,99% pure) Brown Crystal","Buy price
USD 50.00

(0.0403 BTC)",rcperfect,"Views: 130 / Bids: Fixed price
Quantity left: Unlimited","10g ephylone ´__bk-EBDP,99% pure) Brown Crystal",Ecstasy,Methylone & BK,"10g ephylone ´__bk-EBDP,99% pure) Brown Crystal","Sold by rcperfect -
1 sold since Feb 15, 2017Î¾Î¾Vendor Level 1Î¾Trust Level 3",Purchase price: USD 50.00,6,Drugs & ChemicalsDrugs & Chemicals,Ecstasy,50gr. Methylone,"Buy price
USD 800.00

(0.6449 BTC)",Thetruth101,"Views: 162 / Bids: Fixed price
Quantity left: Unlimited",50gr. Methylone,Ecstasy,Methylone & BK,50gr. Methylone,"Sold by Thetruth101 -
0 sold since Jun 14, 2016Î¾Î¾Vendor Level 1Î¾Trust Level 5",Purchase price: USD 800.00,10,Drugs & ChemicalsDrugs & Chemicals,Ecstasy,"100g Dibutylone white crystal, 100% Shipping Warranty, NO Signature required","Buy price
USD 210.00

(0.1694 BTC)",Anny2005,"Views: 727 / Bids: Fixed price
Quantity left: Unlimited","100g Dibutylone white crystal, 100% Shipping Warranty, NO Signature required",Ecstasy,Methylone & BK,"100g Dibutylone white crystal, 100% Shipping Warra...","Sold by Anny2005 -
5 sold since Jul 2, 2016Î¾Î¾Vendor Level 5Î¾Trust Level 5",Purchase price: USD 210.00,3,Drugs & ChemicalsDrugs & Chemicals,Ecstasy,1g Thirtylone Crystal - High Quality [Replaces Methylone/Ethylone],"Buy price
USD 17.00

(0.0137 BTC)",BenzoChems,"Views: 492 / Bids: Fixed price
Quantity left: Unlimited",1g Thirtylone Crystal - High Quality [Replaces Methylone/Ethylone],Ecstasy,Methylone & BK,1g Thirtylone Crystal - High Quality [Replaces Met...,"Sold by BenzoChems -
5 sold since Sep 4, 2016Î¾Î¾Vendor Level 8Î¾Trust Level 6",Purchase price: USD 17.00,3,Drugs & ChemicalsDrugs & Chemicals,Ecstasy,"20g Dibutylone brown crystal, 100% reshipp if detained by customs, No Signature required for parcel delivered!","Buy price
USD 50.00

(0.0403 BTC)",Anny2005,"Views: 389 / Bids: Fixed price
Quantity left: Unlimited","20g Dibutylone brown crystal, 100% reshipp if detained by customs, No Signature required for parcel delivered!",Ecstasy,Methylone & BK,"20g Dibutylone brown crystal, 100% reshipp if deta...","Sold by Anny2005 -
2 sold since Jul 6, 2016Î¾Î¾Vendor Level 5Î¾Trust Level 5",Purchase price: USD 50.00,5,Drugs & ChemicalsDrugs & Chemicals,Ecstasy,"2g *** REAGENT TESTED*** Pre-Ban Methylone Bk-MDMA M1 also known as ""MOLLY"" 97% Purity ***","Buy price
USD 53.58

(0.0432 BTC)",DailyFix,"Views: 558 / Bids: Fixed price
Quantity left: Unlimited","2g *** REAGENT TESTED*** Pre-Ban Methylone Bk-MDMA M1 also known as ""MOLLY"" 97% Purity ***",Ecstasy,Methylone & BK,2g *** REAGENT TESTED*** Pre-Ban Methylone Bk-MDMA...,"Sold by DailyFix -
10 sold since Sep 26, 2016Î¾Î¾Vendor Level 4Î¾Trust Level 5",Purchase price: USD 53.58,2,Drugs & ChemicalsDrugs & Chemicals,Ecstasy,1000g Dibutylone (bk-DMBDB) Hign purity Crystal (White and Brown),"Buy price
USD 1,500.00

(1.2092 BTC)",orgmanchemical,"Views: 66 / Bids: Fixed price
Quantity left: Unlimited",1000g Dibutylone (bk-DMBDB) Hign purity Crystal (White and Brown),Ecstasy,Methylone & BK,1000g Dibutylone (bk-DMBDB) Hign purity Crystal (W...,"Sold by orgmanchemical -
0 sold since Feb 22, 2017Î¾Î¾Vendor Level 1Î¾Trust Level 3","Purchase price: USD 1,500.00",9,Drugs & ChemicalsDrugs & Chemicals,Ecstasy,1kg Methylone,"Buy price
USD 2,650.00

(2.1363 BTC)",ticfent,"Views: 81 / Bids: Fixed price
Quantity left: Unlimited",1kg Methylone,Ecstasy,Methylone & BK,1kg Methylone,"Sold by ticfent -
0 sold since Mar 7, 2017Î¾Î¾Vendor Level 1Î¾Trust Level 6","Purchase price: USD 2,650.00",11,Drugs & ChemicalsDrugs & Chemicals,Ecstasy,1 Gram of 99.8% pure BK-MDMA / Methylone - Rare MDMA analogue / BetaKetone of MDMA. Awesome stuff. PASSES DRUG TESTS :),"Buy price
USD 112.75

(0.0909 BTC)",Moosemate,"Views: 286 / Bids: Fixed price
Quantity left: 3",1 Gram of 99.8% pure BK-MDMA / Methylone - Rare MDMA analogue / BetaKetone of MDMA. Awesome stuff. PASSES DRUG TESTS :),Ecstasy,Methylone & BK,1 Gram of 99.8% pure BK-MDMA / Methylone - Rare MD...,"Sold by Moosemate -
6 sold since Feb 22, 2017Î¾Î¾Vendor Level 2Î¾Trust Level 5",Purchase price: USD 112.75,3,Drugs & ChemicalsDrugs & Chemicals,Ecstasy,MABC 10  grams  (The best cannabis on Market),"Buy price
USD 70.00

(0.0564 BTC)",isteroids,"Views: 194 / Bids: Fixed price
Quantity left: Unlimited",MABC 10  grams  (The best cannabis on Market),Ecstasy,Methylone & BK,MABC 10  grams  (The best cannabis on Market),"Sold by isteroids -
0 sold since Nov 21, 2016Î¾Î¾Vendor Level 7Î¾Trust Level 6",Purchase price: USD 70.00,8,Drugs & ChemicalsDrugs & Chemicals,Ecstasy,25g 5-methoxy-methylone (BK-MMDMA) [Š“_FROM EUROPE]  [ NO FE ],"Buy price
USD 200.00

(0.1612 BTC)",littlegoblin,"Views: 566 / Bids: Fixed price
Quantity left: Unlimited",25g 5-methoxy-methylone (BK-MMDMA) [Š“_FROM EUROPE]  [ NO FE ],Ecstasy,Methylone & BK,25g 5-methoxy-methylone (BK-MMDMA) [Š“_FROM EUROPE] ...,"Sold by littlegoblin -
0 sold since Apr 20, 2016Î¾Î¾Vendor Level 7Î¾Trust Level 7",Purchase price: USD 200.00,,Drugs & ChemicalsDrugs & Chemicals,Ecstasy,Butylone (BK-MBDB),"Buy price
USD 600.00

(0.4837 BTC)",Gunmerchant,"Views: 125 / Bids: Fixed price
Quantity left: Unlimited",Butylone (BK-MBDB),Ecstasy,Methylone & BK,Butylone (BK-MBDB),"Sold by Gunmerchant -
0 sold since Jan 26, 2017Î¾Î¾Vendor Level 1Î¾Trust Level 3",Purchase price: USD 600.00,9,Drugs & ChemicalsDrugs & Chemicals,Ecstasy,5-Methyl-Ethylone POWDER 1KGs,"Buy price
USD 2,650.00

(2.1363 BTC)",SoulDark,"Views: 951 / Bids: Fixed price
Quantity left: Unlimited",5-Methyl-Ethylone POWDER 1KGs,Ecstasy,Methylone & BK,5-Methyl-Ethylone POWDER 1KGs,"Sold by SoulDark -
0 sold since Nov 11, 2015Î¾Î¾Vendor Level 2Î¾Trust Level 6","Purchase price: USD 2,650.00",8,Drugs & ChemicalsDrugs & Chemicals,Ecstasy,250g BK-EPDB Crystal,"Buy price
USD 847.00

(0.6828 BTC)",BenzoChems,"Views: 199 / Bids: Fixed price
Quantity left: Unlimited",250g BK-EPDB Crystal,Ecstasy,Methylone & BK,250g BK-EPDB Crystal,"Sold by BenzoChems -
0 sold since Oct 18, 2016Î¾Î¾Vendor Level 8Î¾Trust Level 6",Purchase price: USD 847.00,10,Drugs & ChemicalsDrugs & Chemicals,Ecstasy,500g Thirtylone Crystal - High Quality [Replaces Methylone/Ethylone],"Buy price
USD 1,697.00

(1.3680 BTC)",BenzoChems,"Views: 261 / Bids: Fixed price
Quantity left: Unlimited",500g Thirtylone Crystal - High Quality [Replaces Methylone/Ethylone],Ecstasy,Methylone & BK,500g Thirtylone Crystal - High Quality [Replaces M...,"Sold by BenzoChems -
0 sold since Sep 4, 2016Î¾Î¾Vendor Level 8Î¾Trust Level 6","Purchase price: USD 1,697.00",8,Drugs & ChemicalsDrugs & Chemicals,Ecstasy,10g BK-EPDB Crystal,"Buy price
USD 57.00

(0.0460 BTC)",BenzoChems,"Views: 242 / Bids: Fixed price
Quantity left: Unlimited",10g BK-EPDB Crystal,Ecstasy,Methylone & BK,10g BK-EPDB Crystal,"Sold by BenzoChems -
0 sold since Oct 18, 2016Î¾Î¾Vendor Level 8Î¾Trust Level 6",Purchase price: USD 57.00,11,Drugs & ChemicalsDrugs & Chemicals,Ecstasy,1G Di-Butylone,"Buy price
USD 20.00

(0.0161 BTC)",geico,"Views: 312 / Bids: Fixed price
Quantity left: 28",1G Di-Butylone,Ecstasy,Methylone & BK,1G Di-Butylone,"Sold by geico -
0 sold since Jun 18, 2016Î¾Î¾Vendor Level 1Î¾Trust Level 3",Purchase price: USD 20.00,9,Drugs & ChemicalsDrugs & Chemicals,Ecstasy,1000g  2-A1MP / BK-MMDMA,"Buy price
USD 3,750.00

(3.0231 BTC)",RcQueen,null,1000g  2-A1MP / BK-MMDMA,Ecstasy,Methylone & BK,1000g  2-A1MP / BK-MMDMA,"Sold by RcQueen -
0 sold since Feb 12, 2016Î¾Î¾Vendor Level 10Î¾Trust Level 9","Purchase price: USD 3,750.00",,Drugs & ChemicalsDrugs & Chemicals,Ecstasy,5g Di-Ethylone [Š“_FROM EUROPE],"Buy price
USD 30.00

(0.0242 BTC)",littlegoblin,null,5g Di-Ethylone [Š“_FROM EUROPE],Ecstasy,Methylone & BK,5g Di-Ethylone [Š“_FROM EUROPE],"Sold by littlegoblin -
0 sold since Sep 12, 2016Î¾Î¾Vendor Level 7Î¾Trust Level 7",Purchase price: USD 30.00,11,Drugs & ChemicalsDrugs & Chemicals,Ecstasy,20gr. Methylone,"Buy price
USD 400.00

(0.3225 BTC)",Thetruth101,"Views: 151 / Bids: Fixed price
Quantity left: Unlimited",20gr. Methylone,Ecstasy,Methylone & BK,20gr. Methylone,"Sold by Thetruth101 -
0 sold since Jun 14, 2016Î¾Î¾Vendor Level 1Î¾Trust Level 5",Purchase price: USD 400.00,8,Drugs & ChemicalsDrugs & Chemicals,Ecstasy,500g crystal 3-mmc,"Buy price
USD 1,700.00

(1.3705 BTC)",ticfent,"Views: 25 / Bids: Fixed price
Quantity left: Unlimited",500g crystal 3-mmc,Ecstasy,Methylone & BK,500g crystal 3-mmc,"Sold by ticfent -
0 sold since Mar 29, 2017Î¾Î¾Vendor Level 1Î¾Trust Level 6","Purchase price: USD 1,700.00",9,Drugs & ChemicalsDrugs & Chemicals,Ecstasy,100g 5-Methoxy-Methylone (2-A1MP) Crystal [Replaces Methylone],"Buy price
USD 597.00

(0.4813 BTC)",BenzoChems,"Views: 364 / Bids: Fixed price
Quantity left: Unlimited",100g 5-Methoxy-Methylone (2-A1MP) Crystal [Replaces Methylone],Ecstasy,Methylone & BK,100g 5-Methoxy-Methylone (2-A1MP) Crystal [Replace...,"Sold by BenzoChems -
1 sold since Sep 4, 2016Î¾Î¾Vendor Level 8Î¾Trust Level 6",Purchase price: USD 597.00,6,Drugs & ChemicalsDrugs & Chemicals,Ecstasy,"500g Dibutylone white crystal, 100% Shipping Warranty, NO Signature required","Buy price
USD 750.00

(0.6049 BTC)",Anny2005,"Views: 442 / Bids: Fixed price
Quantity left: Unlimited","500g Dibutylone white crystal, 100% Shipping Warranty, NO Signature required",Ecstasy,Methylone & BK,"500g Dibutylone white crystal, 100% Shipping Warra...","Sold by Anny2005 -
2 sold since Jul 6, 2016Î¾Î¾Vendor Level 5Î¾Trust Level 5",Purchase price: USD 750.00,5,Drugs & ChemicalsDrugs & Chemicals,Ecstasy,Ephylone (bk-EBDP) 100g Hign purity Crystal  (Brown),"Buy price
USD 275.00

(0.2217 BTC)",orgmanchemical,"Views: 67 / Bids: Fixed price
Quantity left: Unlimited",Ephylone (bk-EBDP) 100g Hign purity Crystal  (Brown),Ecstasy,Methylone & BK,Ephylone (bk-EBDP) 100g Hign purity Crystal  (Brow...,"Sold by orgmanchemical -
0 sold since Feb 22, 2017Î¾Î¾Vendor Level 1Î¾Trust Level 3",Purchase price: USD 275.00,11,Drugs & ChemicalsDrugs & Chemicals,Ecstasy,"ADB-PINACA  10  grams  (The best cannabis on Market)  100% SHIPPING WARRANTY,  99% PURITY","Buy price
USD 70.00

(0.0564 BTC)",isteroids,"Views: 171 / Bids: Fixed price
Quantity left: Unlimited","ADB-PINACA  10  grams  (The best cannabis on Market)  100% SHIPPING WARRANTY,  99% PURITY",Ecstasy,Methylone & BK,ADB-PINACA  10  grams  (The best cannabis on Marke...,"Sold by isteroids -
0 sold since Nov 21, 2016Î¾Î¾Vendor Level 7Î¾Trust Level 6",Purchase price: USD 70.00,7,Drugs & ChemicalsDrugs & Chemicals,Ecstasy,"10g Dibutylone ´__bk-DMBDB,99% pure) White or Brown Crystal","Buy price
USD 50.00

(0.0403 BTC)",rcperfect,"Views: 121 / Bids: Fixed price
Quantity left: Unlimited","10g Dibutylone ´__bk-DMBDB,99% pure) White or Brown Crystal",Ecstasy,Methylone & BK,"10g Dibutylone ´__bk-DMBDB,99% pure) White or Brown ...","Sold by rcperfect -
1 sold since Feb 14, 2017Î¾Î¾Vendor Level 1Î¾Trust Level 3",Purchase price: USD 50.00,7,Drugs & ChemicalsDrugs & Chemicals,Ecstasy,"MDMB-FUBINACA  50  grams  (The best cannabis on Market)  100% SHIPPING WARRANTY,  99% PURITY","Buy price
USD 150.00

(0.1209 BTC)",isteroids,null,"MDMB-FUBINACA  50  grams  (The best cannabis on Market)  100% SHIPPING WARRANTY,  99% PURITY",Ecstasy,Methylone & BK,MDMB-FUBINACA  50  grams  (The best cannabis on Ma...,"Sold by isteroids -
0 sold since Jul 30, 2016Î¾Î¾Vendor Level 7Î¾Trust Level 6",Purchase price: USD 150.00,7,Drugs & ChemicalsDrugs & Chemicals,Ecstasy,250g 5-Methoxy-Methylone (2-A1MP) Crystal [Replaces Methylone],"Buy price
USD 1,197.00

(0.9650 BTC)",BenzoChems,"Views: 220 / Bids: Fixed price
Quantity left: Unlimited",250g 5-Methoxy-Methylone (2-A1MP) Crystal [Replaces Methylone],Ecstasy,Methylone & BK,250g 5-Methoxy-Methylone (2-A1MP) Crystal [Replace...,"Sold by BenzoChems -
0 sold since Oct 11, 2016Î¾Î¾Vendor Level 8Î¾Trust Level 6","Purchase price: USD 1,197.00",9,Drugs & ChemicalsDrugs & Chemicals,Ecstasy,1000g BK-EPDB Crystal,"Buy price
USD 2,497.00

(2.0130 BTC)",BenzoChems,"Views: 219 / Bids: Fixed price
Quantity left: Unlimited",1000g BK-EPDB Crystal,Ecstasy,Methylone & BK,1000g BK-EPDB Crystal,"Sold by BenzoChems -
0 sold since Oct 18, 2016Î¾Î¾Vendor Level 8Î¾Trust Level 6","Purchase price: USD 2,497.00",11,Drugs & ChemicalsDrugs & Chemicals,Ecstasy,3 DOC blotters 1.75-2.0 MG  $2.00. per blotter.   high quality and unlike any other phsycadelic. $2.00 per tab FREE SHIPPING,"Buy price
USD 6.00

(0.0048 BTC)",redlemon17,"Views: 16 / Bids: Fixed price
Quantity left: Unlimited",3 DOC blotters 1.75-2.0 MG  $2.00. per blotter.   high quality and unlike any other phsycadelic. $2.00 per tab FREE SHIPPING,Ecstasy,Methylone & BK,3 DOC blotters 1.75-2.0 MG  $2.00. per blotter.   ...,"Sold by redlemon17 -
0 sold since Apr 8, 2017Î¾Î¾Vendor Level 1Î¾Trust Level 4",Purchase price: USD 6.00,10,Drugs & ChemicalsDrugs & Chemicals,Ecstasy,"200g Dibutylone white crystal, 100% Shipping Warranty, NO Signature required","Buy price
USD 350.00

(0.2822 BTC)",Anny2005,"Views: 364 / Bids: Fixed price
Quantity left: Unlimited","200g Dibutylone white crystal, 100% Shipping Warranty, NO Signature required",Ecstasy,Methylone & BK,"200g Dibutylone white crystal, 100% Shipping Warra...","Sold by Anny2005 -
1 sold since Jul 6, 2016Î¾Î¾Vendor Level 5Î¾Trust Level 5",Purchase price: USD 350.00,6,Drugs & ChemicalsDrugs & Chemicals,Ecstasy,500g Dibutylone (bk-DMBDB) Hign purity Crystal (White and Brown),"Buy price
USD 820.00

(0.6610 BTC)",orgmanchemical,"Views: 64 / Bids: Fixed price
Quantity left: Unlimited",500g Dibutylone (bk-DMBDB) Hign purity Crystal (White and Brown),Ecstasy,Methylone & BK,500g Dibutylone (bk-DMBDB) Hign purity Crystal (Wh...,"Sold by orgmanchemical -
0 sold since Feb 22, 2017Î¾Î¾Vendor Level 1Î¾Trust Level 3",Purchase price: USD 820.00,,Drugs & ChemicalsDrugs & Chemicals,Ecstasy,1000g Thirtylone Crystal - High Quality [Replaces Methylone/Ethylone],"Buy price
USD 2,697.00

(2.1742 BTC)",BenzoChems,"Views: 307 / Bids: Fixed price
Quantity left: Unlimited",1000g Thirtylone Crystal - High Quality [Replaces Methylone/Ethylone],Ecstasy,Methylone & BK,1000g Thirtylone Crystal - High Quality [Replaces ...,"Sold by BenzoChems -
0 sold since Sep 4, 2016Î¾Î¾Vendor Level 8Î¾Trust Level 6","Purchase price: USD 2,697.00",,Drugs & ChemicalsDrugs & Chemicals,Ecstasy,100g  2-A1MP / BK-MMDMA,"Buy price
USD 480.00

(0.3871 BTC)",RcQueen,null,100g  2-A1MP / BK-MMDMA,Ecstasy,Methylone & BK,100g  2-A1MP / BK-MMDMA,"Sold by RcQueen -
7 sold since Feb 12, 2016Î¾Î¾Vendor Level 10Î¾Trust Level 9",Purchase price: USD 480.00,3,Drugs & ChemicalsDrugs & Chemicals,Ecstasy,"Hot Product! 1000g Ephylone/bk-EBDP/bk-EPDP white color crystal, the best replacement of Methylone and Ethylone crystal!","Buy price
USD 1,500.00

(1.2092 BTC)",Anny2005,"Views: 461 / Bids: Fixed price
Quantity left: Unlimited","Hot Product! 1000g Ephylone/bk-EBDP/bk-EPDP white color crystal, the best replacement of Methylone and Ethylone crystal!",Ecstasy,Methylone & BK,Hot Product! 1000g Ephylone/bk-EBDP/bk-EPDP white ...,"Sold by Anny2005 -
0 sold since Jul 2, 2016Î¾Î¾Vendor Level 5Î¾Trust Level 5","Purchase price: USD 1,500.00",7,Drugs & ChemicalsDrugs & Chemicals,Ecstasy,"100g Dibutylone brown crystal, 100% Shipping Warranty, NO Signature required","Buy price
USD 210.00

(0.1693 BTC)",Anny2005,"Views: 401 / Bids: Fixed price
Quantity left: Unlimited","100g Dibutylone brown crystal, 100% Shipping Warranty, NO Signature required",Ecstasy,Methylone & BK,"100g Dibutylone brown crystal, 100% Shipping Warra...","Sold by Anny2005 -
1 sold since Jul 6, 2016Î¾Î¾Vendor Level 5Î¾Trust Level 5",Purchase price: USD 210.00,6,Drugs & ChemicalsDrugs & Chemicals,Ecstasy,10g Thirtylone Crystal - High Quality [Replaces Methylone/Ethylone],"Buy price
USD 77.00

(0.0621 BTC)",BenzoChems,"Views: 370 / Bids: Fixed price
Quantity left: Unlimited",10g Thirtylone Crystal - High Quality [Replaces Methylone/Ethylone],Ecstasy,Methylone & BK,10g Thirtylone Crystal - High Quality [Replaces Me...,"Sold by BenzoChems -
2 sold since Sep 4, 2016Î¾Î¾Vendor Level 8Î¾Trust Level 6",Purchase price: USD 77.00,5,Drugs & ChemicalsDrugs & Chemicals,Ecstasy,10gr. Thirtylone crystal -99%pure Low price for first 5 people,"Buy price
USD 80.00

(0.0645 BTC)",Thetruth101,"Views: 183 / Bids: Fixed price
Quantity left: Unlimited",10gr. Thirtylone crystal -99%pure Low price for first 5 people,Ecstasy,Methylone & BK,10gr. Thirtylone crystal -99%pure Low price for fi...,"Sold by Thetruth101 -
0 sold since May 5, 2016Î¾Î¾Vendor Level 1Î¾Trust Level 5",Purchase price: USD 80.00,10,Drugs & ChemicalsDrugs & Chemicals,Ecstasy,10gr. BK-EPDB -99%pure Low price for first 5 people,"Buy price
USD 80.00

(0.0645 BTC)",Thetruth101,"Views: 189 / Bids: Fixed price
Quantity left: Unlimited",10gr. BK-EPDB -99%pure Low price for first 5 people,Ecstasy,Methylone & BK,10gr. BK-EPDB -99%pure Low price for first 5 peopl...,"Sold by Thetruth101 -
0 sold since May 5, 2016Î¾Î¾Vendor Level 1Î¾Trust Level 5",Purchase price: USD 80.00,9,Drugs & ChemicalsDrugs & Chemicals,Ecstasy,Dibutylone (brown or white)  5 grams  100% SHIPPING WARRANTY customized order,"Buy price
USD 30.00

(0.0242 BTC)",isteroids,"Views: 256 / Bids: Fixed price
Quantity left: Unlimited",Dibutylone (brown or white)  5 grams  100% SHIPPING WARRANTY customized order,Ecstasy,Methylone & BK,Dibutylone (brown or white)  5 grams  100% SHIPPIN...,"Sold by isteroids -
3 sold since Nov 21, 2016Î¾Î¾Vendor Level 7Î¾Trust Level 6",Purchase price: USD 30.00,4,Drugs & ChemicalsDrugs & Chemicals,Ecstasy,"2-A1MP (Ô_k-MMDMA, methylone replacement) 10g -- If you think it's too expensive, tell me what you're willing to pay and we can negotiate!","Buy price
USD 65.00

(0.0524 BTC)",cheapestmotherfucker,"Views: 266 / Bids: Fixed price
Quantity left: Unlimited","2-A1MP (Ô_k-MMDMA, methylone replacement) 10g -- If you think it's too expensive, tell me what you're willing to pay and we can negotiate!",Ecstasy,Methylone & BK,"2-A1MP (Ô_k-MMDMA, methylone replacement) 10g -- If...","Sold by cheapestmotherfucker -
0 sold since Sep 6, 2016Î¾Î¾Vendor Level 1Î¾Trust Level 4",Purchase price: USD 65.00,9,Drugs & ChemicalsDrugs & Chemicals,Ecstasy,"0.25g sample ***REAGENT TESTED*** Pre-Ban Methylone Bk-MDMA M1 also known as ""MOLLY"" 97% Purity ***","Buy price
USD 5.58

(0.0045 BTC)",DailyFix,"Views: 861 / Bids: Fixed price
Quantity left: Unlimited","0.25g sample ***REAGENT TESTED*** Pre-Ban Methylone Bk-MDMA M1 also known as ""MOLLY"" 97% Purity ***",Ecstasy,Methylone & BK,0.25g sample ***REAGENT TESTED*** Pre-Ban Methylon...,"Sold by DailyFix -
13 sold since Sep 26, 2016Î¾Î¾Vendor Level 4Î¾Trust Level 5",Purchase price: USD 5.58,2,Drugs & ChemicalsDrugs & Chemicals,Ecstasy,U-47700 100 grams(100% SHIPPING WARRANTY),"Buy price
USD 800.00

(0.6452 BTC)",isteroids,"Views: 692 / Bids: Fixed price
Quantity left: Unlimited",U-47700 100 grams(100% SHIPPING WARRANTY),Ecstasy,Methylone & BK,U-47700 100 grams(100% SHIPPING WARRANTY),"Sold by isteroids -
8 sold since Apr 1, 2016Î¾Î¾Vendor Level 7Î¾Trust Level 6",Purchase price: USD 800.00,2,Drugs & ChemicalsDrugs & Chemicals,Ecstasy,"Hot Product! 10g Ephylone/bk-EBDP/bk-EPDP brown crystal, the best replacement of Methylone and Ethylone crystal!","Buy price
USD 40.00

(0.0322 BTC)",Anny2005,"Views: 512 / Bids: Fixed price
Quantity left: Unlimited","Hot Product! 10g Ephylone/bk-EBDP/bk-EPDP brown crystal, the best replacement of Methylone and Ethylone crystal!",Ecstasy,Methylone & BK,Hot Product! 10g Ephylone/bk-EBDP/bk-EPDP brown cr...,"Sold by Anny2005 -
1 sold since Jul 7, 2016Î¾Î¾Vendor Level 5Î¾Trust Level 5",Purchase price: USD 40.00,6,Drugs & ChemicalsDrugs & Chemicals,Ecstasy,100gr. Dibutylone (similar as Methylone),"Buy price
USD 420.00

(0.3386 BTC)",ALaurizen,"Views: 533 / Bids: Fixed price
Quantity left: Unlimited",100gr. Dibutylone (similar as Methylone),Ecstasy,Methylone & BK,100gr. Dibutylone (similar as Methylone),"Sold by ALaurizen -
0 sold since Jan 11, 2016Î¾Î¾Vendor Level 5Î¾Trust Level 6",Purchase price: USD 420.00,11,Drugs & ChemicalsDrugs & Chemicals,Ecstasy,$1.00 USD Buys One Lottery Ticket Š—– You Could Win 1.63 BTC Š—– Valid For Four Draws Š—– Winning Numbers Drawn Every Friday Š—– PLAY CASH PANDA**$$**What Are Your Lucky Numbers?,"Buy price
USD 1.00

(0.0008 BTC)",CashPanda,"Views: 85 / Bids: Fixed price
Quantity left: Unlimited",$1.00 USD Buys One Lottery Ticket Š—– You Could Win 1.63 BTC Š—– Valid For Four Draws Š—– Winning Numbers Drawn Every Friday Š—– PLAY CASH PANDA**$$**What Are Your Lucky Numbers?,Ecstasy,Methylone & BK,$1.00 USD Buys One Lottery Ticket Š—– You Could Win ...,"Sold by CashPanda -
0 sold since Mar 11, 2017Î¾Î¾Vendor Level 1Î¾Trust Level 4",Purchase price: USD 1.00,11,Drugs & ChemicalsDrugs & Chemicals,Ecstasy,10g Thirtylone Crystal,"Buy price
USD 90.00

(0.0726 BTC)",TheMailMan,"Views: 2983 / Bids: Fixed price
Quantity left: Unlimited",10g Thirtylone Crystal,Ecstasy,Methylone & BK,10g Thirtylone Crystal,"Sold by TheMailMan -
14 sold since Nov 3, 2015Î¾Î¾Vendor Level 8Î¾Trust Level 7",Purchase price: USD 90.00,2,Drugs & ChemicalsDrugs & Chemicals,Ecstasy,7g Indian Mephedrone Crystals 99.9% CLEAN !!!!,"Buy price
USD 111.84

(0.0902 BTC)",alisdrugstore,null,7g Indian Mephedrone Crystals 99.9% CLEAN !!!!,Ecstasy,Methylone & BK,7g Indian Mephedrone Crystals 99.9% CLEAN !!!!,"Sold by alisdrugstore -
1 sold since Aug 2, 2016Î¾Î¾Vendor Level 7Î¾Trust Level 7",Purchase price: USD 111.84,7,Drugs & ChemicalsDrugs & Chemicals,Ecstasy,Dibutylone 500Grams,"Buy price
USD 1,460.00

(1.1775 BTC)",SoulDark,"Views: 957 / Bids: Fixed price
Quantity left: Unlimited",Dibutylone 500Grams,Ecstasy,Methylone & BK,Dibutylone 500Grams,"Sold by SoulDark -
2 sold since Dec 6, 2015Î¾Î¾Vendor Level 2Î¾Trust Level 6","Purchase price: USD 1,460.00",5,Drugs & ChemicalsDrugs & Chemicals,Ecstasy,Ephylone(bk-EBDP) 250g Hign purity Crystal(Brown),"Buy price
USD 545.00

(0.4394 BTC)",orgmanchemical,"Views: 62 / Bids: Fixed price
Quantity left: Unlimited",Ephylone(bk-EBDP) 250g Hign purity Crystal(Brown),Ecstasy,Methylone & BK,Ephylone(bk-EBDP) 250g Hign purity Crystal(Brown),"Sold by orgmanchemical -
0 sold since Feb 22, 2017Î¾Î¾Vendor Level 1Î¾Trust Level 3",Purchase price: USD 545.00,10,Drugs & ChemicalsDrugs & Chemicals,Ecstasy,100g Thirtylone Crystal,"Buy price
USD 475.00

(0.3831 BTC)",TheMailMan,"Views: 1368 / Bids: Fixed price
Quantity left: Unlimited",100g Thirtylone Crystal,Ecstasy,Methylone & BK,100g Thirtylone Crystal,"Sold by TheMailMan -
10 sold since Nov 3, 2015Î¾Î¾Vendor Level 8Î¾Trust Level 7",Purchase price: USD 475.00,2,Drugs & ChemicalsDrugs & Chemicals,Ecstasy,50 MR. PILLS - 220MG - IPHONE - RED - METHYLONA - HIGH QUALITY,"Buy price
USD 99.99

(0.0806 BTC)",mr.pills,"Views: 139 / Bids: Fixed price
Quantity left: Unlimited",50 MR. PILLS - 220MG - IPHONE - RED - METHYLONA - HIGH QUALITY,Ecstasy,Methylone & BK,50 MR. PILLS - 220MG - IPHONE - RED - METHYLONA - ...,"Sold by mr.pills -
1 sold since Jan 29, 2017Î¾Î¾Vendor Level 3Î¾Trust Level 5",Purchase price: USD 99.99,7,Drugs & ChemicalsDrugs & Chemicals,Ecstasy,"MMBC  10grams (Full name: MMB-CHMINACA)(replacement AM-2201,JWH-018,AKB48,AB-CHMINACA)","Buy price
USD 70.00

(0.0565 BTC)",isteroids,"Views: 980 / Bids: Fixed price
Quantity left: Unlimited","MMBC  10grams (Full name: MMB-CHMINACA)(replacement AM-2201,JWH-018,AKB48,AB-CHMINACA)",Ecstasy,Methylone & BK,MMBC  10grams (Full name: MMB-CHMINACA)(replacemen...,"Sold by isteroids -
7 sold since Jan 20, 2016Î¾Î¾Vendor Level 7Î¾Trust Level 6",Purchase price: USD 70.00,2,Drugs & ChemicalsDrugs & Chemicals,Ecstasy,50g Thirtylone Crystal - High Quality [Replaces Methylone/Ethylone],"Buy price
USD 277.00

(0.2233 BTC)",BenzoChems,"Views: 204 / Bids: Fixed price
Quantity left: Unlimited",50g Thirtylone Crystal - High Quality [Replaces Methylone/Ethylone],Ecstasy,Methylone & BK,50g Thirtylone Crystal - High Quality [Replaces Me...,"Sold by BenzoChems -
0 sold since Oct 11, 2016Î¾Î¾Vendor Level 8Î¾Trust Level 6",Purchase price: USD 277.00,10,Drugs & ChemicalsDrugs & Chemicals,Ecstasy,"50g Dibutylone white crystal, 100% Shipping Warranty, NO Signature required","Buy price
USD 120.00

(0.0968 BTC)",Anny2005,"Views: 607 / Bids: Fixed price
Quantity left: Unlimited","50g Dibutylone white crystal, 100% Shipping Warranty, NO Signature required",Ecstasy,Methylone & BK,"50g Dibutylone white crystal, 100% Shipping Warran...","Sold by Anny2005 -
5 sold since Jul 6, 2016Î¾Î¾Vendor Level 5Î¾Trust Level 5",Purchase price: USD 120.00,3,Drugs & ChemicalsDrugs & Chemicals,Ecstasy,3-Fluorophenmetrazine   10g (also known as 3-FPM 3-FPH and PAL-593) (100% SHIPPING WARRANTY),"Buy price
USD 180.00

(0.1451 BTC)",isteroids,"Views: 183 / Bids: Fixed price
Quantity left: Unlimited",3-Fluorophenmetrazine   10g (also known as 3-FPM 3-FPH and PAL-593) (100% SHIPPING WARRANTY),Ecstasy,Methylone & BK,3-Fluorophenmetrazine   10g (also known as 3-FPM 3...,"Sold by isteroids -
0 sold since Nov 28, 2016Î¾Î¾Vendor Level 7Î¾Trust Level 6",Purchase price: USD 180.00,10,Drugs & ChemicalsDrugs & Chemicals,Ecstasy,100 MR. PILLS - 220MG - IPHONE - RED - METHYLONA - HIGH QUALITY,"Buy price
USD 179.99

(0.1452 BTC)",mr.pills,"Views: 184 / Bids: Fixed price
Quantity left: Unlimited",100 MR. PILLS - 220MG - IPHONE - RED - METHYLONA - HIGH QUALITY,Ecstasy,Methylone & BK,100 MR. PILLS - 220MG - IPHONE - RED - METHYLONA -...,"Sold by mr.pills -
4 sold since Jan 29, 2017Î¾Î¾Vendor Level 3Î¾Trust Level 5",Purchase price: USD 179.99,4,Drugs & ChemicalsDrugs & Chemicals,Ecstasy,25gr. Methylone,"Buy price
USD 450.00

(0.3628 BTC)",Thetruth101,"Views: 160 / Bids: Fixed price
Quantity left: Unlimited",25gr. Methylone,Ecstasy,Methylone & BK,25gr. Methylone,"Sold by Thetruth101 -
0 sold since Jun 14, 2016Î¾Î¾Vendor Level 1Î¾Trust Level 5",Purchase price: USD 450.00,10,Drugs & ChemicalsDrugs & Chemicals,Ecstasy,--BK-MDMA CRISTALS--( 10 Gr),"Buy price
USD 362.18

(0.2920 BTC)",chemicals_spain,"Views: 729 / Bids: Fixed price
Quantity left: Unlimited",--BK-MDMA CRISTALS--( 10 Gr),Ecstasy,Methylone & BK,--BK-MDMA CRISTALS--( 10 Gr),"Sold by chemicals_spain -
0 sold since Sep 27, 2015Î¾Î¾Vendor Level 9Î¾Trust Level 8",Purchase price: USD 362.18,8,Drugs & ChemicalsDrugs & Chemicals,Ecstasy,"ADB-PINACA 1000  grams  (The best cannabis on Market)  100% SHIPPING WARRANTY,  99% PURITY","Buy price
USD 2,400.00

(1.9348 BTC)",isteroids,"Views: 171 / Bids: Fixed price
Quantity left: Unlimited","ADB-PINACA 1000  grams  (The best cannabis on Market)  100% SHIPPING WARRANTY,  99% PURITY",Ecstasy,Methylone & BK,ADB-PINACA 1000  grams  (The best cannabis on Mark...,"Sold by isteroids -
0 sold since Dec 5, 2016Î¾Î¾Vendor Level 7Î¾Trust Level 6","Purchase price: USD 2,400.00",8,Drugs & ChemicalsDrugs & Chemicals,Ecstasy,Dibutylone (brown or white)  2000grams  100% SHIPPING WARRANTY customized order,"Buy price
USD 2,899.00

(2.3380 BTC)",isteroids,null,Dibutylone (brown or white)  2000grams  100% SHIPPING WARRANTY customized order,Ecstasy,Methylone & BK,Dibutylone (brown or white)  2000grams  100% SHIPP...,"Sold by isteroids -
7 sold since Jul 29, 2016Î¾Î¾Vendor Level 7Î¾Trust Level 6","Purchase price: USD 2,899.00",3,Drugs & ChemicalsDrugs & Chemicals,Ecstasy,50g 5-Methoxy-Methylone (2-A1MP) Crystal [Replaces Methylone],"Buy price
USD 337.00

(0.2717 BTC)",BenzoChems,"Views: 188 / Bids: Fixed price
Quantity left: Unlimited",50g 5-Methoxy-Methylone (2-A1MP) Crystal [Replaces Methylone],Ecstasy,Methylone & BK,50g 5-Methoxy-Methylone (2-A1MP) Crystal [Replaces...,"Sold by BenzoChems -
0 sold since Oct 11, 2016Î¾Î¾Vendor Level 8Î¾Trust Level 6",Purchase price: USD 337.00,10,Drugs & ChemicalsDrugs & Chemicals,Ecstasy,BK-EDPD US DOMESTIC 1g,"Buy price
USD 20.00

(0.0161 BTC)",rompster,"Views: 1022 / Bids: Fixed price
Quantity left: Unlimited",BK-EDPD US DOMESTIC 1g,Ecstasy,Methylone & BK,BK-EDPD US DOMESTIC 1g,"Sold by rompster -
13 sold since Nov 5, 2016Î¾Î¾Vendor Level 3Î¾Trust Level 4",Purchase price: USD 20.00,2,Drugs & ChemicalsDrugs & Chemicals,Ecstasy,10g 5-methoxy-methylone (BK-MMDMA) [Š“_FROM EUROPE],"Buy price
USD 90.00

(0.0726 BTC)",littlegoblin,null,10g 5-methoxy-methylone (BK-MMDMA) [Š“_FROM EUROPE],Ecstasy,Methylone & BK,10g 5-methoxy-methylone (BK-MMDMA) [Š“_FROM EUROPE],"Sold by littlegoblin -
0 sold since Apr 20, 2016Î¾Î¾Vendor Level 7Î¾Trust Level 7",Purchase price: USD 90.00,9,Drugs & ChemicalsDrugs & Chemicals,Ecstasy,U-47700  2 grams(replacement of AH-7921) 100% shipping warranty,"Buy price
USD 50.00

(0.0403 BTC)",isteroids,"Views: 186 / Bids: Fixed price
Quantity left: Unlimited",U-47700  2 grams(replacement of AH-7921) 100% shipping warranty,Ecstasy,Methylone & BK,U-47700  2 grams(replacement of AH-7921) 100% ship...,"Sold by isteroids -
1 sold since Jan 3, 2017Î¾Î¾Vendor Level 7Î¾Trust Level 6",Purchase price: USD 50.00,6,Drugs & ChemicalsDrugs & Chemicals,Ecstasy,50g Methylone,"Buy price
USD 300.00

(0.2418 BTC)",ticfent,"Views: 83 / Bids: Fixed price
Quantity left: Unlimited",50g Methylone,Ecstasy,Methylone & BK,50g Methylone,"Sold by ticfent -
1 sold since Mar 7, 2017Î¾Î¾Vendor Level 1Î¾Trust Level 6",Purchase price: USD 300.00,7,Drugs & ChemicalsDrugs & Chemicals,Ecstasy,"Hot Product! 100g Ephylone/bk-EBDP/bk-EPDP white color crystal, the best replacement of Methylone and Ethylone crystal!","Buy price
USD 200.00

(0.1612 BTC)",Anny2005,"Views: 446 / Bids: Fixed price
Quantity left: Unlimited","Hot Product! 100g Ephylone/bk-EBDP/bk-EPDP white color crystal, the best replacement of Methylone and Ethylone crystal!",Ecstasy,Methylone & BK,Hot Product! 100g Ephylone/bk-EBDP/bk-EPDP white c...,"Sold by Anny2005 -
0 sold since Jul 2, 2016Î¾Î¾Vendor Level 5Î¾Trust Level 5",Purchase price: USD 200.00,,Drugs & ChemicalsDrugs & Chemicals,Ecstasy,500g 5-Methoxy-Methylone (2-A1MP) Crystal [Replaces Methylone],"Buy price
USD 1,997.00

(1.6099 BTC)",BenzoChems,"Views: 259 / Bids: Fixed price
Quantity left: Unlimited",500g 5-Methoxy-Methylone (2-A1MP) Crystal [Replaces Methylone],Ecstasy,Methylone & BK,500g 5-Methoxy-Methylone (2-A1MP) Crystal [Replace...,"Sold by BenzoChems -
0 sold since Sep 4, 2016Î¾Î¾Vendor Level 8Î¾Trust Level 6","Purchase price: USD 1,997.00",8,Drugs & ChemicalsDrugs & Chemicals,Ecstasy,50gr. Dibutylone (similar as Methylone),"Buy price
USD 340.00

(0.2741 BTC)",ALaurizen,"Views: 527 / Bids: Fixed price
Quantity left: Unlimited",50gr. Dibutylone (similar as Methylone),Ecstasy,Methylone & BK,50gr. Dibutylone (similar as Methylone),"Sold by ALaurizen -
0 sold since Jan 11, 2016Î¾Î¾Vendor Level 5Î¾Trust Level 6",Purchase price: USD 340.00,,Drugs & ChemicalsDrugs & Chemicals,Ecstasy,500g BK-EPDB Crystal,"Buy price
USD 1,497.00

(1.2068 BTC)",BenzoChems,"Views: 202 / Bids: Fixed price
Quantity left: Unlimited",500g BK-EPDB Crystal,Ecstasy,Methylone & BK,500g BK-EPDB Crystal,"Sold by BenzoChems -
0 sold since Oct 18, 2016Î¾Î¾Vendor Level 8Î¾Trust Level 6","Purchase price: USD 1,497.00",9,Drugs & ChemicalsDrugs & Chemicals,Ecstasy,1g BK-EPDB Crystal,"Buy price
USD 17.00

(0.0137 BTC)",BenzoChems,"Views: 398 / Bids: Fixed price
Quantity left: Unlimited",1g BK-EPDB Crystal,Ecstasy,Methylone & BK,1g BK-EPDB Crystal,"Sold by BenzoChems -
3 sold since Oct 18, 2016Î¾Î¾Vendor Level 8Î¾Trust Level 6",Purchase price: USD 17.00,4,Drugs & ChemicalsDrugs & Chemicals,Ecstasy,1kg. Dibutylone (similar as Methylone),"Buy price
USD 2,170.00

(1.7494 BTC)",ALaurizen,"Views: 545 / Bids: Fixed price
Quantity left: Unlimited",1kg. Dibutylone (similar as Methylone),Ecstasy,Methylone & BK,1kg. Dibutylone (similar as Methylone),"Sold by ALaurizen -
0 sold since Jan 11, 2016Î¾Î¾Vendor Level 5Î¾Trust Level 6","Purchase price: USD 2,170.00",8,Drugs & ChemicalsDrugs & Chemicals,Ecstasy,100g Methylone,"Buy price
USD 550.00

(0.4434 BTC)",ticfent,"Views: 83 / Bids: Fixed price
Quantity left: Unlimited",100g Methylone,Ecstasy,Methylone & BK,100g Methylone,"Sold by ticfent -
0 sold since Mar 7, 2017Î¾Î¾Vendor Level 1Î¾Trust Level 6",Purchase price: USD 550.00,10,Drugs & ChemicalsDrugs & Chemicals,Ecstasy,5gr. Dibutylone (similar as Methylone),"Buy price
USD 90.00

(0.0726 BTC)",ALaurizen,null,5gr. Dibutylone (similar as Methylone),Ecstasy,Methylone & BK,5gr. Dibutylone (similar as Methylone),"Sold by ALaurizen -
0 sold since Jan 11, 2016Î¾Î¾Vendor Level 5Î¾Trust Level 6",Purchase price: USD 90.00,10,Drugs & ChemicalsDrugs & Chemicals,Ecstasy,BK-EDPD US DOMESTIC 1g,"Buy price
USD 21.00

(0.0169 BTC)",rompster,"Views: 243 / Bids: Fixed price
Quantity left: Unlimited",BK-EDPD US DOMESTIC 1g,Ecstasy,Methylone & BK,BK-EDPD US DOMESTIC 1g,"Sold by rompster -
0 sold since Nov 5, 2016Î¾Î¾Vendor Level 3Î¾Trust Level 4",Purchase price: USD 21.00,,Drugs & ChemicalsDrugs & Chemicals,Ecstasy,Ephylone(bk-EBDP) 500g Hign purity Crystal (Brown),"Buy price
USD 950.00

(0.7658 BTC)",orgmanchemical,"Views: 68 / Bids: Fixed price
Quantity left: Unlimited",Ephylone(bk-EBDP) 500g Hign purity Crystal (Brown),Ecstasy,Methylone & BK,Ephylone(bk-EBDP) 500g Hign purity Crystal (Brown),"Sold by orgmanchemical -
0 sold since Feb 22, 2017Î¾Î¾Vendor Level 1Î¾Trust Level 3",Purchase price: USD 950.00,8,Drugs & ChemicalsDrugs & Chemicals,Ecstasy,BK-MDMA 3.5 grms,"Buy price
USD 273.63

(0.2207 BTC)",AussieJay,"Views: 526 / Bids: Fixed price
Quantity left: 14",BK-MDMA 3.5 grms,Ecstasy,Methylone & BK,BK-MDMA 3.5 grms,"Sold by AussieJay -
3 sold since Feb 28, 2016Î¾Î¾Vendor Level 7Î¾Trust Level 6",Purchase price: USD 273.63,4,Drugs & ChemicalsDrugs & Chemicals,Ecstasy,--BK-MDMA CRISTALS--( 5 Gr),"Buy price
USD 203.73

(0.1643 BTC)",chemicals_spain,"Views: 1666 / Bids: Fixed price
Quantity left: Unlimited",--BK-MDMA CRISTALS--( 5 Gr),Ecstasy,Methylone & BK,--BK-MDMA CRISTALS--( 5 Gr),"Sold by chemicals_spain -
9 sold since Sep 27, 2015Î¾Î¾Vendor Level 9Î¾Trust Level 8",Purchase price: USD 203.73,2,Drugs & ChemicalsDrugs & Chemicals,Ecstasy,100g Thirtylone Crystal - High Quality [Replaces Methylone/Ethylone],"Buy price
USD 447.00

(0.3604 BTC)",BenzoChems,"Views: 349 / Bids: Fixed price
Quantity left: Unlimited",100g Thirtylone Crystal - High Quality [Replaces Methylone/Ethylone],Ecstasy,Methylone & BK,100g Thirtylone Crystal - High Quality [Replaces M...,"Sold by BenzoChems -
1 sold since Sep 4, 2016Î¾Î¾Vendor Level 8Î¾Trust Level 6",Purchase price: USD 447.00,6,Drugs & ChemicalsDrugs & Chemicals,Ecstasy,100g Dibutylone (bk-DMBDB) Hign purity Crystal (White and Brown),"Buy price
USD 260.00

(0.2096 BTC)",orgmanchemical,"Views: 59 / Bids: Fixed price
Quantity left: Unlimited",100g Dibutylone (bk-DMBDB) Hign purity Crystal (White and Brown),Ecstasy,Methylone & BK,100g Dibutylone (bk-DMBDB) Hign purity Crystal (Wh...,"Sold by orgmanchemical -
0 sold since Feb 22, 2017Î¾Î¾Vendor Level 1Î¾Trust Level 3",Purchase price: USD 260.00,9,Drugs & ChemicalsDrugs & Chemicals,Ecstasy,10gr. Dibutylone (similar as Methylone),"Buy price
USD 130.00

(0.1048 BTC)",ALaurizen,"Views: 517 / Bids: Fixed price
Quantity left: Unlimited",10gr. Dibutylone (similar as Methylone),Ecstasy,Methylone & BK,10gr. Dibutylone (similar as Methylone),"Sold by ALaurizen -
0 sold since Jan 11, 2016Î¾Î¾Vendor Level 5Î¾Trust Level 6",Purchase price: USD 130.00,,Drugs & ChemicalsDrugs & Chemicals,Ecstasy,10g crystal 3-mmc,"Buy price
USD 135.00

(0.1088 BTC)",ticfent,"Views: 49 / Bids: Fixed price
Quantity left: Unlimited",10g crystal 3-mmc,Ecstasy,Methylone & BK,10g crystal 3-mmc,"Sold by ticfent -
0 sold since Mar 29, 2017Î¾Î¾Vendor Level 1Î¾Trust Level 6",Purchase price: USD 135.00,8,Drugs & ChemicalsDrugs & Chemicals,Ecstasy,1000g 5-Methoxy-Methylone (2-A1MP) Crystal [Replaces Methylone],"Buy price
USD 3,497.00

(2.8191 BTC)",BenzoChems,"Views: 320 / Bids: Fixed price
Quantity left: Unlimited",1000g 5-Methoxy-Methylone (2-A1MP) Crystal [Replaces Methylone],Ecstasy,Methylone & BK,1000g 5-Methoxy-Methylone (2-A1MP) Crystal [Replac...,"Sold by BenzoChems -
1 sold since Sep 4, 2016Î¾Î¾Vendor Level 8Î¾Trust Level 6","Purchase price: USD 3,497.00",6,Drugs & ChemicalsDrugs & Chemicals,Ecstasy,10gr. Methylone,"Buy price
USD 220.00

(0.1774 BTC)",Thetruth101,"Views: 164 / Bids: Fixed price
Quantity left: Unlimited",10gr. Methylone,Ecstasy,Methylone & BK,10gr. Methylone,"Sold by Thetruth101 -
0 sold since Jun 14, 2016Î¾Î¾Vendor Level 1Î¾Trust Level 5",Purchase price: USD 220.00,,Drugs & ChemicalsDrugs & Chemicals,Ecstasy,Methylone & BK also with other research chemicals,"Buy price
USD 700.00

(0.5643 BTC)",Gunmerchant,"Views: 62 / Bids: Fixed price
Quantity left: Unlimited",Methylone & BK also with other research chemicals,Ecstasy,Methylone & BK,Methylone & BK also with other research chemic...,"Sold by Gunmerchant -
0 sold since Feb 27, 2017Î¾Î¾Vendor Level 1Î¾Trust Level 3",Purchase price: USD 700.00,11,Drugs & ChemicalsDrugs & Chemicals,Ecstasy,Ephylone(BK-EBDP)1000 grams(100% SHIPPING WARRANTY),"Buy price
USD 1,600.00

(1.2904 BTC)",isteroids,null,Ephylone(BK-EBDP)1000 grams(100% SHIPPING WARRANTY),Ecstasy,Methylone & BK,Ephylone(BK-EBDP)1000 grams(100% SHIPPING WARRANTY...,"Sold by isteroids -
4 sold since Mar 30, 2016Î¾Î¾Vendor Level 7Î¾Trust Level 6","Purchase price: USD 1,600.00",4,Drugs & ChemicalsDrugs & Chemicals,Ecstasy,"A-PVP 500 grams  (lab quality, 99.9% purity)","Buy price
USD 1,100.00

(0.8871 BTC)",isteroids,null,"A-PVP 500 grams  (lab quality, 99.9% purity)",Ecstasy,Methylone & BK,"A-PVP 500 grams  (lab quality, 99.9% purity)","Sold by isteroids -
6 sold since Feb 24, 2017Î¾Î¾Vendor Level 7Î¾Trust Level 6","Purchase price: USD 1,100.00",3,Drugs & ChemicalsDrugs & Chemicals,Ecstasy,4F-PHP  1000g   (Replacement of A-PVP),"Buy price
USD 1,508.00

(1.2157 BTC)",isteroids,"Views: 175 / Bids: Fixed price
Quantity left: Unlimited",4F-PHP  1000g   (Replacement of A-PVP),Ecstasy,Methylone & BK,4F-PHP  1000g   (Replacement of A-PVP),"Sold by isteroids -
0 sold since Dec 5, 2016Î¾Î¾Vendor Level 7Î¾Trust Level 6","Purchase price: USD 1,508.00",10,Drugs & ChemicalsDrugs & Chemicals,Ecstasy,50g BK-EPDB Crystal,"Buy price
USD 227.00

(0.1831 BTC)",BenzoChems,"Views: 290 / Bids: Fixed price
Quantity left: Unlimited",50g BK-EPDB Crystal,Ecstasy,Methylone & BK,50g BK-EPDB Crystal,"Sold by BenzoChems -
5 sold since Oct 18, 2016Î¾Î¾Vendor Level 8Î¾Trust Level 6",Purchase price: USD 227.00,3,Drugs & ChemicalsDrugs & Chemicals,Ecstasy,25g Thirtylone Crystal - High Quality [Replaces Methylone/Ethylone],"Buy price
USD 157.00

(0.1266 BTC)",BenzoChems,"Views: 260 / Bids: Fixed price
Quantity left: Unlimited",25g Thirtylone Crystal - High Quality [Replaces Methylone/Ethylone],Ecstasy,Methylone & BK,25g Thirtylone Crystal - High Quality [Replaces Me...,"Sold by BenzoChems -
2 sold since Oct 11, 2016Î¾Î¾Vendor Level 8Î¾Trust Level 6",Purchase price: USD 157.00,5,Drugs & ChemicalsDrugs & Chemicals,Ecstasy,Ephylone (bk-EBDP) 2g Samples (Brown Crystal) Free shipping,"Buy price
USD 5.00

(0.0040 BTC)",orgmanchemical,"Views: 237 / Bids: Fixed price
Quantity left: Unlimited",Ephylone (bk-EBDP) 2g Samples (Brown Crystal) Free shipping,Ecstasy,Methylone & BK,Ephylone (bk-EBDP) 2g Samples (Brown Crystal) Free...,"Sold by orgmanchemical -
3 sold since Feb 22, 2017Î¾Î¾Vendor Level 1Î¾Trust Level 3",Purchase price: USD 5.00,4,Drugs & ChemicalsDrugs & Chemicals,Ecstasy,10g Di-Ethylone [Š“_FROM EUROPE],"Buy price
USD 55.00

(0.0444 BTC)",littlegoblin,null,10g Di-Ethylone [Š“_FROM EUROPE],Ecstasy,Methylone & BK,10g Di-Ethylone [Š“_FROM EUROPE],"Sold by littlegoblin -
3 sold since Jul 11, 2016Î¾Î¾Vendor Level 7Î¾Trust Level 7",Purchase price: USD 55.00,4,Drugs & ChemicalsDrugs & Chemicals,Ecstasy,3-Fluorophenmetrazine   100g (also known as 3-FPM 3-FPH and PAL-593) (100% SHIPPING WARRANTY),"Buy price
USD 800.00

(0.6449 BTC)",isteroids,"Views: 161 / Bids: Fixed price
Quantity left: Unlimited",3-Fluorophenmetrazine   100g (also known as 3-FPM 3-FPH and PAL-593) (100% SHIPPING WARRANTY),Ecstasy,Methylone & BK,3-Fluorophenmetrazine   100g (also known as 3-FPM ...,"Sold by isteroids -
0 sold since Nov 22, 2016Î¾Î¾Vendor Level 7Î¾Trust Level 6",Purchase price: USD 800.00,11,Drugs & ChemicalsDrugs & Chemicals,Ecstasy,10 Grams Dibutylone SHIPMENT FROM BRAZIL WORLDWIDE ( Bulk here ),"Buy price
USD 150.00

(0.1209 BTC)",bikisssimo,null,10 Grams Dibutylone SHIPMENT FROM BRAZIL WORLDWIDE ( Bulk here ),Ecstasy,Methylone & BK,10 Grams Dibutylone SHIPMENT FROM BRAZIL WORLDWIDE...,"Sold by bikisssimo -
0 sold since Apr 14, 2017Î¾Î¾Vendor Level 1Î¾Trust Level 6",null,,Drugs & Chemicals