category_link,subcategory_link,listing_title,listing_price,listing_vendor,listing_item,listing_link,subcategory_id,subcategory2_id,detail_name,detail_qty_sold,detail_price,pagination_link,category_idDigital Products,Game Keys,DRIVECLUB  - PS4 ACCOUNT,"Buy price
USD 9.99

(0.0063 BTC)",PSN-GAMES-PS4,"Views: 700 / Bids: Fixed price
Quantity left: Unlimited",DRIVECLUB  - PS4 ACCOUNT,Game Keys,Game Keys,DRIVECLUB  - PS4 ACCOUNT,"Sold by PSN-GAMES-PS4 -
11 sold since Mar 29, 2016åÊåÊVendor Level 5åÊTrust Level 6",Purchase price: USD 9.99,5,Digital ProductsDigital Products,Game Keys,TOM CLANCY'S RAINBOW SIX SIEGE  -  PS4 ACCOUNT,"Buy price
USD 14.99

(0.0095 BTC)",PSN-GAMES-PS4,"Views: 943 / Bids: Fixed price
Quantity left: Unlimited",TOM CLANCY'S RAINBOW SIX SIEGE  -  PS4 ACCOUNT,Game Keys,Game Keys,TOM CLANCY'S RAINBOW SIX SIEGE  -  PS4 ACCOUNT,"Sold by PSN-GAMES-PS4 -
27 sold since Mar 29, 2016åÊåÊVendor Level 5åÊTrust Level 6",Purchase price: USD 14.99,3,Digital ProductsDigital Products,Game Keys,BIOSHOCK: THE COLLECTION  -  PS4 ACCOUNT,"Buy price
USD 24.99

(0.0159 BTC)",PSN-GAMES-PS4,"Views: 354 / Bids: Fixed price
Quantity left: Unlimited",BIOSHOCK: THE COLLECTION  -  PS4 ACCOUNT,Game Keys,Game Keys,BIOSHOCK: THE COLLECTION  -  PS4 ACCOUNT,"Sold by PSN-GAMES-PS4 -
3 sold since Sep 13, 2016åÊåÊVendor Level 5åÊTrust Level 6",Purchase price: USD 24.99,10,Digital ProductsDigital Products,Game Keys,PERSONA 5  -  PS4 ACCOUNT,"Buy price
USD 0.00

(0.0000 BTC)",PSN-GAMES-PS4,"Views: 75 / Bids: Fixed price
Quantity left: Unlimited",PERSONA 5  -  PS4 ACCOUNT,Game Keys,Game Keys,PERSONA 5  -  PS4 ACCOUNT,"Sold by PSN-GAMES-PS4 -
1 sold since Apr 7, 2017åÊåÊVendor Level 5åÊTrust Level 6",Purchase price: USD 0.00,12,Digital ProductsDigital Products,Game Keys,‰ÏÉ ‰ÏÉ PS4 account - EA SPORTS‰ã¢ FIFA 17 + 4 GAMES ‰÷É‰÷É‰÷É‰ÏÉ ‰ÏÉ,"Buy price
USD 9.99

(0.0063 BTC)",TuttiFrutti_store,"Views: 213 / Bids: Fixed price
Quantity left: Unlimited",‰ÏÉ ‰ÏÉ PS4 account - EA SPORTS‰ã¢ FIFA 17 + 4 GAMES ‰÷É‰÷É‰÷É‰ÏÉ ‰ÏÉ,Game Keys,Game Keys,‰ÏÉ ‰ÏÉ PS4 account - EA SPORTS‰ã¢ FIFA 17 + 4 GAMES ‰÷É‰÷É‰÷É...,"Sold by TuttiFrutti_store -
3 sold since Mar 29, 2017åÊåÊVendor Level 2åÊTrust Level 3",Purchase price: USD 9.99,10,Digital ProductsDigital Products,Game Keys,DRAGON BALL XENOVERSE 2  -  PS4 ACCOUNT  (RENT AND SALE),"Buy price
USD 0.00

(0.0000 BTC)",PSN-GAMES-PS4,"Views: 465 / Bids: Fixed price
Quantity left: Unlimited",DRAGON BALL XENOVERSE 2  -  PS4 ACCOUNT  (RENT AND SALE),Game Keys,Game Keys,DRAGON BALL XENOVERSE 2  -  PS4 ACCOUNT  (RENT AND...,"Sold by PSN-GAMES-PS4 -
7 sold since Oct 19, 2016åÊåÊVendor Level 5åÊTrust Level 6",Purchase price: USD 0.00,7,Digital ProductsDigital Products,Game Keys,DESTINY EXPANSION PASS (NO GAME)  - PS4 ACCOUNT,"Buy price
USD 7.99

(0.0051 BTC)",PSN-GAMES-PS4,"Views: 640 / Bids: Fixed price
Quantity left: Unlimited",DESTINY EXPANSION PASS (NO GAME)  - PS4 ACCOUNT,Game Keys,Game Keys,DESTINY EXPANSION PASS (NO GAME)  - PS4 ACCOUNT,"Sold by PSN-GAMES-PS4 -
11 sold since Apr 11, 2016åÊåÊVendor Level 5åÊTrust Level 6",Purchase price: USD 7.99,6,Digital ProductsDigital Products,Game Keys,MIRRORå«S EDGE CATALYST  -   PS4 ACCOUNT,"Buy price
USD 19.99

(0.0127 BTC)",PSN-GAMES-PS4,"Views: 469 / Bids: Fixed price
Quantity left: Unlimited",MIRRORå«S EDGE CATALYST  -   PS4 ACCOUNT,Game Keys,Game Keys,MIRRORå«S EDGE CATALYST  -   PS4 ACCOUNT,"Sold by PSN-GAMES-PS4 -
4 sold since Jun 15, 2016åÊåÊVendor Level 5åÊTrust Level 6",Purchase price: USD 19.99,9,Digital ProductsDigital Products,Game Keys,UNCHARTED 4   A THIEFå«S END   -   PS4 ACCOUNT,"Buy price
USD 21.99

(0.0140 BTC)",PSN-GAMES-PS4,"Views: 2903 / Bids: Fixed price
Quantity left: Unlimited",UNCHARTED 4   A THIEFå«S END   -   PS4 ACCOUNT,Game Keys,Game Keys,UNCHARTED 4   A THIEFå«S END   -   PS4 ACCOUNT,"Sold by PSN-GAMES-PS4 -
71 sold since May 10, 2016åÊåÊVendor Level 5åÊTrust Level 6",Purchase price: USD 21.99,2,Digital ProductsDigital Products,Game Keys,All Money Making Methods & Guides(LIMITED OFFER) PROMO PRICE,"Buy price
USD 2.00

(0.0013 BTC)",cocacola007,"Views: 744 / Bids: Fixed price
Quantity left: Unlimited",All Money Making Methods & Guides(LIMITED OFFER) PROMO PRICE,Game Keys,Game Keys,All Money Making Methods & Guides(LIMITED OFFE...,"Sold by cocacola007 -
7 sold since Jan 16, 2016åÊåÊVendor Level 2åÊTrust Level 5",Purchase price: USD 2.00,7,Digital ProductsDigital Products,Game Keys,STAR WARS BATTLEFRONT  PS4,"Buy price
USD 14.99

(0.0095 BTC)",PSN-GAMES-PS4,"Views: 1069 / Bids: Fixed price
Quantity left: Unlimited",STAR WARS BATTLEFRONT  PS4,Game Keys,Game Keys,STAR WARS BATTLEFRONT  PS4,"Sold by PSN-GAMES-PS4 -
30 sold since Mar 28, 2016åÊåÊVendor Level 5åÊTrust Level 6",Purchase price: USD 14.99,3,Digital ProductsDigital Products,Game Keys,PREY  -  PS4 ACCOUNT,"Buy price
USD 0.00

(0.0000 BTC)",PSN-GAMES-PS4,"Views: 15 / Bids: Fixed price
Quantity left: Unlimited",PREY  -  PS4 ACCOUNT,Game Keys,Game Keys,PREY  -  PS4 ACCOUNT,"Sold by PSN-GAMES-PS4 -
0 sold since May 6, 2017åÊåÊVendor Level 5åÊTrust Level 6",Purchase price: USD 0.00,,Digital ProductsDigital Products,Game Keys,ASSASSINå«S CREED - THE EZIO COLLECTION PS4  -  PS4 ACCOUNT,"Buy price
USD 0.00

(0.0000 BTC)",PSN-GAMES-PS4,"Views: 379 / Bids: Fixed price
Quantity left: Unlimited",ASSASSINå«S CREED - THE EZIO COLLECTION PS4  -  PS4 ACCOUNT,Game Keys,Game Keys,ASSASSINå«S CREED - THE EZIO COLLECTION PS4  -  PS4...,"Sold by PSN-GAMES-PS4 -
3 sold since Nov 24, 2016åÊåÊVendor Level 5åÊTrust Level 6",Purchase price: USD 0.00,10,Digital ProductsDigital Products,Game Keys,Pro Evolution Soccer 2016 PC full game,"Buy price
USD 6.77

(0.0043 BTC)",blackmarket,"Views: 414 / Bids: Fixed price
Quantity left: Unlimited",Pro Evolution Soccer 2016 PC full game,Game Keys,Game Keys,Pro Evolution Soccer 2016 PC full game,"Sold by blackmarket -
1 sold since Jun 19, 2016åÊåÊVendor Level 3åÊTrust Level 6",Purchase price: USD 6.77,12,Digital ProductsDigital Products,Game Keys,[$25] OVERWATCH ORIGINS EDITION GLOBAL KEY **100% WORKING & LEGIT GAME KEY**,"Buy price
USD 25.00

(0.0159 BTC)",irdfk,"Views: 699 / Bids: Fixed price
Quantity left: 93 (7 automatic items)",[$25] OVERWATCH ORIGINS EDITION GLOBAL KEY **100% WORKING & LEGIT GAME KEY**,Game Keys,Game Keys,[$25] OVERWATCH ORIGINS EDITION GLOBAL KEY **100% ...,"Sold by irdfk -
8 sold since Jun 27, 2016åÊåÊVendor Level 1åÊTrust Level 3
7 items available for auto-dispatch",Purchase price: USD 25.00,7,Digital ProductsDigital Products,Game Keys,ROCKET LEAGUE  -  PS4 ACCOUNT,"Buy price
USD 9.99

(0.0064 BTC)",PSN-GAMES-PS4,"Views: 1128 / Bids: Fixed price
Quantity left: Unlimited",ROCKET LEAGUE  -  PS4 ACCOUNT,Game Keys,Game Keys,ROCKET LEAGUE  -  PS4 ACCOUNT,"Sold by PSN-GAMES-PS4 -
45 sold since Mar 29, 2016åÊåÊVendor Level 5åÊTrust Level 6",Purchase price: USD 9.99,2,Digital ProductsDigital Products,Game Keys,CALL OF DUTY ADVANCED WARFARE   -  PS4 ACCOUNT,"Buy price
USD 7.99

(0.0051 BTC)",PSN-GAMES-PS4,"Views: 944 / Bids: Fixed price
Quantity left: Unlimited",CALL OF DUTY ADVANCED WARFARE   -  PS4 ACCOUNT,Game Keys,Game Keys,CALL OF DUTY ADVANCED WARFARE   -  PS4 ACCOUNT,"Sold by PSN-GAMES-PS4 -
24 sold since Mar 30, 2016åÊåÊVendor Level 5åÊTrust Level 6",Purchase price: USD 7.99,3,Digital ProductsDigital Products,Game Keys,FOR HONOR  -  PS4 ACCOUNT,"Buy price
USD 0.00

(0.0000 BTC)",PSN-GAMES-PS4,"Views: 247 / Bids: Fixed price
Quantity left: Unlimited",FOR HONOR  -  PS4 ACCOUNT,Game Keys,Game Keys,FOR HONOR  -  PS4 ACCOUNT,"Sold by PSN-GAMES-PS4 -
4 sold since Feb 4, 2017åÊåÊVendor Level 5åÊTrust Level 6",Purchase price: USD 0.00,9,Digital ProductsDigital Products,Game Keys,‰ÏÉ PS4 ACCOUNT ‰÷É PlayStation Plus ‰÷É NBA 2K16 ‰÷É The Crew ‰÷É Rocket League ‰÷É BONUS GAME ‰÷É ‰ÏÉ,"Buy price
USD 12.99

(0.0082 BTC)",TuttiFrutti_store,"Views: 116 / Bids: Fixed price
Quantity left: Unlimited (3 automatic items)",‰ÏÉ PS4 ACCOUNT ‰÷É PlayStation Plus ‰÷É NBA 2K16 ‰÷É The Crew ‰÷É Rocket League ‰÷É BONUS GAME ‰÷É ‰ÏÉ,Game Keys,Game Keys,‰ÏÉ PS4 ACCOUNT ‰÷É PlayStation Plus ‰÷É NBA 2K16 ‰÷É The ...,"Sold by TuttiFrutti_store -
3 sold since Mar 29, 2017åÊåÊVendor Level 2åÊTrust Level 3
3 items available for auto-dispatch",Purchase price: USD 12.99,10,Digital ProductsDigital Products,Game Keys,FAR CRY 4  -  PS4 ACCOUNT,"Buy price
USD 9.99

(0.0064 BTC)",PSN-GAMES-PS4,"Views: 1124 / Bids: Fixed price
Quantity left: Unlimited",FAR CRY 4  -  PS4 ACCOUNT,Game Keys,Game Keys,FAR CRY 4  -  PS4 ACCOUNT,"Sold by PSN-GAMES-PS4 -
39 sold since Mar 30, 2016åÊåÊVendor Level 5åÊTrust Level 6",Purchase price: USD 9.99,2,Digital ProductsDigital Products,Game Keys,‰ÏÉ ‰ÏÉ ‰ÏÉ PS4 ACCOUNT - ‰÷ÉMad Max‰÷ÉSTAR WARS BATTLEFRONT‰÷ÉWORK 100%‰÷É‰ÏÉ‰÷É‰÷É‰÷É‰ÏÉ ‰ÏÉ,"Buy price
USD 5.20

(0.0033 BTC)",TuttiFrutti_store,"Views: 146 / Bids: Fixed price
Quantity left: Unlimited (4 automatic items)",‰ÏÉ ‰ÏÉ ‰ÏÉ PS4 ACCOUNT - ‰÷ÉMad Max‰÷ÉSTAR WARS BATTLEFRONT‰÷ÉWORK 100%‰÷É‰ÏÉ‰÷É‰÷É‰÷É‰ÏÉ ‰ÏÉ,Game Keys,Game Keys,‰ÏÉ ‰ÏÉ ‰ÏÉ PS4 ACCOUNT - ‰÷ÉMad Max‰÷ÉSTAR WARS BATTLEFRONT...,"Sold by TuttiFrutti_store -
4 sold since Mar 29, 2017åÊåÊVendor Level 2åÊTrust Level 3
4 items available for auto-dispatch",Purchase price: USD 5.20,9,Digital ProductsDigital Products,Game Keys,OVERWATCH   -   PS4 ACCOUNT,"Buy price
USD 19.99

(0.0127 BTC)",PSN-GAMES-PS4,"Views: 1547 / Bids: Fixed price
Quantity left: Unlimited",OVERWATCH   -   PS4 ACCOUNT,Game Keys,Game Keys,OVERWATCH   -   PS4 ACCOUNT,"Sold by PSN-GAMES-PS4 -
58 sold since Jun 9, 2016åÊåÊVendor Level 5åÊTrust Level 6",Purchase price: USD 19.99,2,Digital ProductsDigital Products,Game Keys,$1.00 USD Buys One Lottery Ticket ‰ÛÒ You Could Win 1.63 BTC ‰ÛÒ Valid For Four Draws ‰ÛÒ Winning Numbers Drawn Every Friday ‰ÛÒ PLAY CASH PANDA**$$**What Are Your Lucky Numbers?,"Buy price
USD 1.00

(0.0006 BTC)",CashPanda,"Views: 121 / Bids: Fixed price
Quantity left: Unlimited",$1.00 USD Buys One Lottery Ticket ‰ÛÒ You Could Win 1.63 BTC ‰ÛÒ Valid For Four Draws ‰ÛÒ Winning Numbers Drawn Every Friday ‰ÛÒ PLAY CASH PANDA**$$**What Are Your Lucky Numbers?,Game Keys,Game Keys,$1.00 USD Buys One Lottery Ticket ‰ÛÒ You Could Win ...,"Sold by CashPanda -
1 sold since Mar 11, 2017åÊåÊVendor Level 1åÊTrust Level 4",Purchase price: USD 1.00,12,Digital ProductsDigital Products,Game Keys,NBA 2K16  -  PS4 ACCOUNT,"Buy price
USD 9.99

(0.0063 BTC)",PSN-GAMES-PS4,"Views: 608 / Bids: Fixed price
Quantity left: Unlimited",NBA 2K16  -  PS4 ACCOUNT,Game Keys,Game Keys,NBA 2K16  -  PS4 ACCOUNT,"Sold by PSN-GAMES-PS4 -
12 sold since May 17, 2016åÊåÊVendor Level 5åÊTrust Level 6",Purchase price: USD 9.99,5,Digital ProductsDigital Products,Game Keys,THE ELDER SCROLLS V: SKYRIM - SPECIAL EDITION  -  PS4 ACCOUNT  (RENT AND SALE),"Buy price
USD 0.00

(0.0000 BTC)",PSN-GAMES-PS4,"Views: 590 / Bids: Fixed price
Quantity left: Unlimited",THE ELDER SCROLLS V: SKYRIM - SPECIAL EDITION  -  PS4 ACCOUNT  (RENT AND SALE),Game Keys,Game Keys,THE ELDER SCROLLS V: SKYRIM - SPECIAL EDITION  -  ...,"Sold by PSN-GAMES-PS4 -
10 sold since Oct 19, 2016åÊåÊVendor Level 5åÊTrust Level 6",Purchase price: USD 0.00,6,Digital ProductsDigital Products,Game Keys,"From ANY Credit/Debit Card  (cvv ) ‰__ Buy any Gift card 200 $ to 500 $ from  ‰__ ‰__ ‰__ ‰__ ‰__ ‰__‰__ www.g2a.com   Working method 100/100""  ‰ÏÎ‰ÏÎ‰ÏÎBuy $250 daily ‰__ Must see !‰Ñã ‰__ No charge back   ‰__","Buy price
USD 9.99

(0.0063 BTC)",lazy99,"Views: 909 / Bids: Fixed price
Quantity left: Unlimited (39 automatic items)","From ANY Credit/Debit Card  (cvv ) ‰__ Buy any Gift card 200 $ to 500 $ from  ‰__ ‰__ ‰__ ‰__ ‰__ ‰__‰__ www.g2a.com   Working method 100/100""  ‰ÏÎ‰ÏÎ‰ÏÎBuy $250 daily ‰__ Must see !‰Ñã ‰__ No charge back   ‰__",Game Keys,Game Keys,From ANY Credit/Debit Card  (cvv ) ‰__ Buy any Gift ...,"Sold by lazy99 -
9 sold since Feb 12, 2017åÊåÊVendor Level 3åÊTrust Level 4
39 items available for auto-dispatch",Purchase price: USD 9.99,6,Digital ProductsDigital Products,Game Keys,TABLETOP SIMULATOR MR.GAME-SKIDROW,"Buy price
USD 5.00

(0.0032 BTC)",HeartKidnapper,null,TABLETOP SIMULATOR MR.GAME-SKIDROW,Game Keys,Game Keys,TABLETOP SIMULATOR MR.GAME-SKIDROW,"Sold by HeartKidnapper -
0 sold since May 16, 2016åÊåÊVendor Level 2åÊTrust Level 5",Purchase price: USD 5.00,,Digital ProductsDigital Products,Game Keys,DYING LIGHT  -  PS4 ACCOUNT,"Buy price
USD 16.99

(0.0108 BTC)",PSN-GAMES-PS4,"Views: 667 / Bids: Fixed price
Quantity left: Unlimited",DYING LIGHT  -  PS4 ACCOUNT,Game Keys,Game Keys,DYING LIGHT  -  PS4 ACCOUNT,"Sold by PSN-GAMES-PS4 -
13 sold since Mar 29, 2016åÊåÊVendor Level 5åÊTrust Level 6",Purchase price: USD 16.99,5,Digital ProductsDigital Products,Game Keys,‰ÏÉ PS4 ACCOUNT ‰÷É Call of Dutyå¨: Infinite Warfare - Digital Deluxe ‰÷É WORK 100% ‰÷É‰ÏÉ,"Buy price
USD 17.99

(0.0114 BTC)",TuttiFrutti_store,"Views: 176 / Bids: Fixed price
Quantity left: Unlimited (3 automatic items)",‰ÏÉ PS4 ACCOUNT ‰÷É Call of Dutyå¨: Infinite Warfare - Digital Deluxe ‰÷É WORK 100% ‰÷É‰ÏÉ,Game Keys,Game Keys,‰ÏÉ PS4 ACCOUNT ‰÷É Call of Dutyå¨: Infinite Warfare - ...,"Sold by TuttiFrutti_store -
5 sold since Mar 29, 2017åÊåÊVendor Level 2åÊTrust Level 3
3 items available for auto-dispatch",Purchase price: USD 17.99,8,Digital ProductsDigital Products,Game Keys,INFAMOUS SECOND SON  -  PS4 ACCOUNT,"Buy price
USD 9.99

(0.0063 BTC)",PSN-GAMES-PS4,"Views: 725 / Bids: Fixed price
Quantity left: Unlimited",INFAMOUS SECOND SON  -  PS4 ACCOUNT,Game Keys,Game Keys,INFAMOUS SECOND SON  -  PS4 ACCOUNT,"Sold by PSN-GAMES-PS4 -
16 sold since Mar 31, 2016åÊåÊVendor Level 5åÊTrust Level 6",Purchase price: USD 9.99,4,Digital ProductsDigital Products,Game Keys,Total War Attila  - PC Steam Code,"Buy price
USD 20.00

(0.0127 BTC)",AnomalyA,"Views: 533 / Bids: Fixed price
Quantity left: 1",Total War Attila  - PC Steam Code,Game Keys,Game Keys,Total War Attila  - PC Steam Code,"Sold by AnomalyA -
0 sold since Feb 22, 2016åÊåÊVendor Level 4åÊTrust Level 6",Purchase price: USD 20.00,,Digital ProductsDigital Products,Game Keys,TOM CLANCYå«S THE DIVISION   -  PS4 ACCOUNT,"Buy price
USD 19.99

(0.0127 BTC)",PSN-GAMES-PS4,"Views: 1057 / Bids: Fixed price
Quantity left: Unlimited",TOM CLANCYå«S THE DIVISION   -  PS4 ACCOUNT,Game Keys,Game Keys,TOM CLANCYå«S THE DIVISION   -  PS4 ACCOUNT,"Sold by PSN-GAMES-PS4 -
30 sold since Mar 31, 2016åÊåÊVendor Level 5åÊTrust Level 6",Purchase price: USD 19.99,3,Digital ProductsDigital Products,Game Keys,ONLY RENT  -  SECONDARY  -  PS4 ACCOUNT  -  (LEGAL ACCOUNT  -  NO HACK),"Buy price
USD 0.00

(0.0000 BTC)",PSN-GAMES-PS4,"Views: 363 / Bids: Fixed price
Quantity left: Unlimited",ONLY RENT  -  SECONDARY  -  PS4 ACCOUNT  -  (LEGAL ACCOUNT  -  NO HACK),Game Keys,Game Keys,ONLY RENT  -  SECONDARY  -  PS4 ACCOUNT  -  (LEGAL...,"Sold by PSN-GAMES-PS4 -
2 sold since Nov 24, 2016åÊåÊVendor Level 5åÊTrust Level 6",Purchase price: USD 0.00,11,Digital ProductsDigital Products,Game Keys,TOMB RAIDER  -  PS4 ACCOUNT,"Buy price
USD 13.99

(0.0089 BTC)",PSN-GAMES-PS4,"Views: 634 / Bids: Fixed price
Quantity left: Unlimited",TOMB RAIDER  -  PS4 ACCOUNT,Game Keys,Game Keys,TOMB RAIDER  -  PS4 ACCOUNT,"Sold by PSN-GAMES-PS4 -
9 sold since Apr 8, 2016åÊåÊVendor Level 5åÊTrust Level 6",Purchase price: USD 13.99,6,Digital ProductsDigital Products,Game Keys,METAL GEAR SOLID V: THE PHANTOM PAIN  -  PS4 ACCOUNT,"Buy price
USD 16.99

(0.0108 BTC)",PSN-GAMES-PS4,"Views: 746 / Bids: Fixed price
Quantity left: Unlimited",METAL GEAR SOLID V: THE PHANTOM PAIN  -  PS4 ACCOUNT,Game Keys,Game Keys,METAL GEAR SOLID V: THE PHANTOM PAIN  -  PS4 ACCOU...,"Sold by PSN-GAMES-PS4 -
23 sold since Mar 29, 2016åÊåÊVendor Level 5åÊTrust Level 6",Purchase price: USD 16.99,3,Digital ProductsDigital Products,Game Keys,***Never seen before!***[Autobuy] Poker Spy v2.92.03 Incl Keygen [Windows]***Limited offer!*** + FREEBIES,"Buy price
USD 5.34

(0.0034 BTC)",benny9016,"Views: 284 / Bids: Fixed price
Quantity left: 99",***Never seen before!***[Autobuy] Poker Spy v2.92.03 Incl Keygen [Windows]***Limited offer!*** + FREEBIES,Game Keys,Game Keys,***Never seen before!***[Autobuy] Poker Spy v2.92....,"Sold by benny9016 -
1 sold since Mar 11, 2017åÊåÊVendor Level 1åÊTrust Level 4",Purchase price: USD 5.34,12,Digital ProductsDigital Products,Game Keys,BLOODBORNE - PS4 ACCOUNT,"Buy price
USD 14.99

(0.0095 BTC)",PSN-GAMES-PS4,"Views: 943 / Bids: Fixed price
Quantity left: Unlimited",BLOODBORNE - PS4 ACCOUNT,Game Keys,Game Keys,BLOODBORNE - PS4 ACCOUNT,"Sold by PSN-GAMES-PS4 -
26 sold since Mar 29, 2016åÊåÊVendor Level 5åÊTrust Level 6",Purchase price: USD 14.99,3,Digital ProductsDigital Products,Game Keys,INJUSTICE GODS AMONG US ULTIMATE EDITION XBOX360-COMPLEX,"Buy price
USD 5.00

(0.0032 BTC)",HeartKidnapper,null,INJUSTICE GODS AMONG US ULTIMATE EDITION XBOX360-COMPLEX,Game Keys,Game Keys,INJUSTICE GODS AMONG US ULTIMATE EDITION XBOX360-C...,"Sold by HeartKidnapper -
3 sold since May 16, 2016åÊåÊVendor Level 2åÊTrust Level 5",Purchase price: USD 5.00,10,Digital ProductsDigital Products,Game Keys,UFC 2  -  PS4 ACCOUNT,"Buy price
USD 19.99

(0.0127 BTC)",PSN-GAMES-PS4,"Views: 1596 / Bids: Fixed price
Quantity left: Unlimited",UFC 2  -  PS4 ACCOUNT,Game Keys,Game Keys,UFC 2  -  PS4 ACCOUNT,"Sold by PSN-GAMES-PS4 -
59 sold since Apr 1, 2016åÊåÊVendor Level 5åÊTrust Level 6",Purchase price: USD 19.99,2,Digital ProductsDigital Products,Game Keys,MORTAL KOMBAT XL  -  PS4 ACCOUNT,"Buy price
USD 19.99

(0.0127 BTC)",PSN-GAMES-PS4,"Views: 475 / Bids: Fixed price
Quantity left: Unlimited",MORTAL KOMBAT XL  -  PS4 ACCOUNT,Game Keys,Game Keys,MORTAL KOMBAT XL  -  PS4 ACCOUNT,"Sold by PSN-GAMES-PS4 -
10 sold since Jul 28, 2016åÊåÊVendor Level 5åÊTrust Level 6",Purchase price: USD 19.99,6,Digital ProductsDigital Products,Game Keys,THE ELDER SCROLLS ONLINE  -  PS4 ACCOUNT,"Buy price
USD 11.99

(0.0076 BTC)",PSN-GAMES-PS4,"Views: 723 / Bids: Fixed price
Quantity left: Unlimited",THE ELDER SCROLLS ONLINE  -  PS4 ACCOUNT,Game Keys,Game Keys,THE ELDER SCROLLS ONLINE  -  PS4 ACCOUNT,"Sold by PSN-GAMES-PS4 -
18 sold since Mar 29, 2016åÊåÊVendor Level 5åÊTrust Level 6",Purchase price: USD 11.99,4,Digital ProductsDigital Products,Game Keys,NBA 2K17   -   PS4 ACCOUNT,"Buy price
USD 24.99

(0.0159 BTC)",PSN-GAMES-PS4,"Views: 1097 / Bids: Fixed price
Quantity left: Unlimited",NBA 2K17   -   PS4 ACCOUNT,Game Keys,Game Keys,NBA 2K17   -   PS4 ACCOUNT,"Sold by PSN-GAMES-PS4 -
33 sold since Sep 15, 2016åÊåÊVendor Level 5åÊTrust Level 6",Purchase price: USD 24.99,2,Digital ProductsDigital Products,Game Keys,DRAGON AGE INQUISITION  - PS4 ACCOUNT,"Buy price
USD 9.99

(0.0063 BTC)",PSN-GAMES-PS4,"Views: 589 / Bids: Fixed price
Quantity left: Unlimited",DRAGON AGE INQUISITION  - PS4 ACCOUNT,Game Keys,Game Keys,DRAGON AGE INQUISITION  - PS4 ACCOUNT,"Sold by PSN-GAMES-PS4 -
5 sold since Mar 29, 2016åÊåÊVendor Level 5åÊTrust Level 6",Purchase price: USD 9.99,8,Digital ProductsDigital Products,Game Keys,RESIDENT EVIL 7 BIOHAZARD  -  PS4 ACCOUNT,"Buy price
USD 0.00

(0.0000 BTC)",PSN-GAMES-PS4,"Views: 976 / Bids: Fixed price
Quantity left: Unlimited",RESIDENT EVIL 7 BIOHAZARD  -  PS4 ACCOUNT,Game Keys,Game Keys,RESIDENT EVIL 7 BIOHAZARD  -  PS4 ACCOUNT,"Sold by PSN-GAMES-PS4 -
19 sold since Jan 17, 2017åÊåÊVendor Level 5åÊTrust Level 6",Purchase price: USD 0.00,4,Digital ProductsDigital Products,Game Keys,ALIEN ISOLATION  -  PS4 ACCOUNT,"Buy price
USD 13.99

(0.0089 BTC)",PSN-GAMES-PS4,"Views: 524 / Bids: Fixed price
Quantity left: Unlimited",ALIEN ISOLATION  -  PS4 ACCOUNT,Game Keys,Game Keys,ALIEN ISOLATION  -  PS4 ACCOUNT,"Sold by PSN-GAMES-PS4 -
6 sold since Apr 8, 2016åÊåÊVendor Level 5åÊTrust Level 6",Purchase price: USD 13.99,8,Digital ProductsDigital Products,Game Keys,STEEP  -  PS4 ACCOUNT,"Buy price
USD 0.00

(0.0000 BTC)",PSN-GAMES-PS4,"Views: 194 / Bids: Fixed price
Quantity left: Unlimited",STEEP  -  PS4 ACCOUNT,Game Keys,Game Keys,STEEP  -  PS4 ACCOUNT,"Sold by PSN-GAMES-PS4 -
1 sold since Jan 5, 2017åÊåÊVendor Level 5åÊTrust Level 6",Purchase price: USD 0.00,12,Digital ProductsDigital Products,Game Keys,ARK: SURVIVAL EVOLVED  -  PS4 ACCOUNT,"Buy price
USD 0.00

(0.0000 BTC)",PSN-GAMES-PS4,"Views: 285 / Bids: Fixed price
Quantity left: Unlimited",ARK: SURVIVAL EVOLVED  -  PS4 ACCOUNT,Game Keys,Game Keys,ARK: SURVIVAL EVOLVED  -  PS4 ACCOUNT,"Sold by PSN-GAMES-PS4 -
5 sold since Dec 22, 2016åÊåÊVendor Level 5åÊTrust Level 6",Purchase price: USD 0.00,9,Digital ProductsDigital Products,Game Keys,SNIPER ELITE 4  -  PS4 ACCOUNT,"Buy price
USD 0.00

(0.0000 BTC)",PSN-GAMES-PS4,"Views: 152 / Bids: Fixed price
Quantity left: Unlimited",SNIPER ELITE 4  -  PS4 ACCOUNT,Game Keys,Game Keys,SNIPER ELITE 4  -  PS4 ACCOUNT,"Sold by PSN-GAMES-PS4 -
1 sold since Feb 4, 2017åÊåÊVendor Level 5åÊTrust Level 6",Purchase price: USD 0.00,12,Digital ProductsDigital Products,Game Keys,MADDEN NFL 17  -  PS4 ACCOUNT,"Buy price
USD 24.99

(0.0159 BTC)",PSN-GAMES-PS4,"Views: 571 / Bids: Fixed price
Quantity left: Unlimited",MADDEN NFL 17  -  PS4 ACCOUNT,Game Keys,Game Keys,MADDEN NFL 17  -  PS4 ACCOUNT,"Sold by PSN-GAMES-PS4 -
9 sold since Aug 23, 2016åÊåÊVendor Level 5åÊTrust Level 6",Purchase price: USD 24.99,7,Digital ProductsDigital Products,Game Keys,‰_Û‰_ã‰_Û‰_ã‰_Û‰_ã Pack PC Games & Stories XXX - Ultimate Collection ‰_ã‰_Û‰_ã‰_Û‰_ã‰_Û,"Buy price
USD 0.00

(0.0000 BTC)",darkmarket,"Views: 1392 / Bids: Fixed price
Quantity left: Unlimited (823 automatic items)",‰_Û‰_ã‰_Û‰_ã‰_Û‰_ã Pack PC Games & Stories XXX - Ultimate Collection ‰_ã‰_Û‰_ã‰_Û‰_ã‰_Û,Game Keys,Game Keys,‰_Û‰_ã‰_Û‰_ã‰_Û‰_ã Pack PC Games & Stories XXX - Ultimate ...,"Sold by darkmarket -
4 sold since Jan 27, 2016åÊåÊVendor Level 3åÊTrust Level 6
823 items available for auto-dispatch",Purchase price: USD 0.00,9,Digital ProductsDigital Products,Game Keys,Fallout 3 Game of the Year  - PC Steam Code,"Buy price
USD 20.00

(0.0127 BTC)",AnomalyA,"Views: 580 / Bids: Fixed price
Quantity left: 2",Fallout 3 Game of the Year  - PC Steam Code,Game Keys,Game Keys,Fallout 3 Game of the Year  - PC Steam Code,"Sold by AnomalyA -
1 sold since Feb 17, 2016åÊåÊVendor Level 4åÊTrust Level 6",Purchase price: USD 20.00,11,Digital ProductsDigital Products,Game Keys,LEGO STAR WARS: THE FORCE AWAKENS   -   PS4 ACCOUNT,"Buy price
USD 17.99

(0.0114 BTC)",PSN-GAMES-PS4,"Views: 433 / Bids: Fixed price
Quantity left: Unlimited",LEGO STAR WARS: THE FORCE AWAKENS   -   PS4 ACCOUNT,Game Keys,Game Keys,LEGO STAR WARS: THE FORCE AWAKENS   -   PS4 ACCOUN...,"Sold by PSN-GAMES-PS4 -
5 sold since Jul 4, 2016åÊåÊVendor Level 5åÊTrust Level 6",Purchase price: USD 17.99,8,Digital ProductsDigital Products,Game Keys,MORTAL KOMBAT X  -  PS4 ACCOUNT,"Buy price
USD 13.99

(0.0089 BTC)",PSN-GAMES-PS4,"Views: 962 / Bids: Fixed price
Quantity left: Unlimited",MORTAL KOMBAT X  -  PS4 ACCOUNT,Game Keys,Game Keys,MORTAL KOMBAT X  -  PS4 ACCOUNT,"Sold by PSN-GAMES-PS4 -
31 sold since Apr 1, 2016åÊåÊVendor Level 5åÊTrust Level 6",Purchase price: USD 13.99,3,Digital ProductsDigital Products,Game Keys,DOOM   -   PS4 ACCOUNT,"Buy price
USD 19.99

(0.0127 BTC)",PSN-GAMES-PS4,"Views: 646 / Bids: Fixed price
Quantity left: Unlimited",DOOM   -   PS4 ACCOUNT,Game Keys,Game Keys,DOOM   -   PS4 ACCOUNT,"Sold by PSN-GAMES-PS4 -
9 sold since May 28, 2016åÊåÊVendor Level 5åÊTrust Level 6",Purchase price: USD 19.99,7,Digital ProductsDigital Products,Game Keys,Windows Store Gift Card with 25% off (Valid and Legal),"Buy price
USD 3.75

(0.0024 BTC)",amirmalas1,"Views: 196 / Bids: Fixed price
Quantity left: Unlimited (10 automatic items)",Windows Store Gift Card with 25% off (Valid and Legal),Game Keys,Game Keys,Windows Store Gift Card with 25% off (Valid and Le...,"Sold by amirmalas1 -
0 sold since Feb 12, 2017åÊåÊVendor Level 1åÊTrust Level 5
10 items available for auto-dispatch",Purchase price: USD 3.75,14,Digital ProductsDigital Products,Game Keys,Fallout New Vegas Ultimate Edition  - PC Steam Code,"Buy price
USD 15.00

(0.0095 BTC)",AnomalyA,"Views: 626 / Bids: Fixed price
Quantity left: 1",Fallout New Vegas Ultimate Edition  - PC Steam Code,Game Keys,Game Keys,Fallout New Vegas Ultimate Edition  - PC Steam Cod...,"Sold by AnomalyA -
2 sold since Feb 15, 2016åÊåÊVendor Level 4åÊTrust Level 6",Purchase price: USD 15.00,11,Digital ProductsDigital Products,Game Keys,NO MANå«S SKY  -  PS4 ACCOUNT,"Buy price
USD 19.99

(0.0127 BTC)",PSN-GAMES-PS4,"Views: 653 / Bids: Fixed price
Quantity left: Unlimited",NO MANå«S SKY  -  PS4 ACCOUNT,Game Keys,Game Keys,NO MANå«S SKY  -  PS4 ACCOUNT,"Sold by PSN-GAMES-PS4 -
18 sold since Aug 10, 2016åÊåÊVendor Level 5åÊTrust Level 6",Purchase price: USD 19.99,4,Digital ProductsDigital Products,Game Keys,MAFIA III  -  PS4 ACCOUNT  (RENT AND SALE),"Buy price
USD 0.00

(0.0000 BTC)",PSN-GAMES-PS4,"Views: 743 / Bids: Fixed price
Quantity left: Unlimited",MAFIA III  -  PS4 ACCOUNT  (RENT AND SALE),Game Keys,Game Keys,MAFIA III  -  PS4 ACCOUNT  (RENT AND SALE),"Sold by PSN-GAMES-PS4 -
11 sold since Oct 19, 2016åÊåÊVendor Level 5åÊTrust Level 6",Purchase price: USD 0.00,6,Digital ProductsDigital Products,Game Keys,DESTINY  -  PS3 ACCOUNT,"Buy price
USD 5.99

(0.0038 BTC)",PSN-GAMES-PS4,"Views: 612 / Bids: Fixed price
Quantity left: Unlimited",DESTINY  -  PS3 ACCOUNT,Game Keys,Game Keys,DESTINY  -  PS3 ACCOUNT,"Sold by PSN-GAMES-PS4 -
6 sold since Apr 8, 2016åÊåÊVendor Level 5åÊTrust Level 6",Purchase price: USD 5.99,8,Digital ProductsDigital Products,Game Keys,SAINTS ROW GAT OUT OF HELL   -   PS4 ACCOUNT,"Buy price
USD 8.99

(0.0057 BTC)",PSN-GAMES-PS4,"Views: 301 / Bids: Fixed price
Quantity left: Unlimited",SAINTS ROW GAT OUT OF HELL   -   PS4 ACCOUNT,Game Keys,Game Keys,SAINTS ROW GAT OUT OF HELL   -   PS4 ACCOUNT,"Sold by PSN-GAMES-PS4 -
0 sold since Aug 27, 2016åÊåÊVendor Level 5åÊTrust Level 6",Purchase price: USD 8.99,,Digital ProductsDigital Products,Game Keys,THE CREW  -  PS4 ACCOUNT,"Buy price
USD 13.99

(0.0089 BTC)",PSN-GAMES-PS4,"Views: 576 / Bids: Fixed price
Quantity left: Unlimited",THE CREW  -  PS4 ACCOUNT,Game Keys,Game Keys,THE CREW  -  PS4 ACCOUNT,"Sold by PSN-GAMES-PS4 -
9 sold since Apr 22, 2016åÊåÊVendor Level 5åÊTrust Level 6",Purchase price: USD 13.99,6,Digital ProductsDigital Products,Game Keys,FIFA 17  -  PS4 ACCOUNT  (LEGAL ACCOUNT  -  NO HACK)  (RENT AND SALE),"Buy price
USD 0.00

(0.0000 BTC)",PSN-GAMES-PS4,"Views: 2197 / Bids: Fixed price
Quantity left: Unlimited",FIFA 17  -  PS4 ACCOUNT  (LEGAL ACCOUNT  -  NO HACK)  (RENT AND SALE),Game Keys,Game Keys,FIFA 17  -  PS4 ACCOUNT  (LEGAL ACCOUNT  -  NO HAC...,"Sold by PSN-GAMES-PS4 -
51 sold since Oct 19, 2016åÊåÊVendor Level 5åÊTrust Level 6",Purchase price: USD 0.00,2,Digital ProductsDigital Products,Game Keys,FIFA 15  -  PS4,"Buy price
USD 4.99

(0.0032 BTC)",PSN-GAMES-PS4,"Views: 829 / Bids: Fixed price
Quantity left: Unlimited",FIFA 15  -  PS4,Game Keys,Game Keys,FIFA 15  -  PS4,"Sold by PSN-GAMES-PS4 -
21 sold since Apr 8, 2016åÊåÊVendor Level 5åÊTrust Level 6",Purchase price: USD 4.99,4,Digital ProductsDigital Products,Game Keys,FIREWATCH  -   PS4 ACCOUNT,"Buy price
USD 12.99

(0.0082 BTC)",PSN-GAMES-PS4,"Views: 379 / Bids: Fixed price
Quantity left: Unlimited",FIREWATCH  -   PS4 ACCOUNT,Game Keys,Game Keys,FIREWATCH  -   PS4 ACCOUNT,"Sold by PSN-GAMES-PS4 -
1 sold since Jun 18, 2016åÊåÊVendor Level 5åÊTrust Level 6",Purchase price: USD 12.99,12,Digital ProductsDigital Products,Game Keys,MLB THE SHOW 16  -  PS4 ACCOUNT,"Buy price
USD 12.99

(0.0082 BTC)",PSN-GAMES-PS4,"Views: 651 / Bids: Fixed price
Quantity left: Unlimited",MLB THE SHOW 16  -  PS4 ACCOUNT,Game Keys,Game Keys,MLB THE SHOW 16  -  PS4 ACCOUNT,"Sold by PSN-GAMES-PS4 -
16 sold since Apr 22, 2016åÊåÊVendor Level 5åÊTrust Level 6",Purchase price: USD 12.99,4,Digital ProductsDigital Products,Game Keys,‰÷É ‰÷É‰÷É  WWE Network Account  ‰÷É  ‰÷É ‰÷É Lifetime Passwords  ‰÷É ‰÷É ‰÷É  Lifetime Warranty ‰÷É ‰÷É ‰÷É,"Buy price
USD 0.00

(0.0000 BTC)",Narconorman,null,‰÷É ‰÷É‰÷É  WWE Network Account  ‰÷É  ‰÷É ‰÷É Lifetime Passwords  ‰÷É ‰÷É ‰÷É  Lifetime Warranty ‰÷É ‰÷É ‰÷É,Game Keys,Game Keys,‰÷É ‰÷É‰÷É  WWE Network Account  ‰÷É  ‰÷É ‰÷É Lifetime Passwor...,"Sold by Narconorman -
31 sold since Mar 25, 2017åÊåÊVendor Level 3åÊTrust Level 4",Purchase price: USD 0.00,3,Digital ProductsDigital Products,Game Keys,FALLOUT 4  - PS4 ACCOUNT,"Buy price
USD 16.99

(0.0108 BTC)",PSN-GAMES-PS4,"Views: 1699 / Bids: Fixed price
Quantity left: Unlimited",FALLOUT 4  - PS4 ACCOUNT,Game Keys,Game Keys,FALLOUT 4  - PS4 ACCOUNT,"Sold by PSN-GAMES-PS4 -
53 sold since Mar 29, 2016åÊåÊVendor Level 5åÊTrust Level 6",Purchase price: USD 16.99,2,Digital ProductsDigital Products,Game Keys,THE WITCHER 3 WILD HUNT - PS4 ACCOUNT,"Buy price
USD 14.99

(0.0095 BTC)",PSN-GAMES-PS4,"Views: 1097 / Bids: Fixed price
Quantity left: Unlimited",THE WITCHER 3 WILD HUNT - PS4 ACCOUNT,Game Keys,Game Keys,THE WITCHER 3 WILD HUNT - PS4 ACCOUNT,"Sold by PSN-GAMES-PS4 -
34 sold since Mar 29, 2016åÊåÊVendor Level 5åÊTrust Level 6",Purchase price: USD 14.99,2,Digital ProductsDigital Products,Game Keys,PLAYSTATION PLUS 20-24 MONTHS  - PSN ACCOUNT,"Buy price
USD 14.99

(0.0095 BTC)",PSN-GAMES-PS4,"Views: 342 / Bids: Fixed price
Quantity left: Unlimited",PLAYSTATION PLUS 20-24 MONTHS  - PSN ACCOUNT,Game Keys,Game Keys,PLAYSTATION PLUS 20-24 MONTHS  - PSN ACCOUNT,"Sold by PSN-GAMES-PS4 -
3 sold since Feb 20, 2017åÊåÊVendor Level 5åÊTrust Level 6",Purchase price: USD 14.99,10,Digital ProductsDigital Products,Game Keys,Dunkin Donuts Gift Card,"Buy price
USD 0.00

(0.0000 BTC)",Cashout-Sell,"Views: 143 / Bids: Fixed price
Quantity left: Unlimited",Dunkin Donuts Gift Card,Game Keys,Game Keys,Dunkin Donuts Gift Card,"Sold by Cashout-Sell -
0 sold since Mar 26, 2017åÊåÊVendor Level 1åÊTrust Level 3",Purchase price: USD 0.00,12,Digital ProductsDigital Products,Game Keys,CRIME STORE SELLING DARKNET ITEMS: LINK:  crimetcigbfjciga.onion,"Buy price
USD 1.00

(0.0006 BTC)",Chairo05,"Views: 402 / Bids: Fixed price
Quantity left: 15",CRIME STORE SELLING DARKNET ITEMS: LINK:  crimetcigbfjciga.onion,Game Keys,Game Keys,CRIME STORE SELLING DARKNET ITEMS: LINK:  crimetci...,"Sold by Chairo05 -
0 sold since Jul 12, 2016åÊåÊVendor Level 1åÊTrust Level 3",Purchase price: USD 1.00,13,Digital ProductsDigital Products,Game Keys,JUST CAUSE 3  -  PS4 ACCOUNT,"Buy price
USD 19.99

(0.0127 BTC)",PSN-GAMES-PS4,"Views: 624 / Bids: Fixed price
Quantity left: Unlimited",JUST CAUSE 3  -  PS4 ACCOUNT,Game Keys,Game Keys,JUST CAUSE 3  -  PS4 ACCOUNT,"Sold by PSN-GAMES-PS4 -
13 sold since Mar 31, 2016åÊåÊVendor Level 5åÊTrust Level 6",Purchase price: USD 19.99,5,Digital ProductsDigital Products,Game Keys,‰÷É Free Papa Johns and Dominos Pizaa + Freebies‰÷É ‰ùá‰ÒÀ‰ù_‰ù_  (6),"Buy price
USD 0.98

(0.0006 BTC)",Alphabaydigitalshop,"Views: 161 / Bids: Fixed price
Quantity left: Unlimited (1 automatic items)",‰÷É Free Papa Johns and Dominos Pizaa + Freebies‰÷É ‰ùá‰ÒÀ‰ù_‰ù_  (6),Game Keys,Game Keys,‰÷É Free Papa Johns and Dominos Pizaa + Freebies‰÷É ‰ùá‰ÒÀ...,"Sold by Alphabaydigitalshop -
1 sold since Feb 25, 2017åÊåÊVendor Level 1åÊTrust Level 3
1 items available for auto-dispatch",Purchase price: USD 0.98,12,Digital ProductsDigital Products,Game Keys,OUTLAST  -  PS4 ACCOUNT,"Buy price
USD 9.99

(0.0063 BTC)",PSN-GAMES-PS4,"Views: 555 / Bids: Fixed price
Quantity left: Unlimited",OUTLAST  -  PS4 ACCOUNT,Game Keys,Game Keys,OUTLAST  -  PS4 ACCOUNT,"Sold by PSN-GAMES-PS4 -
4 sold since Mar 31, 2016åÊåÊVendor Level 5åÊTrust Level 6",Purchase price: USD 9.99,9,Digital ProductsDigital Products,Game Keys,‰_à‰_à‰_à mrWiSEGUY's STORE ‰_à‰_à‰_à  ‰ùá‰ÒÀ‰ù_‰ùÈ ‰_à‰_à‰_à ‰÷É‰÷É‰÷É Rise Of The Tomb Raider 2016 - !!!! CRACKED !!!! WINDOWS/PC - 27GB FULL GAME ‰÷É‰÷É‰÷É,"Buy price
USD 1.99

(0.0013 BTC)",mrWiSEGUY,null,‰_à‰_à‰_à mrWiSEGUY's STORE ‰_à‰_à‰_à  ‰ùá‰ÒÀ‰ù_‰ùÈ ‰_à‰_à‰_à ‰÷É‰÷É‰÷É Rise Of The Tomb Raider 2016 - !!!! CRACKED !!!! WINDOWS/PC - 27GB FULL GAME ‰÷É‰÷É‰÷É,Game Keys,Game Keys,‰_à‰_à‰_à mrWiSEGUY's STORE ‰_à‰_à‰_à  ‰ùá‰ÒÀ‰ù_‰ùÈ ‰_à‰_à‰_à ‰÷É‰÷É‰÷É Rise O...,"Sold by mrWiSEGUY -
0 sold since Aug 11, 2016åÊåÊVendor Level 1åÊTrust Level 4
250 items available for auto-dispatch",Purchase price: USD 1.99,13,Digital ProductsDigital Products,Game Keys,UNRAVEL  -  PS4 ACCOUNT,"Buy price
USD 9.99

(0.0063 BTC)",PSN-GAMES-PS4,"Views: 553 / Bids: Fixed price
Quantity left: Unlimited",UNRAVEL  -  PS4 ACCOUNT,Game Keys,Game Keys,UNRAVEL  -  PS4 ACCOUNT,"Sold by PSN-GAMES-PS4 -
7 sold since Mar 31, 2016åÊåÊVendor Level 5åÊTrust Level 6",Purchase price: USD 9.99,7,Digital ProductsDigital Products,Game Keys,UNCHARTED - THE NATHAN DRAKE COLLECTION    -  PS4 ACCOUNT,"Buy price
USD 13.99

(0.0089 BTC)",PSN-GAMES-PS4,"Views: 718 / Bids: Fixed price
Quantity left: Unlimited",UNCHARTED - THE NATHAN DRAKE COLLECTION    -  PS4 ACCOUNT,Game Keys,Game Keys,UNCHARTED - THE NATHAN DRAKE COLLECTION    -  PS4 ...,"Sold by PSN-GAMES-PS4 -
14 sold since Mar 31, 2016åÊåÊVendor Level 5åÊTrust Level 6",Purchase price: USD 13.99,5,Digital ProductsDigital Products,Game Keys,"‰÷É‰÷É‰÷É‰ª_ ‰ª_ ‰ª_ AUTOFULFILL!!! MILLIONARE'S PACKAGE!!! EBAY, PAYPAL, MONEY MAKING, CASHOUT, BANK DROPS, ANTIDETECT AND MUCH MORE!!!! WORK FROM HOME!!! FREEBIES + PORN INCLUDED!!!‰ª_ ‰ª_ ‰ª_ ‰÷É‰÷É‰÷É","Buy price
USD 1.95

(0.0012 BTC)",squaticat,"Views: 177 / Bids: Fixed price
Quantity left: Unlimited (250 automatic items)","‰÷É‰÷É‰÷É‰ª_ ‰ª_ ‰ª_ AUTOFULFILL!!! MILLIONARE'S PACKAGE!!! EBAY, PAYPAL, MONEY MAKING, CASHOUT, BANK DROPS, ANTIDETECT AND MUCH MORE!!!! WORK FROM HOME!!! FREEBIES + PORN INCLUDED!!!‰ª_ ‰ª_ ‰ª_ ‰÷É‰÷É‰÷É",Game Keys,Game Keys,‰÷É‰÷É‰÷É‰ª_ ‰ª_ ‰ª_ AUTOFULFILL!!! MILLIONARE'S PACKAGE!!...,"Sold by squaticat -
0 sold since Jan 16, 2017åÊåÊVendor Level 1åÊTrust Level 5
250 items available for auto-dispatch",Purchase price: USD 1.95,14,Digital ProductsDigital Products,Game Keys,SMITE  -   PS4 ACCOUNT,"Buy price
USD 6.99

(0.0044 BTC)",PSN-GAMES-PS4,"Views: 392 / Bids: Fixed price
Quantity left: Unlimited",SMITE  -   PS4 ACCOUNT,Game Keys,Game Keys,SMITE  -   PS4 ACCOUNT,"Sold by PSN-GAMES-PS4 -
0 sold since Jun 7, 2016åÊåÊVendor Level 5åÊTrust Level 6",Purchase price: USD 6.99,14,Digital ProductsDigital Products,Game Keys,NBA 2K15  -  PS4,"Buy price
USD 4.99

(0.0032 BTC)",PSN-GAMES-PS4,"Views: 834 / Bids: Fixed price
Quantity left: Unlimited",NBA 2K15  -  PS4,Game Keys,Game Keys,NBA 2K15  -  PS4,"Sold by PSN-GAMES-PS4 -
22 sold since Apr 8, 2016åÊåÊVendor Level 5åÊTrust Level 6",Purchase price: USD 4.99,3,Digital ProductsDigital Products,Game Keys,NEED FOR SPEED RIVALS  -  PS4 ACCOUNT,"Buy price
USD 9.99

(0.0063 BTC)",PSN-GAMES-PS4,"Views: 555 / Bids: Fixed price
Quantity left: Unlimited",NEED FOR SPEED RIVALS  -  PS4 ACCOUNT,Game Keys,Game Keys,NEED FOR SPEED RIVALS  -  PS4 ACCOUNT,"Sold by PSN-GAMES-PS4 -
6 sold since Apr 4, 2016åÊåÊVendor Level 5åÊTrust Level 6",Purchase price: USD 9.99,8,Digital ProductsDigital Products,Game Keys,‰÷É Fake Finger Prints Expert Guide Plus 2 Freebies  ‰÷É ‰ùá‰ÒÀ‰ù_‰ù_ (14),"Buy price
USD 1.00

(0.0006 BTC)",Alphabaydigitalshop,"Views: 74 / Bids: Fixed price
Quantity left: Unlimited",‰÷É Fake Finger Prints Expert Guide Plus 2 Freebies  ‰÷É ‰ùá‰ÒÀ‰ù_‰ù_ (14),Game Keys,Game Keys,‰÷É Fake Finger Prints Expert Guide Plus 2 Freebies ...,"Sold by Alphabaydigitalshop -
1 sold since Mar 31, 2017åÊåÊVendor Level 1åÊTrust Level 3",Purchase price: USD 1.00,12,Digital ProductsDigital Products,Game Keys,‰÷É‰÷É‰÷É Dexter GIVES YOU ‰÷É‰÷É‰÷ÉCashing Out Western Union - It's all about the Bins - Working Method,"Buy price
USD 1.99

(0.0013 BTC)",DexterITy4U,"Views: 137 / Bids: Fixed price
Quantity left: Unlimited (90 automatic items)",‰÷É‰÷É‰÷É Dexter GIVES YOU ‰÷É‰÷É‰÷ÉCashing Out Western Union - It's all about the Bins - Working Method,Game Keys,Game Keys,‰÷É‰÷É‰÷É Dexter GIVES YOU ‰÷É‰÷É‰÷ÉCashing Out Western Union ...,"Sold by DexterITy4U -
0 sold since Feb 22, 2017åÊåÊVendor Level 5åÊTrust Level 4
90 items available for auto-dispatch",Purchase price: USD 1.99,14,Digital ProductsDigital Products,Game Keys,‰÷É HQ Counterfeit 20 Bills Template +Detailed Guide + Scans + Freebies ‰÷É ‰ùá‰ÒÀ‰ù_‰ù_ (13),"Buy price
USD 1.99

(0.0013 BTC)",Alphabaydigitalshop,"Views: 96 / Bids: Fixed price
Quantity left: Unlimited (1 automatic items)",‰÷É HQ Counterfeit 20 Bills Template +Detailed Guide + Scans + Freebies ‰÷É ‰ùá‰ÒÀ‰ù_‰ù_ (13),Game Keys,Game Keys,‰÷É HQ Counterfeit 20 Bills Template +Detailed Guide...,"Sold by Alphabaydigitalshop -
0 sold since Mar 1, 2017åÊåÊVendor Level 1åÊTrust Level 3
1 items available for auto-dispatch",Purchase price: USD 1.99,14,Digital ProductsDigital Products,Game Keys,PRO EVOLUTION SOCCER 2016  -  PS4 ACCOUNT,"Buy price
USD 10.99

(0.0070 BTC)",PSN-GAMES-PS4,"Views: 464 / Bids: Fixed price
Quantity left: Unlimited",PRO EVOLUTION SOCCER 2016  -  PS4 ACCOUNT,Game Keys,Game Keys,PRO EVOLUTION SOCCER 2016  -  PS4 ACCOUNT,"Sold by PSN-GAMES-PS4 -
2 sold since May 8, 2016åÊåÊVendor Level 5åÊTrust Level 6",Purchase price: USD 10.99,11,Digital ProductsDigital Products,Game Keys,THE LAST OF US REMASTERED  -  PS4 ACCOUNT,"Buy price
USD 9.99

(0.0064 BTC)",PSN-GAMES-PS4,"Views: 1121 / Bids: Fixed price
Quantity left: Unlimited",THE LAST OF US REMASTERED  -  PS4 ACCOUNT,Game Keys,Game Keys,THE LAST OF US REMASTERED  -  PS4 ACCOUNT,"Sold by PSN-GAMES-PS4 -
42 sold since Mar 29, 2016åÊåÊVendor Level 5åÊTrust Level 6",Purchase price: USD 9.99,2,Digital ProductsDigital Products,Game Keys,RANDOM GAME  -  PSP OR PS VITA ACCOUNT,"Buy price
USD 6.99

(0.0044 BTC)",PSN-GAMES-PS4,"Views: 464 / Bids: Fixed price
Quantity left: Unlimited",RANDOM GAME  -  PSP OR PS VITA ACCOUNT,Game Keys,Game Keys,RANDOM GAME  -  PSP OR PS VITA ACCOUNT,"Sold by PSN-GAMES-PS4 -
3 sold since May 28, 2016åÊåÊVendor Level 5åÊTrust Level 6",Purchase price: USD 6.99,10,Digital ProductsDigital Products,Game Keys,Universal Maps Downloader and Allmapsoft Offline Map Maker V6.3 + serial codes (download maps from google maps),"Buy price
USD 1.49

(0.0009 BTC)",ValueShop,"Views: 327 / Bids: Fixed price
Quantity left: Unlimited (250 automatic items)",Universal Maps Downloader and Allmapsoft Offline Map Maker V6.3 + serial codes (download maps from google maps),Game Keys,Game Keys,Universal Maps Downloader and Allmapsoft Offline M...,"Sold by ValueShop -
0 sold since Aug 8, 2016åÊåÊVendor Level 3åÊTrust Level 4
250 items available for auto-dispatch",Purchase price: USD 1.49,,Digital ProductsDigital Products,Game Keys,FIFA 17 - 2200 FUT POINTS - ORIGIN,"Buy price
USD 17.76

(0.0113 BTC)",EvilMadScientist,"Views: 768 / Bids: Fixed price
Quantity left: Unlimited",FIFA 17 - 2200 FUT POINTS - ORIGIN,Game Keys,Game Keys,FIFA 17 - 2200 FUT POINTS - ORIGIN,"Sold by EvilMadScientist -
0 sold since Oct 9, 2016åÊåÊVendor Level 1åÊTrust Level 5",Purchase price: USD 17.76,,Digital ProductsDigital Products,Game Keys,RANDOM GAME + 20 GAMES  -  PS4 ACCOUNT,"Buy price
USD 14.99

(0.0095 BTC)",PSN-GAMES-PS4,"Views: 564 / Bids: Fixed price
Quantity left: Unlimited",RANDOM GAME + 20 GAMES  -  PS4 ACCOUNT,Game Keys,Game Keys,RANDOM GAME + 20 GAMES  -  PS4 ACCOUNT,"Sold by PSN-GAMES-PS4 -
16 sold since Feb 20, 2017åÊåÊVendor Level 5åÊTrust Level 6",Purchase price: USD 14.99,4,Digital ProductsDigital Products,Game Keys,FIFA 16  -  PS4 ACCOUNT,"Buy price
USD 10.99

(0.0070 BTC)",PSN-GAMES-PS4,"Views: 970 / Bids: Fixed price
Quantity left: Unlimited",FIFA 16  -  PS4 ACCOUNT,Game Keys,Game Keys,FIFA 16  -  PS4 ACCOUNT,"Sold by PSN-GAMES-PS4 -
23 sold since May 17, 2016åÊåÊVendor Level 5åÊTrust Level 6",Purchase price: USD 10.99,3,Digital ProductsDigital Products,Game Keys,THE LAST OF US  -  PS3 ACCOUNT,"Buy price
USD 5.99

(0.0038 BTC)",PSN-GAMES-PS4,"Views: 724 / Bids: Fixed price
Quantity left: Unlimited",THE LAST OF US  -  PS3 ACCOUNT,Game Keys,Game Keys,THE LAST OF US  -  PS3 ACCOUNT,"Sold by PSN-GAMES-PS4 -
11 sold since Apr 8, 2016åÊåÊVendor Level 5åÊTrust Level 6",Purchase price: USD 5.99,5,Digital ProductsDigital Products,Game Keys,ASSASSINå«S CREED SYNDICATE  - PS4 ACCOUNT,"Buy price
USD 16.99

(0.0108 BTC)",PSN-GAMES-PS4,"Views: 825 / Bids: Fixed price
Quantity left: Unlimited",ASSASSINå«S CREED SYNDICATE  - PS4 ACCOUNT,Game Keys,Game Keys,ASSASSINå«S CREED SYNDICATE  - PS4 ACCOUNT,"Sold by PSN-GAMES-PS4 -
25 sold since Mar 29, 2016åÊåÊVendor Level 5åÊTrust Level 6",Purchase price: USD 16.99,3,Digital ProductsDigital Products,Game Keys,KILLZONE SHADOW FALL  -   PS4 ACCOUNT,"Buy price
USD 11.99

(0.0076 BTC)",PSN-GAMES-PS4,"Views: 411 / Bids: Fixed price
Quantity left: Unlimited",KILLZONE SHADOW FALL  -   PS4 ACCOUNT,Game Keys,Game Keys,KILLZONE SHADOW FALL  -   PS4 ACCOUNT,"Sold by PSN-GAMES-PS4 -
2 sold since Jun 18, 2016åÊåÊVendor Level 5åÊTrust Level 6",Purchase price: USD 11.99,11,Digital ProductsDigital Products,Game Keys,Clean US Playstation Network Card $50,"Buy price
USD 45.00

(0.0285 BTC)",Isellps4games,"Views: 512 / Bids: Fixed price
Quantity left: Unlimited",Clean US Playstation Network Card $50,Game Keys,Game Keys,Clean US Playstation Network Card $50,"Sold by Isellps4games -
0 sold since Oct 24, 2015åÊåÊVendor Level 1åÊTrust Level 3",Purchase price: USD 45.00,14,Digital ProductsDigital Products,Game Keys,PLANTS VS ZOMBIES Garden Warfare 2  -   PS4 ACCOUNT,"Buy price
USD 14.99

(0.0095 BTC)",PSN-GAMES-PS4,"Views: 424 / Bids: Fixed price
Quantity left: Unlimited",PLANTS VS ZOMBIES Garden Warfare 2  -   PS4 ACCOUNT,Game Keys,Game Keys,PLANTS VS ZOMBIES Garden Warfare 2  -   PS4 ACCOUN...,"Sold by PSN-GAMES-PS4 -
3 sold since Jun 9, 2016åÊåÊVendor Level 5åÊTrust Level 6",Purchase price: USD 14.99,10,Digital ProductsDigital Products,Game Keys,PLANTS VS ZOMBIES Garden Warfare  -   PS4 ACCOUNT,"Buy price
USD 9.99

(0.0063 BTC)",PSN-GAMES-PS4,"Views: 408 / Bids: Fixed price
Quantity left: Unlimited",PLANTS VS ZOMBIES Garden Warfare  -   PS4 ACCOUNT,Game Keys,Game Keys,PLANTS VS ZOMBIES Garden Warfare  -   PS4 ACCOUNT,"Sold by PSN-GAMES-PS4 -
2 sold since Jun 9, 2016åÊåÊVendor Level 5åÊTrust Level 6",Purchase price: USD 9.99,11,Digital ProductsDigital Products,Game Keys,BATTLEFIELD 4 PS4 ACCOUNT,"Buy price
USD 9.99

(0.0064 BTC)",PSN-GAMES-PS4,null,BATTLEFIELD 4 PS4 ACCOUNT,Game Keys,Game Keys,BATTLEFIELD 4 PS4 ACCOUNT,"Sold by PSN-GAMES-PS4 -
29 sold since Mar 28, 2016åÊåÊVendor Level 5åÊTrust Level 6",Purchase price: USD 9.99,3,Digital ProductsDigital Products,Game Keys,F1 2016   -  PS4 ACCOUNT,"Buy price
USD 24.99

(0.0158 BTC)",PSN-GAMES-PS4,"Views: 373 / Bids: Fixed price
Quantity left: Unlimited",F1 2016   -  PS4 ACCOUNT,Game Keys,Game Keys,F1 2016   -  PS4 ACCOUNT,"Sold by PSN-GAMES-PS4 -
4 sold since Aug 23, 2016åÊåÊVendor Level 5åÊTrust Level 6",Purchase price: USD 24.99,9,Digital ProductsDigital Products,Game Keys,‰÷É ‰÷É‰÷É  WWE Network Account  ‰÷É  ‰÷É ‰÷É Lifetime Passwords  ‰÷É ‰÷É ‰÷É  Lifetime Warranty ‰÷É ‰÷É ‰÷É,"Buy price
USD 0.00

(0.0000 BTC)",Narconorman,null,‰÷É ‰÷É‰÷É  WWE Network Account  ‰÷É  ‰÷É ‰÷É Lifetime Passwords  ‰÷É ‰÷É ‰÷É  Lifetime Warranty ‰÷É ‰÷É ‰÷É,Game Keys,Game Keys,‰÷É ‰÷É‰÷É  WWE Network Account  ‰÷É  ‰÷É ‰÷É Lifetime Passwor...,"Sold by Narconorman -
0 sold since May 2, 2017åÊåÊVendor Level 3åÊTrust Level 4",Purchase price: USD 0.00,14,Digital ProductsDigital Products,Game Keys,PES 2017  -  PS4 ACCOUNT,"Buy price
USD 24.99

(0.0159 BTC)",PSN-GAMES-PS4,"Views: 464 / Bids: Fixed price
Quantity left: Unlimited",PES 2017  -  PS4 ACCOUNT,Game Keys,Game Keys,PES 2017  -  PS4 ACCOUNT,"Sold by PSN-GAMES-PS4 -
8 sold since Sep 15, 2016åÊåÊVendor Level 5åÊTrust Level 6",Purchase price: USD 24.99,7,Digital ProductsDigital Products,Game Keys,DARK SOULS 2  -  PS4 ACCOUNT,"Buy price
USD 9.99

(0.0063 BTC)",PSN-GAMES-PS4,"Views: 573 / Bids: Fixed price
Quantity left: Unlimited",DARK SOULS 2  -  PS4 ACCOUNT,Game Keys,Game Keys,DARK SOULS 2  -  PS4 ACCOUNT,"Sold by PSN-GAMES-PS4 -
8 sold since Mar 31, 2016åÊåÊVendor Level 5åÊTrust Level 6",Purchase price: USD 9.99,7,Digital ProductsDigital Products,Game Keys,BATMAN ARKHAM KNIGHT  -  PS4 ACCOUNT,"Buy price
USD 13.99

(0.0089 BTC)",PSN-GAMES-PS4,"Views: 657 / Bids: Fixed price
Quantity left: Unlimited",BATMAN ARKHAM KNIGHT  -  PS4 ACCOUNT,Game Keys,Game Keys,BATMAN ARKHAM KNIGHT  -  PS4 ACCOUNT,"Sold by PSN-GAMES-PS4 -
9 sold since Apr 1, 2016åÊåÊVendor Level 5åÊTrust Level 6",Purchase price: USD 13.99,6,Digital ProductsDigital Products,Game Keys,$1000 Hyatt Hotel Gift Card Codes - Guaranteed to work! Take a vacation!,"Buy price
USD 425.00

(0.2696 BTC)",SpeedWeed,"Views: 506 / Bids: Fixed price
Quantity left: Unlimited",$1000 Hyatt Hotel Gift Card Codes - Guaranteed to work! Take a vacation!,Game Keys,Game Keys,$1000 Hyatt Hotel Gift Card Codes - Guaranteed to ...,"Sold by SpeedWeed -
0 sold since Apr 6, 2016åÊåÊVendor Level 5åÊTrust Level 5",Purchase price: USD 425.00,13,Digital ProductsDigital Products,Game Keys,HITMAN THE FULL EXPERIENCE   -   PS4 ACCOUNT,"Buy price
USD 19.99

(0.0127 BTC)",PSN-GAMES-PS4,"Views: 817 / Bids: Fixed price
Quantity left: Unlimited",HITMAN THE FULL EXPERIENCE   -   PS4 ACCOUNT,Game Keys,Game Keys,HITMAN THE FULL EXPERIENCE   -   PS4 ACCOUNT,"Sold by PSN-GAMES-PS4 -
20 sold since Jun 7, 2016åÊåÊVendor Level 5åÊTrust Level 6",Purchase price: USD 19.99,4,Digital ProductsDigital Products,Game Keys,12.000 FIFA POINTS  -  FIFA 17  -  PS4,"Buy price
USD 0.00

(0.0000 BTC)",PSN-GAMES-PS4,"Views: 680 / Bids: Fixed price
Quantity left: Unlimited",12.000 FIFA POINTS  -  FIFA 17  -  PS4,Game Keys,Game Keys,12.000 FIFA POINTS  -  FIFA 17  -  PS4,"Sold by PSN-GAMES-PS4 -
4 sold since Feb 11, 2017åÊåÊVendor Level 5åÊTrust Level 6",Purchase price: USD 0.00,9,Digital ProductsDigital Products,Game Keys,INSIDE  -  PS4 ACCOUNT,"Buy price
USD 10.99

(0.0070 BTC)",PSN-GAMES-PS4,"Views: 354 / Bids: Fixed price
Quantity left: Unlimited",INSIDE  -  PS4 ACCOUNT,Game Keys,Game Keys,INSIDE  -  PS4 ACCOUNT,"Sold by PSN-GAMES-PS4 -
2 sold since Aug 28, 2016åÊåÊVendor Level 5åÊTrust Level 6",Purchase price: USD 10.99,11,Digital ProductsDigital Products,Game Keys,GRAVITY RUSH 2  -  PS4 ACCOUNT,"Buy price
USD 0.00

(0.0000 BTC)",PSN-GAMES-PS4,"Views: 139 / Bids: Fixed price
Quantity left: Unlimited",GRAVITY RUSH 2  -  PS4 ACCOUNT,Game Keys,Game Keys,GRAVITY RUSH 2  -  PS4 ACCOUNT,"Sold by PSN-GAMES-PS4 -
0 sold since Feb 4, 2017åÊåÊVendor Level 5åÊTrust Level 6",Purchase price: USD 0.00,13,Digital ProductsDigital Products,Game Keys,UNTIL DAWN  -  PS4 ACCOUNT,"Buy price
USD 12.99

(0.0082 BTC)",PSN-GAMES-PS4,"Views: 533 / Bids: Fixed price
Quantity left: Unlimited",UNTIL DAWN  -  PS4 ACCOUNT,Game Keys,Game Keys,UNTIL DAWN  -  PS4 ACCOUNT,"Sold by PSN-GAMES-PS4 -
10 sold since May 30, 2016åÊåÊVendor Level 5åÊTrust Level 6",Purchase price: USD 12.99,6,Digital ProductsDigital Products,Game Keys,‰÷É Rosetta Stone (PC or MAC) All Languages + Freebies ‰÷É ‰ùá‰ÒÀ‰ù_‰ù_ (9),"Buy price
USD 1.99

(0.0013 BTC)",Alphabaydigitalshop,"Views: 159 / Bids: Fixed price
Quantity left: Unlimited (1 automatic items)",‰÷É Rosetta Stone (PC or MAC) All Languages + Freebies ‰÷É ‰ùá‰ÒÀ‰ù_‰ù_ (9),Game Keys,Game Keys,‰÷É Rosetta Stone (PC or MAC) All Languages + Freebi...,"Sold by Alphabaydigitalshop -
3 sold since Feb 26, 2017åÊåÊVendor Level 1åÊTrust Level 3
1 items available for auto-dispatch",Purchase price: USD 1.99,10,Digital ProductsDigital Products,Game Keys,HALO ONLINE RUSSIA WITH LAUNCHER! PC!!,"Buy price
USD 32.69

(0.0207 BTC)",Softshop,null,HALO ONLINE RUSSIA WITH LAUNCHER! PC!!,Game Keys,Game Keys,HALO ONLINE RUSSIA WITH LAUNCHER! PC!!,"Sold by Softshop -
0 sold since Apr 3, 2015åÊåÊVendor Level 1åÊTrust Level 6",Purchase price: USD 32.69,14,Digital ProductsDigital Products,Game Keys,ASSASSINS CREED III XBOX360-COMPLEX,"Buy price
USD 5.00

(0.0032 BTC)",HeartKidnapper,null,ASSASSINS CREED III XBOX360-COMPLEX,Game Keys,Game Keys,ASSASSINS CREED III XBOX360-COMPLEX,"Sold by HeartKidnapper -
5 sold since May 16, 2016åÊåÊVendor Level 2åÊTrust Level 5",Purchase price: USD 5.00,8,Digital ProductsDigital Products,Game Keys,AUTOFULFILL! List of All The Best DarkNet Sites + PORN + FREEBIES!!!,"Buy price
USD 0.95

(0.0006 BTC)",squaticat,"Views: 224 / Bids: Fixed price
Quantity left: Unlimited (244 automatic items)",AUTOFULFILL! List of All The Best DarkNet Sites + PORN + FREEBIES!!!,Game Keys,Game Keys,AUTOFULFILL! List of All The Best DarkNet Sites + ...,"Sold by squaticat -
6 sold since Jan 15, 2017åÊåÊVendor Level 1åÊTrust Level 5
244 items available for auto-dispatch",Purchase price: USD 0.95,8,Digital ProductsDigital Products,Game Keys,FALLOUT 4 (SEASON PASS) (NO GAME) - PS4 ACCOUNT,"Buy price
USD 7.99

(0.0051 BTC)",PSN-GAMES-PS4,"Views: 873 / Bids: Fixed price
Quantity left: Unlimited",FALLOUT 4 (SEASON PASS) (NO GAME) - PS4 ACCOUNT,Game Keys,Game Keys,FALLOUT 4 (SEASON PASS) (NO GAME) - PS4 ACCOUNT,"Sold by PSN-GAMES-PS4 -
29 sold since Apr 11, 2016åÊåÊVendor Level 5åÊTrust Level 6",Purchase price: USD 7.99,3,Digital ProductsDigital Products,Game Keys,SE Origin - Guide,"Buy price
USD 15.00

(0.0095 BTC)",Sacky,"Views: 1410 / Bids: Fixed price
Quantity left: Unlimited",SE Origin - Guide,Game Keys,Game Keys,SE Origin - Guide,"Sold by Sacky -
2 sold since Sep 15, 2015åÊåÊVendor Level 3åÊTrust Level 6",Purchase price: USD 15.00,11,Digital ProductsDigital Products,Game Keys,New exclusive easiest method : cashout all CCs to Paysafecard 100% working - No chargebacks & no security ‰ÏÎ‰ÏÎ‰ÏÎMake over $200 daily ‰__ Must see !‰Ñã ‰__Last update Paysafecard,"Buy price
USD 9.90

(0.0063 BTC)",lazy99,"Views: 189 / Bids: Fixed price
Quantity left: Unlimited (7 automatic items)",New exclusive easiest method : cashout all CCs to Paysafecard 100% working - No chargebacks & no security ‰ÏÎ‰ÏÎ‰ÏÎMake over $200 daily ‰__ Must see !‰Ñã ‰__Last update Paysafecard,Game Keys,Game Keys,New exclusive easiest method : cashout all CCs to ...,"Sold by lazy99 -
1 sold since Feb 4, 2017åÊåÊVendor Level 3åÊTrust Level 4
7 items available for auto-dispatch",Purchase price: USD 9.90,11,Digital ProductsDigital Products,Game Keys,Google Earth Pro 7.1 (Registred),"Buy price
USD 1.99

(0.0013 BTC)",ValueShop,"Views: 366 / Bids: Fixed price
Quantity left: Unlimited (248 automatic items)",Google Earth Pro 7.1 (Registred),Game Keys,Game Keys,Google Earth Pro 7.1 (Registred),"Sold by ValueShop -
2 sold since Aug 9, 2016åÊåÊVendor Level 3åÊTrust Level 4
248 items available for auto-dispatch",Purchase price: USD 1.99,11,Digital ProductsDigital Products,Game Keys,ALL GAMES  ll PSP AND PS VITA ACCOUNTS   ll  INCREDIBLE PRICES!!,"Buy price
USD 0.00

(0.0000 BTC)",PSN-GAMES-PS4,"Views: 614 / Bids: Fixed price
Quantity left: Unlimited",ALL GAMES  ll PSP AND PS VITA ACCOUNTS   ll  INCREDIBLE PRICES!!,Game Keys,Game Keys,ALL GAMES  ll PSP AND PS VITA ACCOUNTS   ll  INCRE...,"Sold by PSN-GAMES-PS4 -
0 sold since May 28, 2016åÊåÊVendor Level 5åÊTrust Level 6",Purchase price: USD 0.00,,Digital ProductsDigital Products,Game Keys,WATCH DOGS 2  -  PS4 ACCOUNT,"Buy price
USD 0.00

(0.0000 BTC)",PSN-GAMES-PS4,"Views: 1108 / Bids: Fixed price
Quantity left: Unlimited",WATCH DOGS 2  -  PS4 ACCOUNT,Game Keys,Game Keys,WATCH DOGS 2  -  PS4 ACCOUNT,"Sold by PSN-GAMES-PS4 -
15 sold since Nov 15, 2016åÊåÊVendor Level 5åÊTrust Level 6",Purchase price: USD 0.00,4,Digital ProductsDigital Products,Game Keys,MLB 17  -  PS4 ACCOUNT,"Buy price
USD 0.00

(0.0000 BTC)",PSN-GAMES-PS4,"Views: 61 / Bids: Fixed price
Quantity left: Unlimited",MLB 17  -  PS4 ACCOUNT,Game Keys,Game Keys,MLB 17  -  PS4 ACCOUNT,"Sold by PSN-GAMES-PS4 -
0 sold since Apr 10, 2017åÊåÊVendor Level 5åÊTrust Level 6",Purchase price: USD 0.00,14,Digital ProductsDigital Products,Game Keys,MAD MAX  -  PS4 ACCOUNT,"Buy price
USD 13.99

(0.0089 BTC)",PSN-GAMES-PS4,"Views: 485 / Bids: Fixed price
Quantity left: Unlimited",MAD MAX  -  PS4 ACCOUNT,Game Keys,Game Keys,MAD MAX  -  PS4 ACCOUNT,"Sold by PSN-GAMES-PS4 -
5 sold since Mar 31, 2016åÊåÊVendor Level 5åÊTrust Level 6",Purchase price: USD 13.99,8,Digital ProductsDigital Products,Game Keys,FAR CRY PRIMAL  - PS4 ACCOUNT,"Buy price
USD 19.99

(0.0127 BTC)",PSN-GAMES-PS4,"Views: 578 / Bids: Fixed price
Quantity left: Unlimited",FAR CRY PRIMAL  - PS4 ACCOUNT,Game Keys,Game Keys,FAR CRY PRIMAL  - PS4 ACCOUNT,"Sold by PSN-GAMES-PS4 -
7 sold since Mar 31, 2016åÊåÊVendor Level 5åÊTrust Level 6",Purchase price: USD 19.99,7,Digital ProductsDigital Products,Game Keys,Method = Credit card - CC to Mobile credit -  ‰Ñã ‰__ Send credit to any phone in all countries - Privat - Load your phone by 200 EURO‰Ñã ‰__ Pay by means of Visa or Mastercard. - cc,"Buy price
USD 9.99

(0.0063 BTC)",lazy99,"Views: 142 / Bids: Fixed price
Quantity left: Unlimited (30 automatic items)",Method = Credit card - CC to Mobile credit -  ‰Ñã ‰__ Send credit to any phone in all countries - Privat - Load your phone by 200 EURO‰Ñã ‰__ Pay by means of Visa or Mastercard. - cc,Game Keys,Game Keys,Method = Credit card - CC to Mobile credit -  ‰Ñã ‰__ ...,"Sold by lazy99 -
0 sold since Feb 10, 2017åÊåÊVendor Level 3åÊTrust Level 4
30 items available for auto-dispatch",Purchase price: USD 9.99,14,Digital ProductsDigital Products,Game Keys,How To Buy Bitcoin With Credit Cards or Paypal,"Buy price
USD 0.95

(0.0006 BTC)",squaticat,"Views: 456 / Bids: Fixed price
Quantity left: Unlimited (497 automatic items)",How To Buy Bitcoin With Credit Cards or Paypal,Game Keys,Game Keys,How To Buy Bitcoin With Credit Cards or Paypal,"Sold by squaticat -
4 sold since Aug 13, 2016åÊåÊVendor Level 1åÊTrust Level 5
497 items available for auto-dispatch",Purchase price: USD 0.95,9,Digital ProductsDigital Products,Game Keys,FINAL FANTASY XV  -  PS4 ACCOUNT  (RENT AND SALE),"Buy price
USD 0.00

(0.0000 BTC)",PSN-GAMES-PS4,"Views: 660 / Bids: Fixed price
Quantity left: Unlimited",FINAL FANTASY XV  -  PS4 ACCOUNT  (RENT AND SALE),Game Keys,Game Keys,FINAL FANTASY XV  -  PS4 ACCOUNT  (RENT AND SALE),"Sold by PSN-GAMES-PS4 -
13 sold since Oct 19, 2016åÊåÊVendor Level 5åÊTrust Level 6",Purchase price: USD 0.00,5,Digital ProductsDigital Products,Game Keys,‰÷ÉPSN CARD‰÷É    ‰÷ÉPLAYSTATION‰÷É    ‰÷É50$‰÷É    ‰÷ÉUSA‰÷É,"Buy price
USD 34.99

(0.0222 BTC)",PSN-GAMES-PS4,"Views: 50 / Bids: Fixed price
Quantity left: Unlimited",‰÷ÉPSN CARD‰÷É    ‰÷ÉPLAYSTATION‰÷É    ‰÷É50$‰÷É    ‰÷ÉUSA‰÷É,Game Keys,Game Keys,‰÷ÉPSN CARD‰÷É    ‰÷ÉPLAYSTATION‰÷É    ‰÷É50$‰÷É    ‰÷ÉUSA‰÷É,"Sold by PSN-GAMES-PS4 -
2 sold since May 5, 2017åÊåÊVendor Level 5åÊTrust Level 6",Purchase price: USD 34.99,11,Digital ProductsDigital Products,Game Keys,USPS postage lables shippin discount 50%,"Buy price
USD 1.00

(0.0006 BTC)",dbaeles888,"Views: 541 / Bids: Fixed price
Quantity left: 100",USPS postage lables shippin discount 50%,Game Keys,Game Keys,USPS postage lables shippin discount 50%,"Sold by dbaeles888 -
1 sold since May 11, 2016åÊåÊVendor Level 1åÊTrust Level 4",Purchase price: USD 1.00,12,Digital ProductsDigital Products,Game Keys,WATCH DOGS  -  PS4 ACCOUNT,"Buy price
USD 12.99

(0.0082 BTC)",PSN-GAMES-PS4,"Views: 604 / Bids: Fixed price
Quantity left: Unlimited",WATCH DOGS  -  PS4 ACCOUNT,Game Keys,Game Keys,WATCH DOGS  -  PS4 ACCOUNT,"Sold by PSN-GAMES-PS4 -
8 sold since Mar 30, 2016åÊåÊVendor Level 5åÊTrust Level 6",Purchase price: USD 12.99,7,Digital ProductsDigital Products,Game Keys,STELLARIS PC FULL GAME,"Buy price
USD 5.00

(0.0032 BTC)",HeartKidnapper,null,STELLARIS PC FULL GAME,Game Keys,Game Keys,STELLARIS PC FULL GAME,"Sold by HeartKidnapper -
2 sold since May 16, 2016åÊåÊVendor Level 2åÊTrust Level 5",Purchase price: USD 5.00,11,Digital ProductsDigital Products,Game Keys,UFC UNDISPUTED 3 RF XBOX360-XPG,"Buy price
USD 5.00

(0.0032 BTC)",HeartKidnapper,null,UFC UNDISPUTED 3 RF XBOX360-XPG,Game Keys,Game Keys,UFC UNDISPUTED 3 RF XBOX360-XPG,"Sold by HeartKidnapper -
4 sold since May 16, 2016åÊåÊVendor Level 2åÊTrust Level 5",Purchase price: USD 5.00,9,Digital ProductsDigital Products,Game Keys,PLAYSTATION PLUS 3-6 MONTHS  -  PSN ACCOUNT,"Buy price
USD 0.00

(0.0000 BTC)",PSN-GAMES-PS4,"Views: 1630 / Bids: Fixed price
Quantity left: Unlimited",PLAYSTATION PLUS 3-6 MONTHS  -  PSN ACCOUNT,Game Keys,Game Keys,PLAYSTATION PLUS 3-6 MONTHS  -  PSN ACCOUNT,"Sold by PSN-GAMES-PS4 -
45 sold since Apr 20, 2016åÊåÊVendor Level 5åÊTrust Level 6",Purchase price: USD 0.00,2,Digital ProductsDigital Products,Game Keys,THE LAST GUARDIAN  -  PS4 ACCOUNT,"Buy price
USD 0.00

(0.0000 BTC)",PSN-GAMES-PS4,"Views: 473 / Bids: Fixed price
Quantity left: Unlimited",THE LAST GUARDIAN  -  PS4 ACCOUNT,Game Keys,Game Keys,THE LAST GUARDIAN  -  PS4 ACCOUNT,"Sold by PSN-GAMES-PS4 -
6 sold since Nov 24, 2016åÊåÊVendor Level 5åÊTrust Level 6",Purchase price: USD 0.00,8,Digital ProductsDigital Products,Game Keys,ASSASSINS CREED SYNDICATE (SEASON PASS) (NO GAME) - PS4 ACCOUNT,"Buy price
USD 8.99

(0.0057 BTC)",PSN-GAMES-PS4,"Views: 509 / Bids: Fixed price
Quantity left: Unlimited",ASSASSINS CREED SYNDICATE (SEASON PASS) (NO GAME) - PS4 ACCOUNT,Game Keys,Game Keys,ASSASSINS CREED SYNDICATE (SEASON PASS) (NO GAME) ...,"Sold by PSN-GAMES-PS4 -
4 sold since Apr 11, 2016åÊåÊVendor Level 5åÊTrust Level 6",Purchase price: USD 8.99,9,Digital ProductsDigital Products,Game Keys,DARK SOULS 3  -  PS4 ACCOUNT,"Buy price
USD 19.99

(0.0127 BTC)",PSN-GAMES-PS4,"Views: 1155 / Bids: Fixed price
Quantity left: Unlimited",DARK SOULS 3  -  PS4 ACCOUNT,Game Keys,Game Keys,DARK SOULS 3  -  PS4 ACCOUNT,"Sold by PSN-GAMES-PS4 -
31 sold since Mar 31, 2016åÊåÊVendor Level 5åÊTrust Level 6",Purchase price: USD 19.99,3,Digital ProductsDigital Products,Game Keys,YAKUZA 0  -  PS4 ACCOUNT,"Buy price
USD 0.00

(0.0000 BTC)",PSN-GAMES-PS4,"Views: 148 / Bids: Fixed price
Quantity left: Unlimited",YAKUZA 0  -  PS4 ACCOUNT,Game Keys,Game Keys,YAKUZA 0  -  PS4 ACCOUNT,"Sold by PSN-GAMES-PS4 -
0 sold since Feb 4, 2017åÊåÊVendor Level 5åÊTrust Level 6",Purchase price: USD 0.00,14,Digital ProductsDigital Products,Game Keys,GOD OF WAR 3 REMASTERED  -   PS4 ACCOUNT,"Buy price
USD 12.99

(0.0082 BTC)",PSN-GAMES-PS4,"Views: 488 / Bids: Fixed price
Quantity left: Unlimited",GOD OF WAR 3 REMASTERED  -   PS4 ACCOUNT,Game Keys,Game Keys,GOD OF WAR 3 REMASTERED  -   PS4 ACCOUNT,"Sold by PSN-GAMES-PS4 -
10 sold since Jul 5, 2016åÊåÊVendor Level 5åÊTrust Level 6",Purchase price: USD 12.99,6,Digital ProductsDigital Products,Game Keys,DRAGON BALL XENOVERSE  -  PS4 ACCOUNT,"Buy price
USD 9.99

(0.0063 BTC)",PSN-GAMES-PS4,"Views: 691 / Bids: Fixed price
Quantity left: Unlimited",DRAGON BALL XENOVERSE  -  PS4 ACCOUNT,Game Keys,Game Keys,DRAGON BALL XENOVERSE  -  PS4 ACCOUNT,"Sold by PSN-GAMES-PS4 -
9 sold since Mar 29, 2016åÊåÊVendor Level 5åÊTrust Level 6",Purchase price: USD 9.99,7,Digital ProductsDigital Products,Game Keys,WWE 2K16  -  PS4 ACCOUNT,"Buy price
USD 14.99

(0.0095 BTC)",PSN-GAMES-PS4,"Views: 507 / Bids: Fixed price
Quantity left: Unlimited",WWE 2K16  -  PS4 ACCOUNT,Game Keys,Game Keys,WWE 2K16  -  PS4 ACCOUNT,"Sold by PSN-GAMES-PS4 -
4 sold since Apr 4, 2016åÊåÊVendor Level 5åÊTrust Level 6",Purchase price: USD 14.99,9,Digital ProductsDigital Products,Game Keys,THE EVIL WITHIN  -  PS4 ACCOUNT,"Buy price
USD 9.99

(0.0063 BTC)",PSN-GAMES-PS4,"Views: 542 / Bids: Fixed price
Quantity left: Unlimited",THE EVIL WITHIN  -  PS4 ACCOUNT,Game Keys,Game Keys,THE EVIL WITHIN  -  PS4 ACCOUNT,"Sold by PSN-GAMES-PS4 -
4 sold since Mar 30, 2016åÊåÊVendor Level 5åÊTrust Level 6",Purchase price: USD 9.99,9,Digital ProductsDigital Products,Game Keys,ANY GAME OF SPORT  -  VINTAGE (NEW NO) -  PS4 ACCOUNT,"Buy price
USD 6.99

(0.0044 BTC)",PSN-GAMES-PS4,"Views: 746 / Bids: Fixed price
Quantity left: Unlimited",ANY GAME OF SPORT  -  VINTAGE (NEW NO) -  PS4 ACCOUNT,Game Keys,Game Keys,ANY GAME OF SPORT  -  VINTAGE (NEW NO) -  PS4 ACCO...,"Sold by PSN-GAMES-PS4 -
12 sold since May 8, 2016åÊåÊVendor Level 5åÊTrust Level 6",Purchase price: USD 6.99,5,Digital ProductsDigital Products,Game Keys,DESTINY: RISE OF IRON   -   PS4 ACCOUNT,"Buy price
USD 9.99

(0.0063 BTC)",PSN-GAMES-PS4,"Views: 374 / Bids: Fixed price
Quantity left: Unlimited",DESTINY: RISE OF IRON   -   PS4 ACCOUNT,Game Keys,Game Keys,DESTINY: RISE OF IRON   -   PS4 ACCOUNT,"Sold by PSN-GAMES-PS4 -
4 sold since Sep 26, 2016åÊåÊVendor Level 5åÊTrust Level 6",Purchase price: USD 9.99,9,Digital ProductsDigital Products,Game Keys,CALL OF DUTY INFINITE WARFARE  -  LEGACY EDITION (Modern Warfareå¨ Remastered)  -  PS4 ACCOUNT  (RENT AND SALE),"Buy price
USD 0.00

(0.0000 BTC)",PSN-GAMES-PS4,"Views: 2151 / Bids: Fixed price
Quantity left: Unlimited",CALL OF DUTY INFINITE WARFARE  -  LEGACY EDITION (Modern Warfareå¨ Remastered)  -  PS4 ACCOUNT  (RENT AND SALE),Game Keys,Game Keys,CALL OF DUTY INFINITE WARFARE  -  LEGACY EDITION (...,"Sold by PSN-GAMES-PS4 -
45 sold since Oct 19, 2016åÊåÊVendor Level 5åÊTrust Level 6",Purchase price: USD 0.00,2,Digital ProductsDigital Products,Game Keys,HORIZON ZERO DAWN  -  PS4 ACCOUNT,"Buy price
USD 0.00

(0.0000 BTC)",PSN-GAMES-PS4,"Views: 564 / Bids: Fixed price
Quantity left: Unlimited",HORIZON ZERO DAWN  -  PS4 ACCOUNT,Game Keys,Game Keys,HORIZON ZERO DAWN  -  PS4 ACCOUNT,"Sold by PSN-GAMES-PS4 -
16 sold since Feb 4, 2017åÊåÊVendor Level 5åÊTrust Level 6",Purchase price: USD 0.00,4,Digital ProductsDigital Products,Game Keys,‰_Û‰_ã‰_Û‰_ã‰_Û‰_ã‰_Û‰_ã‰_Û‰_ã‰_Û‰_ã‰_Û‰_ã‰_Û Call of Duty Infinite Warfare for PC (2016) ‰_Û‰_ã‰_Û‰_ã‰_Û‰_ã‰_Û‰_ã‰_Û‰_ã‰_Û‰_ã‰_Û‰_ã‰_Û,"Buy price
USD 5.00

(0.0032 BTC)",jakefirms87,"Views: 395 / Bids: Fixed price
Quantity left: Unlimited (5 automatic items)",‰_Û‰_ã‰_Û‰_ã‰_Û‰_ã‰_Û‰_ã‰_Û‰_ã‰_Û‰_ã‰_Û‰_ã‰_Û Call of Duty Infinite Warfare for PC (2016) ‰_Û‰_ã‰_Û‰_ã‰_Û‰_ã‰_Û‰_ã‰_Û‰_ã‰_Û‰_ã‰_Û‰_ã‰_Û,Game Keys,Game Keys,‰_Û‰_ã‰_Û‰_ã‰_Û‰_ã‰_Û‰_ã‰_Û‰_ã‰_Û‰_ã‰_Û‰_ã‰_Û Call of Duty Infinite Warfare for ...,"Sold by jakefirms87 -
4 sold since Nov 24, 2016åÊåÊVendor Level 1åÊTrust Level 5
5 items available for auto-dispatch",Purchase price: USD 5.00,9,Digital ProductsDigital Products,Game Keys,KINGDOM HEARTS HD 2.8  -  PS4 ACCOUNT,"Buy price
USD 0.00

(0.0000 BTC)",PSN-GAMES-PS4,"Views: 149 / Bids: Fixed price
Quantity left: Unlimited",KINGDOM HEARTS HD 2.8  -  PS4 ACCOUNT,Game Keys,Game Keys,KINGDOM HEARTS HD 2.8  -  PS4 ACCOUNT,"Sold by PSN-GAMES-PS4 -
1 sold since Feb 4, 2017åÊåÊVendor Level 5åÊTrust Level 6",Purchase price: USD 0.00,12,Digital ProductsDigital Products,Game Keys,UFC  -   PS4 ACCOUNT,"Buy price
USD 12.99

(0.0082 BTC)",PSN-GAMES-PS4,"Views: 609 / Bids: Fixed price
Quantity left: Unlimited",UFC  -   PS4 ACCOUNT,Game Keys,Game Keys,UFC  -   PS4 ACCOUNT,"Sold by PSN-GAMES-PS4 -
12 sold since Apr 22, 2016åÊåÊVendor Level 5åÊTrust Level 6",Purchase price: USD 12.99,5,Digital ProductsDigital Products,Game Keys,DESTINY: THE TAKEN KING  - PS4 ACCOUNT,"Buy price
USD 9.99

(0.0063 BTC)",PSN-GAMES-PS4,"Views: 829 / Bids: Fixed price
Quantity left: Unlimited",DESTINY: THE TAKEN KING  - PS4 ACCOUNT,Game Keys,Game Keys,DESTINY: THE TAKEN KING  - PS4 ACCOUNT,"Sold by PSN-GAMES-PS4 -
18 sold since Mar 29, 2016åÊåÊVendor Level 5åÊTrust Level 6",Purchase price: USD 9.99,4,Digital ProductsDigital Products,Game Keys,MADDEN NFL 16  -  PS4 ACCOUNT,"Buy price
USD 9.99

(0.0063 BTC)",PSN-GAMES-PS4,"Views: 580 / Bids: Fixed price
Quantity left: Unlimited",MADDEN NFL 16  -  PS4 ACCOUNT,Game Keys,Game Keys,MADDEN NFL 16  -  PS4 ACCOUNT,"Sold by PSN-GAMES-PS4 -
8 sold since Apr 2, 2016åÊåÊVendor Level 5åÊTrust Level 6",Purchase price: USD 9.99,7,Digital ProductsDigital Products,Game Keys,BATTLEFIELD HARDLINE  -  PS4 ACCOUNT,"Buy price
USD 13.99

(0.0089 BTC)",PSN-GAMES-PS4,"Views: 638 / Bids: Fixed price
Quantity left: Unlimited",BATTLEFIELD HARDLINE  -  PS4 ACCOUNT,Game Keys,Game Keys,BATTLEFIELD HARDLINE  -  PS4 ACCOUNT,"Sold by PSN-GAMES-PS4 -
10 sold since Apr 2, 2016åÊåÊVendor Level 5åÊTrust Level 6",Purchase price: USD 13.99,6,Digital ProductsDigital Products,Game Keys,ONE PIECE: BURNING BLOOD  -   PS4 ACCOUNT,"Buy price
USD 19.99

(0.0127 BTC)",PSN-GAMES-PS4,"Views: 465 / Bids: Fixed price
Quantity left: Unlimited",ONE PIECE: BURNING BLOOD  -   PS4 ACCOUNT,Game Keys,Game Keys,ONE PIECE: BURNING BLOOD  -   PS4 ACCOUNT,"Sold by PSN-GAMES-PS4 -
2 sold since Jun 18, 2016åÊåÊVendor Level 5åÊTrust Level 6",Purchase price: USD 19.99,11,Digital ProductsDigital Products,Game Keys,RANDOM GAME  -  PS3 ACCOUNT,"Buy price
USD 0.00

(0.0000 BTC)",PSN-GAMES-PS4,"Views: 1130 / Bids: Fixed price
Quantity left: Unlimited",RANDOM GAME  -  PS3 ACCOUNT,Game Keys,Game Keys,RANDOM GAME  -  PS3 ACCOUNT,"Sold by PSN-GAMES-PS4 -
32 sold since Apr 22, 2016åÊåÊVendor Level 5åÊTrust Level 6",Purchase price: USD 0.00,2,Digital ProductsDigital Products,Game Keys,SAINT SEIYA SOLDIERå«S SOUL  -  PS4 ACCOUNT,"Buy price
USD 19.99

(0.0127 BTC)",PSN-GAMES-PS4,"Views: 471 / Bids: Fixed price
Quantity left: Unlimited",SAINT SEIYA SOLDIERå«S SOUL  -  PS4 ACCOUNT,Game Keys,Game Keys,SAINT SEIYA SOLDIERå«S SOUL  -  PS4 ACCOUNT,"Sold by PSN-GAMES-PS4 -
1 sold since Mar 31, 2016åÊåÊVendor Level 5åÊTrust Level 6",Purchase price: USD 19.99,11,Digital ProductsDigital Products,Game Keys,Ultimate E-Whoring Pack. 1.5 GB of Pics and VCWs. Over 1500 Files!,"Buy price
USD 0.99

(0.0006 BTC)",squaticat,"Views: 638 / Bids: Fixed price
Quantity left: Unlimited (242 automatic items)",Ultimate E-Whoring Pack. 1.5 GB of Pics and VCWs. Over 1500 Files!,Game Keys,Game Keys,Ultimate E-Whoring Pack. 1.5 GB of Pics and VCWs. ...,"Sold by squaticat -
8 sold since May 27, 2016åÊåÊVendor Level 1åÊTrust Level 5
242 items available for auto-dispatch",Purchase price: USD 0.99,7,Digital ProductsDigital Products,Game Keys,RISE OF THE TOMB RAIDER: 20 YEAR CELEBRATON  -  PS4 ACCOUNT  (RENT AND SALE),"Buy price
USD 0.00

(0.0000 BTC)",PSN-GAMES-PS4,"Views: 423 / Bids: Fixed price
Quantity left: Unlimited",RISE OF THE TOMB RAIDER: 20 YEAR CELEBRATON  -  PS4 ACCOUNT  (RENT AND SALE),Game Keys,Game Keys,RISE OF THE TOMB RAIDER: 20 YEAR CELEBRATON  -  PS...,"Sold by PSN-GAMES-PS4 -
5 sold since Oct 19, 2016åÊåÊVendor Level 5åÊTrust Level 6",Purchase price: USD 0.00,8,Digital ProductsDigital Products,Game Keys,DEAD ISLAND - DEFINITIVE EDITION   -   PS4 ACCOUNT,"Buy price
USD 16.99

(0.0108 BTC)",PSN-GAMES-PS4,"Views: 512 / Bids: Fixed price
Quantity left: Unlimited",DEAD ISLAND - DEFINITIVE EDITION   -   PS4 ACCOUNT,Game Keys,Game Keys,DEAD ISLAND - DEFINITIVE EDITION   -   PS4 ACCOUNT,"Sold by PSN-GAMES-PS4 -
9 sold since Jun 7, 2016åÊåÊVendor Level 5åÊTrust Level 6",Purchase price: USD 16.99,6,Digital ProductsDigital Products,Game Keys,TOM CLANCYå«S GHOST RECON  -  PS4 ACCOUNT,"Buy price
USD 0.00

(0.0000 BTC)",PSN-GAMES-PS4,"Views: 251 / Bids: Fixed price
Quantity left: Unlimited",TOM CLANCYå«S GHOST RECON  -  PS4 ACCOUNT,Game Keys,Game Keys,TOM CLANCYå«S GHOST RECON  -  PS4 ACCOUNT,"Sold by PSN-GAMES-PS4 -
2 sold since Feb 4, 2017åÊåÊVendor Level 5åÊTrust Level 6",Purchase price: USD 0.00,10,Digital ProductsDigital Products,Game Keys,‰ÏÉ PS4 ACCOUNT ‰÷É PlayStation Plus ‰÷É Battlefield 4‰÷É NBA 2K16 ‰÷É Injustice ‰÷É bonus game ‰÷É ‰ÏÉ,"Buy price
USD 15.99

(0.0101 BTC)",TuttiFrutti_store,"Views: 120 / Bids: Fixed price
Quantity left: Unlimited (20 automatic items)",‰ÏÉ PS4 ACCOUNT ‰÷É PlayStation Plus ‰÷É Battlefield 4‰÷É NBA 2K16 ‰÷É Injustice ‰÷É bonus game ‰÷É ‰ÏÉ,Game Keys,Game Keys,‰ÏÉ PS4 ACCOUNT ‰÷É PlayStation Plus ‰÷É Battlefield 4‰÷É ...,"Sold by TuttiFrutti_store -
0 sold since Mar 29, 2017åÊåÊVendor Level 2åÊTrust Level 3
20 items available for auto-dispatch",Purchase price: USD 15.99,,Digital ProductsDigital Products,Game Keys,NEED FOR SPEED  - PS4 ACCOUNT,"Buy price
USD 17.99

(0.0115 BTC)",PSN-GAMES-PS4,"Views: 897 / Bids: Fixed price
Quantity left: Unlimited",NEED FOR SPEED  - PS4 ACCOUNT,Game Keys,Game Keys,NEED FOR SPEED  - PS4 ACCOUNT,"Sold by PSN-GAMES-PS4 -
34 sold since Mar 29, 2016åÊåÊVendor Level 5åÊTrust Level 6",Purchase price: USD 17.99,2,Digital ProductsDigital Products,Game Keys,JOURNEY  -  PS4 ACCOUNT,"Buy price
USD 8.99

(0.0057 BTC)",PSN-GAMES-PS4,"Views: 551 / Bids: Fixed price
Quantity left: Unlimited",JOURNEY  -  PS4 ACCOUNT,Game Keys,Game Keys,JOURNEY  -  PS4 ACCOUNT,"Sold by PSN-GAMES-PS4 -
7 sold since Apr 22, 2016åÊåÊVendor Level 5åÊTrust Level 6",Purchase price: USD 8.99,7,Digital ProductsDigital Products,Game Keys,GTA V  -   PS3 ACCOUNT,"Buy price
USD 5.99

(0.0038 BTC)",PSN-GAMES-PS4,"Views: 734 / Bids: Fixed price
Quantity left: Unlimited",GTA V  -   PS3 ACCOUNT,Game Keys,Game Keys,GTA V  -   PS3 ACCOUNT,"Sold by PSN-GAMES-PS4 -
21 sold since Jul 6, 2016åÊåÊVendor Level 5åÊTrust Level 6",Purchase price: USD 5.99,4,Digital ProductsDigital Products,Game Keys,NIOH  -  PS4 ACCOUNT,"Buy price
USD 0.00

(0.0000 BTC)",PSN-GAMES-PS4,"Views: 242 / Bids: Fixed price
Quantity left: Unlimited",NIOH  -  PS4 ACCOUNT,Game Keys,Game Keys,NIOH  -  PS4 ACCOUNT,"Sold by PSN-GAMES-PS4 -
6 sold since Feb 4, 2017åÊåÊVendor Level 5åÊTrust Level 6",Purchase price: USD 0.00,8,Digital ProductsDigital Products,Game Keys,BATTLEFIELD 1  -  PS4 ACCOUNT  (RENT AND SALE),"Buy price
USD 0.00

(0.0000 BTC)",PSN-GAMES-PS4,"Views: 3777 / Bids: Fixed price
Quantity left: Unlimited",BATTLEFIELD 1  -  PS4 ACCOUNT  (RENT AND SALE),Game Keys,Game Keys,BATTLEFIELD 1  -  PS4 ACCOUNT  (RENT AND SALE),"Sold by PSN-GAMES-PS4 -
68 sold since Oct 19, 2016åÊåÊVendor Level 5åÊTrust Level 6",Purchase price: USD 0.00,2,Digital ProductsDigital Products,Game Keys,Call of Duty: Black Ops II (SEASON PASS) (NO GAME) - PS4 ACCOUNT,"Buy price
USD 6.99

(0.0044 BTC)",PSN-GAMES-PS4,"Views: 754 / Bids: Fixed price
Quantity left: Unlimited",Call of Duty: Black Ops II (SEASON PASS) (NO GAME) - PS4 ACCOUNT,Game Keys,Game Keys,Call of Duty: Black Ops II (SEASON PASS) (NO GAME)...,"Sold by PSN-GAMES-PS4 -
12 sold since Apr 22, 2016åÊåÊVendor Level 5åÊTrust Level 6",Purchase price: USD 6.99,5,Digital ProductsDigital Products,Game Keys,Jennifer Lawrence Celebrity Porn Leak 140+ Photos / Videos + 2.5GB Extra Porn,"Buy price
USD 0.45

(0.0003 BTC)",squaticat,"Views: 631 / Bids: Fixed price
Quantity left: Unlimited (244 automatic items)",Jennifer Lawrence Celebrity Porn Leak 140+ Photos / Videos + 2.5GB Extra Porn,Game Keys,Game Keys,Jennifer Lawrence Celebrity Porn Leak 140+ Photos ...,"Sold by squaticat -
6 sold since Jun 22, 2016åÊåÊVendor Level 1åÊTrust Level 5
244 items available for auto-dispatch",Purchase price: USD 0.45,8,Digital ProductsDigital Products,Game Keys,RATCHET AND CLANK  -   PS4 ACCOUNT,"Buy price
USD 13.99

(0.0089 BTC)",PSN-GAMES-PS4,"Views: 492 / Bids: Fixed price
Quantity left: Unlimited",RATCHET AND CLANK  -   PS4 ACCOUNT,Game Keys,Game Keys,RATCHET AND CLANK  -   PS4 ACCOUNT,"Sold by PSN-GAMES-PS4 -
14 sold since Jul 23, 2016åÊåÊVendor Level 5åÊTrust Level 6",Purchase price: USD 13.99,5,Digital ProductsDigital Products,Game Keys,DEUS EX:  MANKIND DIVIDED  -  PS4 ACCOUNT,"Buy price
USD 21.99

(0.0140 BTC)",PSN-GAMES-PS4,"Views: 458 / Bids: Fixed price
Quantity left: Unlimited",DEUS EX:  MANKIND DIVIDED  -  PS4 ACCOUNT,Game Keys,Game Keys,DEUS EX:  MANKIND DIVIDED  -  PS4 ACCOUNT,"Sold by PSN-GAMES-PS4 -
13 sold since Aug 27, 2016åÊåÊVendor Level 5åÊTrust Level 6",Purchase price: USD 21.99,5,Digital ProductsDigital Products,Game Keys,CALL OF DUTY INFINITE WARFARE  -  PS4 ACCOUNT  (RENT AND SALE),"Buy price
USD 0.00

(0.0000 BTC)",PSN-GAMES-PS4,"Views: 633 / Bids: Fixed price
Quantity left: Unlimited",CALL OF DUTY INFINITE WARFARE  -  PS4 ACCOUNT  (RENT AND SALE),Game Keys,Game Keys,CALL OF DUTY INFINITE WARFARE  -  PS4 ACCOUNT  (RE...,"Sold by PSN-GAMES-PS4 -
10 sold since Nov 3, 2016åÊåÊVendor Level 5åÊTrust Level 6",Purchase price: USD 0.00,6,Digital ProductsDigital Products,Game Keys,DESTINY GUARDIAN EDITION  - PS4 ACCOUNT,"Buy price
USD 7.99

(0.0051 BTC)",PSN-GAMES-PS4,"Views: 672 / Bids: Fixed price
Quantity left: Unlimited",DESTINY GUARDIAN EDITION  - PS4 ACCOUNT,Game Keys,Game Keys,DESTINY GUARDIAN EDITION  - PS4 ACCOUNT,"Sold by PSN-GAMES-PS4 -
14 sold since Apr 11, 2016åÊåÊVendor Level 5åÊTrust Level 6",Purchase price: USD 7.99,5,Digital ProductsDigital Products,Game Keys,THE ORDER 1886 -  PS4 ACCOUNT,"Buy price
USD 9.99

(0.0063 BTC)",PSN-GAMES-PS4,"Views: 633 / Bids: Fixed price
Quantity left: Unlimited",THE ORDER 1886 -  PS4 ACCOUNT,Game Keys,Game Keys,THE ORDER 1886 -  PS4 ACCOUNT,"Sold by PSN-GAMES-PS4 -
11 sold since Apr 4, 2016åÊåÊVendor Level 5åÊTrust Level 6",Purchase price: USD 9.99,5,Digital ProductsDigital Products,Game Keys,7 DAYS TO DIE   -   PS4 ACCOUNT,"Buy price
USD 14.99

(0.0095 BTC)",PSN-GAMES-PS4,"Views: 409 / Bids: Fixed price
Quantity left: Unlimited",7 DAYS TO DIE   -   PS4 ACCOUNT,Game Keys,Game Keys,7 DAYS TO DIE   -   PS4 ACCOUNT,"Sold by PSN-GAMES-PS4 -
2 sold since Jul 13, 2016åÊåÊVendor Level 5åÊTrust Level 6",Purchase price: USD 14.99,11,Digital ProductsDigital Products,Game Keys,TITANFALL 2  -  PS4 ACCOUNT  (RENT AND SALE),"Buy price
USD 0.00

(0.0000 BTC)",PSN-GAMES-PS4,"Views: 425 / Bids: Fixed price
Quantity left: Unlimited",TITANFALL 2  -  PS4 ACCOUNT  (RENT AND SALE),Game Keys,Game Keys,TITANFALL 2  -  PS4 ACCOUNT  (RENT AND SALE),"Sold by PSN-GAMES-PS4 -
5 sold since Oct 19, 2016åÊåÊVendor Level 5åÊTrust Level 6",Purchase price: USD 0.00,8,Digital ProductsDigital Products,Game Keys,TOM CLANCYå«S THE DIVISION (SEASON PASS) (NO GAME) - PS4 ACCOUNT,"Buy price
USD 8.99

(0.0057 BTC)",PSN-GAMES-PS4,"Views: 621 / Bids: Fixed price
Quantity left: Unlimited",TOM CLANCYå«S THE DIVISION (SEASON PASS) (NO GAME) - PS4 ACCOUNT,Game Keys,Game Keys,TOM CLANCYå«S THE DIVISION (SEASON PASS) (NO GAME) ...,"Sold by PSN-GAMES-PS4 -
9 sold since Apr 11, 2016åÊåÊVendor Level 5åÊTrust Level 6",Purchase price: USD 8.99,6,Digital ProductsDigital Products,Game Keys,BETTER THAN STARBUCKS GIFT CARDS - $1.50 - 2 Free Starbucks Drinks - OR - 1 Drink/1 Food Item,"Buy price
USD 1.50

(0.0010 BTC)",WEEDnBEANS,"Views: 154 / Bids: Fixed price
Quantity left: 78",BETTER THAN STARBUCKS GIFT CARDS - $1.50 - 2 Free Starbucks Drinks - OR - 1 Drink/1 Food Item,Game Keys,Game Keys,BETTER THAN STARBUCKS GIFT CARDS - $1.50 - 2 Free ...,"Sold by WEEDnBEANS -
0 sold since Feb 13, 2017åÊåÊVendor Level 3åÊTrust Level 4",Purchase price: USD 1.50,,Digital ProductsDigital Products,Game Keys,DIABLO 3 REAPER OF SOULS  -  PS4 ACCOUNT,"Buy price
USD 14.99

(0.0095 BTC)",PSN-GAMES-PS4,"Views: 691 / Bids: Fixed price
Quantity left: Unlimited",DIABLO 3 REAPER OF SOULS  -  PS4 ACCOUNT,Game Keys,Game Keys,DIABLO 3 REAPER OF SOULS  -  PS4 ACCOUNT,"Sold by PSN-GAMES-PS4 -
19 sold since Apr 2, 2016åÊåÊVendor Level 5åÊTrust Level 6",Purchase price: USD 14.99,4,Digital ProductsDigital Products,Game Keys,INFAMOUS FIRST LIGHT  -  PS4 ACCOUNT,"Buy price
USD 8.99

(0.0057 BTC)",PSN-GAMES-PS4,"Views: 521 / Bids: Fixed price
Quantity left: Unlimited",INFAMOUS FIRST LIGHT  -  PS4 ACCOUNT,Game Keys,Game Keys,INFAMOUS FIRST LIGHT  -  PS4 ACCOUNT,"Sold by PSN-GAMES-PS4 -
3 sold since Mar 31, 2016åÊåÊVendor Level 5åÊTrust Level 6",Purchase price: USD 8.99,10,Digital ProductsDigital Products,Game Keys,WWE 2K17  -  PS4 ACCOUNT   (RENT AND SALE),"Buy price
USD 0.00

(0.0000 BTC)",PSN-GAMES-PS4,"Views: 367 / Bids: Fixed price
Quantity left: Unlimited",WWE 2K17  -  PS4 ACCOUNT   (RENT AND SALE),Game Keys,Game Keys,WWE 2K17  -  PS4 ACCOUNT   (RENT AND SALE),"Sold by PSN-GAMES-PS4 -
6 sold since Oct 19, 2016åÊåÊVendor Level 5åÊTrust Level 6",Purchase price: USD 0.00,8,Digital ProductsDigital Products,Game Keys,DYING LIGHT (SEASON PASS) (NO GAME) - PS4 ACCOUNT,"Buy price
USD 7.99

(0.0051 BTC)",PSN-GAMES-PS4,"Views: 473 / Bids: Fixed price
Quantity left: Unlimited (1 automatic items)",DYING LIGHT (SEASON PASS) (NO GAME) - PS4 ACCOUNT,Game Keys,Game Keys,DYING LIGHT (SEASON PASS) (NO GAME) - PS4 ACCOUNT,"Sold by PSN-GAMES-PS4 -
3 sold since Apr 11, 2016åÊåÊVendor Level 5åÊTrust Level 6
1 items available for auto-dispatch",Purchase price: USD 7.99,10,Digital ProductsDigital Products,Game Keys,List of over 5.000 ONION websites December UPDATE | LIMITED NUMBER,"Buy price
USD 0.00

(0.0000 BTC)",Dr.Gru,"Views: 530 / Bids: Fixed price
Quantity left: Unlimited (232 automatic items)",List of over 5.000 ONION websites December UPDATE | LIMITED NUMBER,Game Keys,Game Keys,List of over 5.000 ONION websites December UPDATE ...,"Sold by Dr.Gru -
20 sold since Dec 1, 2016åÊåÊVendor Level 1åÊTrust Level 4
232 items available for auto-dispatch",Purchase price: USD 0.00,4,Digital ProductsDigital Products,Game Keys,JUST DANCE 2017  -  PS4 ACCOUNT,"Buy price
USD 0.00

(0.0000 BTC)",PSN-GAMES-PS4,"Views: 112 / Bids: Fixed price
Quantity left: Unlimited",JUST DANCE 2017  -  PS4 ACCOUNT,Game Keys,Game Keys,JUST DANCE 2017  -  PS4 ACCOUNT,"Sold by PSN-GAMES-PS4 -
0 sold since Feb 14, 2017åÊåÊVendor Level 5åÊTrust Level 6",Purchase price: USD 0.00,,Digital Products