category_link,subcategory_link,listing_title,listing_price,listing_vendor,listing_item,listing_link,subcategory_id,subcategory2_id,detail_name,detail_qty_sold,detail_price,pagination_link,category_idSecurity & Hosting,VPN,WORMHOLE Leaked Insider Information for Stock Trading Revenue Share Program ACCURACY GURANTEED,"Buy price
USD 0.00

(0.0000 BTC)",thewormhole,"Views: 92 / Bids: Fixed price
Quantity left: Unlimited",WORMHOLE Leaked Insider Information for Stock Trading Revenue Share Program ACCURACY GURANTEED,VPN,VPN,WORMHOLE Leaked Insider Information for Stock Trad...,"Sold by thewormhole -
7 sold since Apr 26, 2017åÊåÊVendor Level 1åÊTrust Level 3",Purchase price: USD 0.00,5,Security & HostingSecurity & Hosting,VPN,Cyberghost VPN 6.0.5.2405 Preactivated / Cracked,"Buy price
USD 0.99

(0.0006 BTC)",DrunkHorse,"Views: 283 / Bids: Fixed price
Quantity left: Unlimited",Cyberghost VPN 6.0.5.2405 Preactivated / Cracked,VPN,VPN,Cyberghost VPN 6.0.5.2405 Preactivated / Cracked,"Sold by DrunkHorse -
8 sold since Mar 18, 2017åÊåÊVendor Level 1åÊTrust Level 4",Purchase price: USD 0.99,5,Security & HostingSecurity & Hosting,VPN,TradeRoute Market - Free Pass to login!!!,"Buy price
USD 0.00

(0.0000 BTC)",oildabber,"Views: 262 / Bids: Fixed price
Quantity left: Unlimited",TradeRoute Market - Free Pass to login!!!,VPN,VPN,TradeRoute Market - Free Pass to login!!!,"Sold by oildabber -
5 sold since Feb 22, 2017åÊåÊVendor Level 3åÊTrust Level 5",Purchase price: USD 0.00,5,Security & HostingSecurity & Hosting,Socks,ANTIDETECT 7 & FRAUDFOX VM ‰__ STOP FAILING AT CARDING ‰÷É WITH 2 PREMIUM LIFETIME VPNS INCLUDED‰÷É VIRTUAL MACHINE ‰÷É >> UNBEATABLE PRICE>> $800 MSRP‰÷É‰÷É FULL WORKING PROGRAMS WITH ‰÷É26‰÷É CONFIGS & FLASHES‰÷É‰÷É START CARDING 100%%‰÷É,"Buy price
USD 0.50

(0.0003 BTC)",CaptainSlapDatHoe,"Views: 166 / Bids: Fixed price
Quantity left: Unlimited (500 automatic items)",ANTIDETECT 7 & FRAUDFOX VM ‰__ STOP FAILING AT CARDING ‰÷É WITH 2 PREMIUM LIFETIME VPNS INCLUDED‰÷É VIRTUAL MACHINE ‰÷É >> UNBEATABLE PRICE>> $800 MSRP‰÷É‰÷É FULL WORKING PROGRAMS WITH ‰÷É26‰÷É CONFIGS & FLASHES‰÷É‰÷É START CARDING 100%%‰÷É,Socks,Socks,ANTIDETECT 7 & FRAUDFOX VM ‰__ STOP FAILING AT C...,"Sold by CaptainSlapDatHoe -
1 sold since Apr 24, 2017åÊåÊVendor Level 6åÊTrust Level 6
500 items available for auto-dispatch",Purchase price: USD 0.50,4,Security & HostingSecurity & Hosting,Socks,AUTOFULFILL! List of All The Best DarkNet Sites + PORN + FREEBIES!!!,"Buy price
USD 0.95

(0.0006 BTC)",squaticat,"Views: 300 / Bids: Fixed price
Quantity left: Unlimited (248 automatic items)",AUTOFULFILL! List of All The Best DarkNet Sites + PORN + FREEBIES!!!,Socks,Socks,AUTOFULFILL! List of All The Best DarkNet Sites + ...,"Sold by squaticat -
2 sold since Jan 15, 2017åÊåÊVendor Level 1åÊTrust Level 5
248 items available for auto-dispatch",Purchase price: USD 0.95,4,Security & HostingSecurity & Hosting,Socks,APRIL 2017 NEW FRAUDFOX 2.OV3 + 1 MONTH SUBSCRIPTION TO FRAUDFOX + ANTI DETECT 7 + ADDED WORKING CONFIGS + FULL TUT FOR BOTH+++ FREE LIFETIME VPN+++ >>CRAZY DEAL<<<<<,"Buy price
USD 2.99

(0.0018 BTC)",t3abon3,"Views: 98 / Bids: Fixed price
Quantity left: Unlimited",APRIL 2017 NEW FRAUDFOX 2.OV3 + 1 MONTH SUBSCRIPTION TO FRAUDFOX + ANTI DETECT 7 + ADDED WORKING CONFIGS + FULL TUT FOR BOTH+++ FREE LIFETIME VPN+++ >>CRAZY DEAL<<<<<,Socks,Socks,APRIL 2017 NEW FRAUDFOX 2.OV3 + 1 MONTH SUBSCRIPTI...,"Sold by t3abon3 -
2 sold since Apr 12, 2017åÊåÊVendor Level 1åÊTrust Level 3",Purchase price: USD 2.99,4,Security & HostingSecurity & Hosting,VPN,Mullvad VPN *** LIFETIME ***,"Buy price
USD 15.00

(0.0088 BTC)",ultimateCC,"Views: 3109 / Bids: Fixed price
Quantity left: Unlimited",Mullvad VPN *** LIFETIME ***,VPN,VPN,Mullvad VPN *** LIFETIME ***,"Sold by ultimateCC -
43 sold since Oct 15, 2015åÊåÊVendor Level 1åÊTrust Level 6",Purchase price: USD 15.00,2,Security & HostingSecurity & Hosting,Hosting,Hosting + shell + webmail,"Buy price
USD 6.00

(0.0035 BTC)",lazy99,"Views: 1078 / Bids: Fixed price
Quantity left: Unlimited",Hosting + shell + webmail,Hosting,Hosting,Hosting + shell + webmail,"Sold by lazy99 -
15 sold since Nov 9, 2016åÊåÊVendor Level 3åÊTrust Level 4",Purchase price: USD 6.00,2,Security & HostingSecurity & Hosting,VPN,"VPN LIFETIME FOR Windows,Linux,Android,Mac,Iphone,","Buy price
USD 3.00

(0.0018 BTC)",Citra2016,"Views: 1279 / Bids: Fixed price
Quantity left: Unlimited","VPN LIFETIME FOR Windows,Linux,Android,Mac,Iphone,",VPN,VPN,"VPN LIFETIME FOR Windows,Linux,Android,Mac,Iphone,","Sold by Citra2016 -
28 sold since Sep 20, 2016åÊåÊVendor Level 4åÊTrust Level 4",Purchase price: USD 3.00,3,Security & HostingSecurity & Hosting,VPN,‰_Ç‰__2 x UNLIMITED VPNs - FOR LIFE!‰Ñã‰_Ç,"Buy price
USD 1.97

(0.0012 BTC)",plexiglas13,"Views: 177 / Bids: Fixed price
Quantity left: 96",‰_Ç‰__2 x UNLIMITED VPNs - FOR LIFE!‰Ñã‰_Ç,VPN,VPN,‰_Ç‰__2 x UNLIMITED VPNs - FOR LIFE!‰Ñã‰_Ç,"Sold by plexiglas13 -
4 sold since Apr 9, 2017åÊåÊVendor Level 1åÊTrust Level 4",Purchase price: USD 1.97,5,Security & HostingSecurity & Hosting,Hosting,Non hacked RDP/VPS Service,"Buy price
USD 1.00

(0.0006 BTC)",ultimatum2016,"Views: 216 / Bids: Fixed price
Quantity left: Unlimited",Non hacked RDP/VPS Service,Hosting,Hosting,Non hacked RDP/VPS Service,"Sold by ultimatum2016 -
2 sold since Apr 17, 2017åÊåÊVendor Level 2åÊTrust Level 6",Purchase price: USD 1.00,3,Security & HostingSecurity & Hosting,Hosting,‰_Û‰_ã‰_Û‰_ã‰_Û‰_ã DARKMARKET OLD SCHOOL  ‰_ã‰_Û‰_ã‰_Û‰_ã‰_Û,"Buy price
USD 200.00

(0.1168 BTC)",darkmarket,"Views: 1519 / Bids: Fixed price
Quantity left: Unlimited (135 automatic items)",‰_Û‰_ã‰_Û‰_ã‰_Û‰_ã DARKMARKET OLD SCHOOL  ‰_ã‰_Û‰_ã‰_Û‰_ã‰_Û,Hosting,Hosting,‰_Û‰_ã‰_Û‰_ã‰_Û‰_ã DARKMARKET OLD SCHOOL  ‰_ã‰_Û‰_ã‰_Û‰_ã‰_Û,"Sold by darkmarket -
3 sold since Feb 13, 2016åÊåÊVendor Level 3åÊTrust Level 6
135 items available for auto-dispatch",Purchase price: USD 200.00,3,Security & HostingSecurity & Hosting,VPN,#NAME?,"Buy price
USD 4.95

(0.0029 BTC)",therealdriver,"Views: 29 / Bids: Fixed price
Quantity left: Unlimited (22 automatic items)",#NAME?,VPN,VPN,#NAME?,"Sold by therealdriver -
0 sold since May 7, 2017åÊåÊVendor Level 6åÊTrust Level 6
22 items available for auto-dispatch",Purchase price: USD 4.95,,Security & HostingSecurity & Hosting,VPN,Beini Free Internet Wifi Hack Long Range 3000mW 12dBi Antenna 150Mbps USB WIFI Adapter Decoder,"Buy price
USD 150.00

(0.0880 BTC)",kimera,"Views: 2303 / Bids: Fixed price
Quantity left: Unlimited",Beini Free Internet Wifi Hack Long Range 3000mW 12dBi Antenna 150Mbps USB WIFI Adapter Decoder,VPN,VPN,Beini Free Internet Wifi Hack Long Range 3000mW 12...,"Sold by kimera -
3 sold since Dec 18, 2015åÊåÊVendor Level 6åÊTrust Level 7",Purchase price: USD 150.00,6,Security & HostingSecurity & Hosting,VPN,Remote Desktop Microsoft,"Buy price
USD 25.00

(0.0147 BTC)",moneymakerone,null,Remote Desktop Microsoft,VPN,VPN,Remote Desktop Microsoft,"Sold by moneymakerone -
0 sold since Apr 20, 2015åÊåÊVendor Level 1åÊTrust Level 5",Purchase price: USD 25.00,7,Security & HostingSecurity & Hosting,VPN,‰÷É‰÷É‰÷É CyberGhost 6 VPN Account ‰÷É ‰÷É ‰÷É Lifetime Passwords ‰÷É ‰÷É ‰÷É Lifetime Warranty ‰÷É‰÷É‰÷É,"Buy price
USD 0.00

(0.0000 BTC)",Narconorman,null,‰÷É‰÷É‰÷É CyberGhost 6 VPN Account ‰÷É ‰÷É ‰÷É Lifetime Passwords ‰÷É ‰÷É ‰÷É Lifetime Warranty ‰÷É‰÷É‰÷É,VPN,VPN,‰÷É‰÷É‰÷É CyberGhost 6 VPN Account ‰÷É ‰÷É ‰÷É Lifetime Passwo...,"Sold by Narconorman -
14 sold since Apr 9, 2017åÊåÊVendor Level 3åÊTrust Level 4
4 items available for auto-dispatch",Purchase price: USD 0.00,4,Security & HostingSecurity & Hosting,VPN,‰_Ç‰__2 x UNLIMITED VPNs - FOR LIFE!‰Ñã‰_Ç,"Buy price
USD 0.00

(0.0000 BTC)",plexiglas13,"Views: 151 / Bids: Fixed price
Quantity left: 97",‰_Ç‰__2 x UNLIMITED VPNs - FOR LIFE!‰Ñã‰_Ç,VPN,VPN,‰_Ç‰__2 x UNLIMITED VPNs - FOR LIFE!‰Ñã‰_Ç,"Sold by plexiglas13 -
3 sold since Apr 9, 2017åÊåÊVendor Level 1åÊTrust Level 4",Purchase price: USD 0.00,6,Security & HostingSecurity & Hosting,Socks,New SSH Shop - TunaStock,"Buy price
USD 10.00

(0.0059 BTC)",vo0doo-1,"Views: 394 / Bids: Fixed price
Quantity left: Unlimited",New SSH Shop - TunaStock,Socks,Socks,New SSH Shop - TunaStock,"Sold by vo0doo-1 -
4 sold since Nov 26, 2016åÊåÊVendor Level 1åÊTrust Level 3",Purchase price: USD 10.00,3,Security & HostingSecurity & Hosting,VPN,ExpressVPN Premium Account | lifetime,"Buy price
USD 10.00

(0.0058 BTC)",KingShot,"Views: 1267 / Bids: Fixed price
Quantity left: Unlimited",ExpressVPN Premium Account | lifetime,VPN,VPN,ExpressVPN Premium Account | lifetime,"Sold by KingShot -
100 sold since Jan 11, 2017åÊåÊVendor Level 2åÊTrust Level 5",Purchase price: USD 10.00,2,Security & HostingSecurity & Hosting,VPN,How To Buy Bitcoin With Credit Cards or Paypal,"Buy price
USD 0.95

(0.0006 BTC)",squaticat,"Views: 639 / Bids: Fixed price
Quantity left: Unlimited (243 automatic items)",How To Buy Bitcoin With Credit Cards or Paypal,VPN,VPN,How To Buy Bitcoin With Credit Cards or Paypal,"Sold by squaticat -
8 sold since Aug 13, 2016åÊåÊVendor Level 1åÊTrust Level 5
243 items available for auto-dispatch",Purchase price: USD 0.95,5,Security & HostingSecurity & Hosting,Socks,"How to Earn from 1000 $ / day on the DarkNet, DrBlackHat personal method 2016","Buy price
USD 1,500.00

(0.8789 BTC)",DrBlackHat,"Views: 907 / Bids: Fixed price
Quantity left: Unlimited","How to Earn from 1000 $ / day on the DarkNet, DrBlackHat personal method 2016",Socks,Socks,"How to Earn from 1000 $ / day on the DarkNet, DrBl...","Sold by DrBlackHat -
0 sold since Apr 20, 2016åÊåÊVendor Level 4åÊTrust Level 6","Purchase price: USD 1,500.00",4,Security & HostingSecurity & Hosting,VPN,"‰÷É‰÷É‰÷ÉBLACK WEEK BONUS - FOR EVEY 10 DUMPS ORDER, IL SEND 15 DUMPS‰÷É‰÷É‰÷É Dexter Dumps - Your best source for OWN HACKED/SKIMMED WORLDWIDE VIRGIN DUMPS - 95% RATES - Lowest Prices! * Support available!","Buy price
USD 14.99

(0.0088 BTC)",DexterITy4U,"Views: 369 / Bids: Fixed price
Quantity left: Unlimited","‰÷É‰÷É‰÷ÉBLACK WEEK BONUS - FOR EVEY 10 DUMPS ORDER, IL SEND 15 DUMPS‰÷É‰÷É‰÷É Dexter Dumps - Your best source for OWN HACKED/SKIMMED WORLDWIDE VIRGIN DUMPS - 95% RATES - Lowest Prices! * Support available!",VPN,VPN,"‰÷É‰÷É‰÷ÉBLACK WEEK BONUS - FOR EVEY 10 DUMPS ORDER, IL ...","Sold by DexterITy4U -
0 sold since Dec 1, 2016åÊåÊVendor Level 5åÊTrust Level 4",Purchase price: USD 14.99,,Security & HostingSecurity & Hosting,Hosting,‰÷É‰÷É‰÷ÉTESTED 25.12.2016‰÷ÉVPN CHANGER‰÷É20 KNOWN COUNTRIES‰÷ÉWORKS TO 2018‰÷É‰÷É‰÷É,"Buy price
USD 10.44

(0.0061 BTC)",SpartaCuSK,"Views: 315 / Bids: Fixed price
Quantity left: Unlimited",‰÷É‰÷É‰÷ÉTESTED 25.12.2016‰÷ÉVPN CHANGER‰÷É20 KNOWN COUNTRIES‰÷ÉWORKS TO 2018‰÷É‰÷É‰÷É,Hosting,Hosting,‰÷É‰÷É‰÷ÉTESTED 25.12.2016‰÷ÉVPN CHANGER‰÷É20 KNOWN COUNTRIE...,"Sold by SpartaCuSK -
0 sold since Dec 29, 2016åÊåÊVendor Level 4åÊTrust Level 4",Purchase price: USD 10.44,4,Security & HostingSecurity & Hosting,Hosting,Bitcoin Integration to your game/website/shop [50%],"Buy price
USD 37.98

(0.0222 BTC)",phackman,null,Bitcoin Integration to your game/website/shop [50%],Hosting,Hosting,Bitcoin Integration to your game/website/shop [50%...,"Sold by phackman -
1 sold since Jul 26, 2015åÊåÊVendor Level 4åÊTrust Level 5",Purchase price: USD 37.98,4,Security & HostingSecurity & Hosting,Hosting,Connectify Hotspot Pro v3.7 + Keygen (turn your laptop into a WiFi hotspot),"Buy price
USD 1.99

(0.0012 BTC)",ValueShop,"Views: 557 / Bids: Fixed price
Quantity left: Unlimited (250 automatic items)",Connectify Hotspot Pro v3.7 + Keygen (turn your laptop into a WiFi hotspot),Hosting,Hosting,Connectify Hotspot Pro v3.7 + Keygen (turn your la...,"Sold by ValueShop -
0 sold since Aug 5, 2016åÊåÊVendor Level 3åÊTrust Level 4
250 items available for auto-dispatch",Purchase price: USD 1.99,5,Security & HostingSecurity & Hosting,Socks,Don't Be A Fool !!! Mistakes which lead to arrests of many people on deepweb,"Buy price
USD 0.00

(0.0000 BTC)",Dr.Gru,"Views: 865 / Bids: Fixed price
Quantity left: Unlimited (214 automatic items)",Don't Be A Fool !!! Mistakes which lead to arrests of many people on deepweb,Socks,Socks,Don't Be A Fool !!! Mistakes which lead to arr...,"Sold by Dr.Gru -
37 sold since Dec 1, 2016åÊåÊVendor Level 1åÊTrust Level 4
214 items available for auto-dispatch",Purchase price: USD 0.00,2,Security & HostingSecurity & Hosting,Socks,*** FRESH SOCKS5 SERVICE ***,"Buy price
USD 0.00

(0.0000 BTC)",ChaosTeam,"Views: 1208 / Bids: Fixed price
Quantity left: Unlimited",*** FRESH SOCKS5 SERVICE ***,Socks,Socks,*** FRESH SOCKS5 SERVICE ***,"Sold by ChaosTeam -
9 sold since Dec 5, 2016åÊåÊVendor Level 3åÊTrust Level 4",Purchase price: USD 0.00,2,Security & HostingSecurity & Hosting,Hosting,Offshore VPS 1/3/6/12 Month,"Buy price
USD 18.86

(0.0110 BTC)",phackman,null,Offshore VPS 1/3/6/12 Month,Hosting,Hosting,Offshore VPS 1/3/6/12 Month,"Sold by phackman -
14 sold since Sep 9, 2015åÊåÊVendor Level 4åÊTrust Level 5",Purchase price: USD 18.86,2,Security & HostingSecurity & Hosting,VPN,TunnelBear VPN Account (Premium & Lifetime),"Buy price
USD 8.00

(0.0047 BTC)",KingShot,"Views: 1462 / Bids: Fixed price
Quantity left: Unlimited",TunnelBear VPN Account (Premium & Lifetime),VPN,VPN,TunnelBear VPN Account (Premium & Lifetime),"Sold by KingShot -
47 sold since May 21, 2016åÊåÊVendor Level 2åÊTrust Level 5",Purchase price: USD 8.00,2,Security & HostingSecurity & Hosting,VPN,WIFI EASY HACKING _ÙÕø GREAT VIDEO TUTORIALS ‰÷É WOKING GUIDES ‰÷É,"Buy price
USD 0.99

(0.0006 BTC)",elementur,"Views: 246 / Bids: Fixed price
Quantity left: Unlimited (7 automatic items)",WIFI EASY HACKING _ÙÕø GREAT VIDEO TUTORIALS ‰÷É WOKING GUIDES ‰÷É,VPN,VPN,WIFI EASY HACKING _ÙÕø GREAT VIDEO TUTORIALS ‰÷É WOKING...,"Sold by elementur -
3 sold since Mar 20, 2017åÊåÊVendor Level 1åÊTrust Level 4
7 items available for auto-dispatch",Purchase price: USD 0.99,6,Security & HostingSecurity & Hosting,Hosting,</DarkS0urce> ‰_Ê‰Ñ÷‰_Ê Custom Onion Domain,"Buy price
USD 0.00

(0.0000 BTC)",DarkS0urce,"Views: 141 / Bids: Fixed price
Quantity left: Unlimited",</DarkS0urce> ‰_Ê‰Ñ÷‰_Ê Custom Onion Domain,Hosting,Hosting,</DarkS0urce> ‰_Ê‰Ñ÷‰_Ê Custom Onion Domain,"Sold by DarkS0urce -
0 sold since Apr 6, 2017åÊåÊVendor Level 2åÊTrust Level 4",Purchase price: USD 0.00,4,Security & HostingSecurity & Hosting,Hosting,Hacked Cpanel accounts,"Buy price
USD 5.00

(0.0029 BTC)",Thegamblerguy,"Views: 141 / Bids: Fixed price
Quantity left: Unlimited",Hacked Cpanel accounts,Hosting,Hosting,Hacked Cpanel accounts,"Sold by Thegamblerguy -
3 sold since Apr 22, 2017åÊåÊVendor Level 1åÊTrust Level 5",Purchase price: USD 5.00,3,Security & HostingSecurity & Hosting,Hosting,"BUY PGP DEVICE ON SKY NETWORK, GET 3 MONTHS SUBSCRIPTION FREE!!!","Buy price
USD 250.00

(0.1460 BTC)",PGP_KING,null,"BUY PGP DEVICE ON SKY NETWORK, GET 3 MONTHS SUBSCRIPTION FREE!!!",Hosting,Hosting,"BUY PGP DEVICE ON SKY NETWORK, GET 3 MONTHS SUBSCR...","Sold by PGP_KING -
0 sold since Nov 4, 2016åÊåÊVendor Level 1åÊTrust Level 4",Purchase price: USD 250.00,5,Security & HostingSecurity & Hosting,VPN,TOP VPN LIST that don't keep logs,"Buy price
USD 0.00

(0.0000 BTC)",Cyberzen,"Views: 1677 / Bids: Fixed price
Quantity left: Unlimited",TOP VPN LIST that don't keep logs,VPN,VPN,TOP VPN LIST that don't keep logs,"Sold by Cyberzen -
24 sold since Sep 4, 2015åÊåÊVendor Level 6åÊTrust Level 6",Purchase price: USD 0.00,3,Security & HostingSecurity & Hosting,Hosting,"!! Fresh !! Windows RDP FULL ADMIN 30 days!!! - 2GB RAM Buffalo, NY or Los Angeles, CA Instant delivery","Buy price
USD 19.00

(0.0111 BTC)",Nameless13,"Views: 62 / Bids: Fixed price
Quantity left: 1 (2 automatic items)","!! Fresh !! Windows RDP FULL ADMIN 30 days!!! - 2GB RAM Buffalo, NY or Los Angeles, CA Instant delivery",Hosting,Hosting,!! Fresh !! Windows RDP FULL ADMIN 30 days!!! - 2G...,"Sold by Nameless13 -
2 sold since Apr 28, 2017åÊåÊVendor Level 3åÊTrust Level 5
2 items available for auto-dispatch",Purchase price: USD 19.00,3,Security & HostingSecurity & Hosting,Socks,Where To Get Sock5 Proxy - List of 10 Private Shops,"Buy price
USD 0.00

(0.0000 BTC)",eucarder,"Views: 414 / Bids: Fixed price
Quantity left: Unlimited (72 automatic items)",Where To Get Sock5 Proxy - List of 10 Private Shops,Socks,Socks,Where To Get Sock5 Proxy - List of 10 Private Shop...,"Sold by eucarder -
4 sold since Feb 17, 2017åÊåÊVendor Level 3åÊTrust Level 4
72 items available for auto-dispatch",Purchase price: USD 0.00,3,Security & HostingSecurity & Hosting,Hosting,Cpanel for scam and spaming,"Buy price
USD 10.00

(0.0058 BTC)",moneymakerone,null,Cpanel for scam and spaming,Hosting,Hosting,Cpanel for scam and spaming,"Sold by moneymakerone -
9 sold since Apr 20, 2015åÊåÊVendor Level 1åÊTrust Level 5",Purchase price: USD 10.00,2,Security & HostingSecurity & Hosting,VPN,[FRAUD TOOLS] ANTIDETECT 7 ‰÷É FRAUDFOX (VM & VirtualBox) ‰÷É CyberGhost 6 VPN‰÷É Proxy Grabbers ‰÷É Crackers ‰÷É VPN & Security tools ‰÷É 60+ TOOLS ‰÷É +GIFTS ‰÷É WORKIG 100% ‰÷É CARDING SUCCESS,"Buy price
USD 0.00

(0.0000 BTC)",elementur,"Views: 120 / Bids: Fixed price
Quantity left: Unlimited (7 automatic items)",[FRAUD TOOLS] ANTIDETECT 7 ‰÷É FRAUDFOX (VM & VirtualBox) ‰÷É CyberGhost 6 VPN‰÷É Proxy Grabbers ‰÷É Crackers ‰÷É VPN & Security tools ‰÷É 60+ TOOLS ‰÷É +GIFTS ‰÷É WORKIG 100% ‰÷É CARDING SUCCESS,VPN,VPN,[FRAUD TOOLS] ANTIDETECT 7 ‰÷É FRAUDFOX (VM & Vi...,"Sold by elementur -
1 sold since Apr 11, 2017åÊåÊVendor Level 1åÊTrust Level 4
7 items available for auto-dispatch",Purchase price: USD 0.00,6,Security & HostingSecurity & Hosting,Hosting,BulletProof DNS,"Buy price
USD 200.00

(0.1168 BTC)",Explo1t,null,BulletProof DNS,Hosting,Hosting,BulletProof DNS,"Sold by Explo1t -
0 sold since Apr 8, 2017åÊåÊVendor Level 1åÊTrust Level 4",Purchase price: USD 200.00,5,Security & HostingSecurity & Hosting,Hosting,$$$$$-----Technitium MAC Address Changer v6.0.3-----$$$$$,"Buy price
USD 5.00

(0.0029 BTC)",amnesia_36,"Views: 524 / Bids: Fixed price
Quantity left: Unlimited (1 automatic items)",$$$$$-----Technitium MAC Address Changer v6.0.3-----$$$$$,Hosting,Hosting,$$$$$-----Technitium MAC Address Changer v6.0.3---...,"Sold by amnesia_36 -
0 sold since Dec 29, 2015åÊåÊVendor Level 1åÊTrust Level 3
1 items available for auto-dispatch",Purchase price: USD 5.00,5,Security & HostingSecurity & Hosting,VPN,‰_Ç‰__‰ª¥ COLOSSAL PACK ‰ª¥- BITCOIN GUIDES & TUTORIALS - CARDING TUTORIAL - BIN LIST - SAFETY SOFTWARE - VPN - E-BOOKS - MAKING MONEY LEGAL - AND MUCH MORE ‰ùá‰ÒÀ‰ù_‰ù_+ _ùêÉ_ùêÔ_ùêã_ùêã ƒ¢ƒ»êÏ¡‡«_ ‰Ùá æÏí_êÑí_í£íÈí_‡«ÏêÎêÎí©í_êªƒ¢íêíçêâí í_íø‡«àêÊêùí_íÇí_ êÅíàíªêàíªí_‡«©íèêêíãíÏíÁêÉ‡«ÛíÄí¥íÂí_í©‡«ãêâêâíäêùêàí±íÊê¥‡«ÜêãêÔíçí_í÷í_ íàí¥íêêÕê_êö‰Ñã‰_Ç,"Buy price
USD 8.99

(0.0052 BTC)",KingCarder,"Views: 1636 / Bids: Fixed price
Quantity left: Unlimited (100 automatic items)",‰_Ç‰__‰ª¥ COLOSSAL PACK ‰ª¥- BITCOIN GUIDES & TUTORIALS - CARDING TUTORIAL - BIN LIST - SAFETY SOFTWARE - VPN - E-BOOKS - MAKING MONEY LEGAL - AND MUCH MORE ‰ùá‰ÒÀ‰ù_‰ù_+ _ùêÉ_ùêÔ_ùêã_ùêã ƒ¢ƒ»êÏ¡‡«_ ‰Ùá æÏí_êÑí_í£íÈí_‡«ÏêÎêÎí©í_êªƒ¢íêíçêâí í_íø‡«àêÊêùí_íÇí_ êÅíàíªêàíªí_‡«©íèêêíãíÏíÁêÉ‡«ÛíÄí¥íÂí_í©‡«ãêâêâíäêùêàí±íÊê¥‡«ÜêãêÔíçí_í÷í_ íàí¥íêêÕê_êö‰Ñã‰_Ç,VPN,VPN,‰_Ç‰__‰ª¥ COLOSSAL PACK ‰ª¥- BITCOIN GUIDES & TUTORIAL...,"Sold by KingCarder -
29 sold since Dec 20, 2015åÊåÊVendor Level 5åÊTrust Level 6
100 items available for auto-dispatch",Purchase price: USD 8.99,3,Security & HostingSecurity & Hosting,Hosting,100% Anonymous & Censorship BULLETPROOF Website / Blog / Online Shop - FREE Speech,"Buy price
USD 147.77

(0.0863 BTC)",amelia75,"Views: 779 / Bids: Fixed price
Quantity left: Unlimited",100% Anonymous & Censorship BULLETPROOF Website / Blog / Online Shop - FREE Speech,Hosting,Hosting,100% Anonymous & Censorship BULLETPROOF Websit...,"Sold by amelia75 -
0 sold since Oct 26, 2016åÊåÊVendor Level 5åÊTrust Level 5",Purchase price: USD 147.77,5,Security & HostingSecurity & Hosting,VPN,"‰÷É‰÷É‰÷É‰÷É‰÷ÉUltimate Celebrity Porn Leaks + The Fappening [Pics & Vids] ‰ÎÅ OVER 5000 Items - Over 8 GB! ‰÷É‰÷É ‰÷É Kate Upton, Selena Gomez, Ariana Grande, Miley Cyrus, Taylor Swift, Rihanna, AND MORE! ‰÷É‰÷É‰÷É‰÷É‰÷É","Buy price
USD 0.95

(0.0006 BTC)",squaticat,"Views: 715 / Bids: Fixed price
Quantity left: Unlimited (244 automatic items)","‰÷É‰÷É‰÷É‰÷É‰÷ÉUltimate Celebrity Porn Leaks + The Fappening [Pics & Vids] ‰ÎÅ OVER 5000 Items - Over 8 GB! ‰÷É‰÷É ‰÷É Kate Upton, Selena Gomez, Ariana Grande, Miley Cyrus, Taylor Swift, Rihanna, AND MORE! ‰÷É‰÷É‰÷É‰÷É‰÷É",VPN,VPN,‰÷É‰÷É‰÷É‰÷É‰÷ÉUltimate Celebrity Porn Leaks + The Fappening...,"Sold by squaticat -
6 sold since May 27, 2016åÊåÊVendor Level 1åÊTrust Level 5
244 items available for auto-dispatch",Purchase price: USD 0.95,5,Security & HostingSecurity & Hosting,VPN,Any country RDP cheapest on Market,"Buy price
USD 30.00

(0.0176 BTC)",lunis,"Views: 921 / Bids: Fixed price
Quantity left: Unlimited",Any country RDP cheapest on Market,VPN,VPN,Any country RDP cheapest on Market,"Sold by lunis -
6 sold since Feb 21, 2017åÊåÊVendor Level 5åÊTrust Level 4",Purchase price: USD 30.00,5,Security & HostingSecurity & Hosting,Hosting,TradeRoute Market - Free Pass to login!!!,"Buy price
USD 0.00

(0.0000 BTC)",oildabber,"Views: 284 / Bids: Fixed price
Quantity left: Unlimited",TradeRoute Market - Free Pass to login!!!,Hosting,Hosting,TradeRoute Market - Free Pass to login!!!,"Sold by oildabber -
9 sold since Feb 22, 2017åÊåÊVendor Level 3åÊTrust Level 5",Purchase price: USD 0.00,2,Security & HostingSecurity & Hosting,VPN,Windows VPS windows RDP( us uk france),"Buy price
USD 25.00

(0.0146 BTC)",ultimateCC,"Views: 2796 / Bids: Fixed price
Quantity left: Unlimited",Windows VPS windows RDP( us uk france),VPN,VPN,Windows VPS windows RDP( us uk france),"Sold by ultimateCC -
27 sold since Oct 7, 2015åÊåÊVendor Level 1åÊTrust Level 6",Purchase price: USD 25.00,3,Security & HostingSecurity & Hosting,Socks,[SOCKS5 Finder] Proxy Scanner Proxy For Windows,"Buy price
USD 0.00

(0.0000 BTC)",Cyberzen,"Views: 1171 / Bids: Fixed price
Quantity left: Unlimited",[SOCKS5 Finder] Proxy Scanner Proxy For Windows,Socks,Socks,[SOCKS5 Finder] Proxy Scanner Proxy For Windows,"Sold by Cyberzen -
6 sold since Sep 4, 2015åÊåÊVendor Level 6åÊTrust Level 6",Purchase price: USD 0.00,3,Security & HostingSecurity & Hosting,VPN,Don't Be A Fool !!! Mistakes which lead to arrests of many people on deepweb,"Buy price
USD 0.00

(0.0000 BTC)",Dr.Gru,"Views: 427 / Bids: Fixed price
Quantity left: Unlimited (246 automatic items)",Don't Be A Fool !!! Mistakes which lead to arrests of many people on deepweb,VPN,VPN,Don't Be A Fool !!! Mistakes which lead to arr...,"Sold by Dr.Gru -
4 sold since Dec 1, 2016åÊåÊVendor Level 1åÊTrust Level 4
246 items available for auto-dispatch",Purchase price: USD 0.00,6,Security & HostingSecurity & Hosting,Socks,‰÷É‰÷ÉFRESH PROXY‰÷É‰÷É -- USA ONLY,"Buy price
USD 1.50

(0.0009 BTC)",trancedock,"Views: 1484 / Bids: Fixed price
Quantity left: Unlimited",‰÷É‰÷ÉFRESH PROXY‰÷É‰÷É -- USA ONLY,Socks,Socks,‰÷É‰÷ÉFRESH PROXY‰÷É‰÷É -- USA ONLY,"Sold by trancedock -
54 sold since Dec 17, 2016åÊåÊVendor Level 1åÊTrust Level 5",Purchase price: USD 1.50,2,Security & HostingSecurity & Hosting,Socks,‰÷É‰÷ÉFRESH PROXY‰÷É‰÷É -- UK ONLY,"Buy price
USD 2.50

(0.0015 BTC)",trancedock,"Views: 402 / Bids: Fixed price
Quantity left: Unlimited",‰÷É‰÷ÉFRESH PROXY‰÷É‰÷É -- UK ONLY,Socks,Socks,‰÷É‰÷ÉFRESH PROXY‰÷É‰÷É -- UK ONLY,"Sold by trancedock -
7 sold since Jan 1, 2017åÊåÊVendor Level 1åÊTrust Level 5",Purchase price: USD 2.50,3,Security & HostingSecurity & Hosting,Socks,"‰÷É‰÷É‰÷ÉBLACK WEEK BONUS - FOR EVEY 10 DUMPS ORDER, IL SEND 15 DUMPS‰÷É‰÷É‰÷É Dexter Dumps - Your best source for OWN HACKED/SKIMMED WORLDWIDE VIRGIN DUMPS - 95% RATES - Lowest Prices! * Support available!","Buy price
USD 14.99

(0.0088 BTC)",DexterITy4U,"Views: 523 / Bids: Fixed price
Quantity left: Unlimited","‰÷É‰÷É‰÷ÉBLACK WEEK BONUS - FOR EVEY 10 DUMPS ORDER, IL SEND 15 DUMPS‰÷É‰÷É‰÷É Dexter Dumps - Your best source for OWN HACKED/SKIMMED WORLDWIDE VIRGIN DUMPS - 95% RATES - Lowest Prices! * Support available!",Socks,Socks,"‰÷É‰÷É‰÷ÉBLACK WEEK BONUS - FOR EVEY 10 DUMPS ORDER, IL ...","Sold by DexterITy4U -
4 sold since Dec 1, 2016åÊåÊVendor Level 5åÊTrust Level 4",Purchase price: USD 14.99,3,Security & HostingSecurity & Hosting,VPN,[FREE] Hotspot Shield VPN 5.4.11 - The Newest Version,"Buy price
USD 0.00

(0.0000 BTC)",amirmalas1,"Views: 1236 / Bids: Fixed price
Quantity left: Unlimited",[FREE] Hotspot Shield VPN 5.4.11 - The Newest Version,VPN,VPN,[FREE] Hotspot Shield VPN 5.4.11 - The Newest Vers...,"Sold by amirmalas1 -
147 sold since Aug 29, 2016åÊåÊVendor Level 1åÊTrust Level 5",Purchase price: USD 0.00,2,Security & HostingSecurity & Hosting,VPN,Advanced Security & Privacy Encrypted Laptop  Computer,"Buy price
USD 750.00

(0.4401 BTC)",CryptoSys,"Views: 443 / Bids: Fixed price
Quantity left: Unlimited",Advanced Security & Privacy Encrypted Laptop  Computer,VPN,VPN,Advanced Security & Privacy Encrypted Laptop  ...,"Sold by CryptoSys -
0 sold since Dec 13, 2016åÊåÊVendor Level 1åÊTrust Level 3",Purchase price: USD 750.00,7,Security & HostingSecurity & Hosting,VPN,‰ª¥‰ª¥‰ª¥ ‰÷É‰÷É‰÷É STRONGVPN ACCOUNT (LIFETIME) ‰ª¥‰ª¥‰ª¥ ‰÷É‰÷É‰÷É,"Buy price
USD 0.00

(0.0000 BTC)",TheShop,"Views: 6874 / Bids: Fixed price
Quantity left: Unlimited",‰ª¥‰ª¥‰ª¥ ‰÷É‰÷É‰÷É STRONGVPN ACCOUNT (LIFETIME) ‰ª¥‰ª¥‰ª¥ ‰÷É‰÷É‰÷É,VPN,VPN,‰ª¥‰ª¥‰ª¥ ‰÷É‰÷É‰÷É STRONGVPN ACCOUNT (LIFETIME) ‰ª¥‰ª¥‰ª¥ ‰÷É‰÷É‰÷É,"Sold by TheShop -
166 sold since May 19, 2016åÊåÊVendor Level 4åÊTrust Level 5",Purchase price: USD 0.00,2,Security & HostingSecurity & Hosting,Hosting,Sendy is a self hosted email newsletter application + crack + error fixed,"Buy price
USD 40.00

(0.0234 BTC)",lazy99,"Views: 446 / Bids: Fixed price
Quantity left: Unlimited (3 automatic items)",Sendy is a self hosted email newsletter application + crack + error fixed,Hosting,Hosting,Sendy is a self hosted email newsletter applicatio...,"Sold by lazy99 -
0 sold since Nov 2, 2016åÊåÊVendor Level 3åÊTrust Level 4
3 items available for auto-dispatch",Purchase price: USD 40.00,4,Security & HostingSecurity & Hosting,Hosting,‰__‰__‰__NON VBV - Easy RESET - BIN LIST *WorldWide* UPDATE APRIL ‰ùá‰ÒÀ‰ù_‰ù_‰Ñã‰Ñã‰Ñã,"Buy price
USD 0.00

(0.0000 BTC)",Dr.Gru,"Views: 59 / Bids: Fixed price
Quantity left: Unlimited (250 automatic items)",‰__‰__‰__NON VBV - Easy RESET - BIN LIST *WorldWide* UPDATE APRIL ‰ùá‰ÒÀ‰ù_‰ù_‰Ñã‰Ñã‰Ñã,Hosting,Hosting,‰__‰__‰__NON VBV - Easy RESET - BIN LIST *WorldWide* UPD...,"Sold by Dr.Gru -
0 sold since Apr 24, 2017åÊåÊVendor Level 1åÊTrust Level 4
250 items available for auto-dispatch",Purchase price: USD 0.00,4,Security & HostingSecurity & Hosting,Socks,Jennifer Lawrence Celebrity Porn Leak 140+ Photos / Videos + 2.5GB Extra Porn,"Buy price
USD 0.45

(0.0003 BTC)",squaticat,"Views: 1155 / Bids: Fixed price
Quantity left: Unlimited (214 automatic items)",Jennifer Lawrence Celebrity Porn Leak 140+ Photos / Videos + 2.5GB Extra Porn,Socks,Socks,Jennifer Lawrence Celebrity Porn Leak 140+ Photos ...,"Sold by squaticat -
38 sold since Jun 22, 2016åÊåÊVendor Level 1åÊTrust Level 5
214 items available for auto-dispatch",Purchase price: USD 0.45,2,Security & HostingSecurity & Hosting,Socks,FORGET ABOUT BANNED OVERUSED VIP72 LIST 0F 10 SOCKS PROVIDERS,"Buy price
USD 5.00

(0.0029 BTC)",CardPass,"Views: 252 / Bids: Fixed price
Quantity left: Unlimited (248 automatic items)",FORGET ABOUT BANNED OVERUSED VIP72 LIST 0F 10 SOCKS PROVIDERS,Socks,Socks,FORGET ABOUT BANNED OVERUSED VIP72 LIST 0F 10 SOCK...,"Sold by CardPass -
3 sold since Mar 26, 2017åÊåÊVendor Level 4åÊTrust Level 6
248 items available for auto-dispatch",Purchase price: USD 5.00,3,Security & HostingSecurity & Hosting,VPN,Anon VPN *** Full private acount for one month ***,"Buy price
USD 10.00

(0.0059 BTC)",ultimateCC,"Views: 1356 / Bids: Fixed price
Quantity left: Unlimited",Anon VPN *** Full private acount for one month ***,VPN,VPN,Anon VPN *** Full private acount for one month ***,"Sold by ultimateCC -
13 sold since Oct 16, 2015åÊåÊVendor Level 1åÊTrust Level 6",Purchase price: USD 10.00,4,Security & HostingSecurity & Hosting,VPN,IPVANISH Premium Account [Lifetime Warranty],"Buy price
USD 7.40

(0.0043 BTC)",lunis,"Views: 324 / Bids: Fixed price
Quantity left: Unlimited",IPVANISH Premium Account [Lifetime Warranty],VPN,VPN,IPVANISH Premium Account [Lifetime Warranty],"Sold by lunis -
0 sold since Feb 25, 2017åÊåÊVendor Level 5åÊTrust Level 4",Purchase price: USD 7.40,7,Security & HostingSecurity & Hosting,Socks,MEGA PROXY SCRAPER/CHECKER PACK!! BEST ON AB!!,"Buy price
USD 10.00

(0.0059 BTC)",kr3ms,"Views: 155 / Bids: Fixed price
Quantity left: Unlimited",MEGA PROXY SCRAPER/CHECKER PACK!! BEST ON AB!!,Socks,Socks,MEGA PROXY SCRAPER/CHECKER PACK!! BEST ON AB!!,"Sold by kr3ms -
0 sold since Apr 18, 2017åÊåÊVendor Level 3åÊTrust Level 6",Purchase price: USD 10.00,5,Security & HostingSecurity & Hosting,VPN,2  DIFFERENT HIGH QUALITY  VPN's ‰÷É‰÷É‰÷É‰÷ÉVIRTUAL PRIVATE NETWORK‰÷É‰÷É‰÷É FREE,"Buy price
USD 0.00

(0.0000 BTC)",rbp,"Views: 89 / Bids: Fixed price
Quantity left: Unlimited (31 automatic items)",2  DIFFERENT HIGH QUALITY  VPN's ‰÷É‰÷É‰÷É‰÷ÉVIRTUAL PRIVATE NETWORK‰÷É‰÷É‰÷É FREE,VPN,VPN,2  DIFFERENT HIGH QUALITY  VPN's ‰÷É‰÷É‰÷É‰÷ÉVIRTUAL P...,"Sold by rbp -
5 sold since Apr 21, 2017åÊåÊVendor Level 4åÊTrust Level 4
31 items available for auto-dispatch",Purchase price: USD 0.00,5,Security & HostingSecurity & Hosting,VPN,CyberGhost VPN - V.  6.0.2.1985,"Buy price
USD 0.00

(0.0000 BTC)",eucarder,"Views: 530 / Bids: Fixed price
Quantity left: Unlimited (229 automatic items)",CyberGhost VPN - V.  6.0.2.1985,VPN,VPN,CyberGhost VPN - V.  6.0.2.1985,"Sold by eucarder -
22 sold since Mar 12, 2017åÊåÊVendor Level 3åÊTrust Level 4
229 items available for auto-dispatch",Purchase price: USD 0.00,3,Security & HostingSecurity & Hosting,VPN,‰_à‰_à‰_à ‰__UNLIMITED VPN + ANONYMOUS EMAIL ACCOUNT FOR LIFE!‰Ñã ‰_à‰_à‰_à ‰÷É BRAND NEW ‰ùá‰ÒÀ‰ù_‰ù_ ‰÷É‰÷É‰÷É GET IT NOW! LOSBANDOS86å¨,"Buy price
USD 0.00

(0.0000 BTC)",losbandos86,"Views: 401 / Bids: Fixed price
Quantity left: Unlimited (12 automatic items)",‰_à‰_à‰_à ‰__UNLIMITED VPN + ANONYMOUS EMAIL ACCOUNT FOR LIFE!‰Ñã ‰_à‰_à‰_à ‰÷É BRAND NEW ‰ùá‰ÒÀ‰ù_‰ù_ ‰÷É‰÷É‰÷É GET IT NOW! LOSBANDOS86å¨,VPN,VPN,‰_à‰_à‰_à ‰__UNLIMITED VPN + ANONYMOUS EMAIL ACCOUNT FOR L...,"Sold by losbandos86 -
8 sold since Jan 8, 2017åÊåÊVendor Level 1åÊTrust Level 5
12 items available for auto-dispatch",Purchase price: USD 0.00,5,Security & HostingSecurity & Hosting,Hosting,1 Year BulletProof Hosting - China,"Buy price
USD 1,119.99

(0.6540 BTC)",Explo1t,"Views: 103 / Bids: Fixed price
Quantity left: Unlimited",1 Year BulletProof Hosting - China,Hosting,Hosting,1 Year BulletProof Hosting - China,"Sold by Explo1t -
0 sold since Apr 8, 2017åÊåÊVendor Level 1åÊTrust Level 4","Purchase price: USD 1,119.99",5,Security & HostingSecurity & Hosting,Hosting,Anonymous virtual private server for Tor onion hidden service,"Buy price
USD 20.00

(0.0117 BTC)",hidden-service-hosting,null,Anonymous virtual private server for Tor onion hidden service,Hosting,Hosting,Anonymous virtual private server for Tor onion hid...,"Sold by hidden-service-hosting -
0 sold since Apr 29, 2017åÊåÊVendor Level 1åÊTrust Level 3",null,4,Security & HostingSecurity & Hosting,Socks,‰÷É IPV4 ‰÷É & IPV6 Proxies ‰ÏÓ | Nonblacklisted ‰ÏÓ | Long Lasting 2 week up to 3 months  ‰ÏÓ,"Buy price
USD 2.50

(0.0015 BTC)",Slayed,null,‰÷É IPV4 ‰÷É & IPV6 Proxies ‰ÏÓ | Nonblacklisted ‰ÏÓ | Long Lasting 2 week up to 3 months  ‰ÏÓ,Socks,Socks,‰÷É IPV4 ‰÷É & IPV6 Proxies ‰ÏÓ | Nonblacklisted ‰ÏÓ |...,"Sold by Slayed -
22 sold since Feb 25, 2017åÊåÊVendor Level 3åÊTrust Level 4",Purchase price: USD 2.50,2,Security & HostingSecurity & Hosting,VPN,‰ª¥ ZenMate VPN Premium Account (Autobuy) ‰ª¥,"Buy price
USD 4.99

(0.0029 BTC)",TheShop,"Views: 2441 / Bids: Fixed price
Quantity left: Unlimited",‰ª¥ ZenMate VPN Premium Account (Autobuy) ‰ª¥,VPN,VPN,‰ª¥ ZenMate VPN Premium Account (Autobuy) ‰ª¥,"Sold by TheShop -
57 sold since Jun 22, 2016åÊåÊVendor Level 4åÊTrust Level 5",Purchase price: USD 4.99,2,Security & HostingSecurity & Hosting,Hosting,"How to Earn from 1000 $ / day on the DarkNet, DrBlackHat personal method 2016","Buy price
USD 1,500.00

(0.8759 BTC)",DrBlackHat,"Views: 905 / Bids: Fixed price
Quantity left: Unlimited","How to Earn from 1000 $ / day on the DarkNet, DrBlackHat personal method 2016",Hosting,Hosting,"How to Earn from 1000 $ / day on the DarkNet, DrBl...","Sold by DrBlackHat -
0 sold since Apr 20, 2016åÊåÊVendor Level 4åÊTrust Level 6","Purchase price: USD 1,500.00",4,Security & HostingSecurity & Hosting,Hosting,CRIME STORE SELLING DARKNET ITEMS: LINK:  crimetcigbfjciga.onion,"Buy price
USD 1.00

(0.0006 BTC)",Chairo05,"Views: 582 / Bids: Fixed price
Quantity left: 15",CRIME STORE SELLING DARKNET ITEMS: LINK:  crimetcigbfjciga.onion,Hosting,Hosting,CRIME STORE SELLING DARKNET ITEMS: LINK:  crimetci...,"Sold by Chairo05 -
0 sold since Jul 12, 2016åÊåÊVendor Level 1åÊTrust Level 3",Purchase price: USD 1.00,5,Security & HostingSecurity & Hosting,VPN,AUTOFULFILL! List of All The Best DarkNet Sites + PORN + FREEBIES!!!,"Buy price
USD 0.95

(0.0006 BTC)",squaticat,"Views: 458 / Bids: Fixed price
Quantity left: Unlimited (234 automatic items)",AUTOFULFILL! List of All The Best DarkNet Sites + PORN + FREEBIES!!!,VPN,VPN,AUTOFULFILL! List of All The Best DarkNet Sites + ...,"Sold by squaticat -
17 sold since Jan 15, 2017åÊåÊVendor Level 1åÊTrust Level 5
234 items available for auto-dispatch",Purchase price: USD 0.95,3,Security & HostingSecurity & Hosting,Socks,"Free VPN For Windows, Mac & Linux + FREEBIES","Buy price
USD 1.99

(0.0012 BTC)",Cyberzen,"Views: 997 / Bids: Fixed price
Quantity left: Unlimited","Free VPN For Windows, Mac & Linux + FREEBIES",Socks,Socks,"Free VPN For Windows, Mac & Linux + FREEBIES","Sold by Cyberzen -
10 sold since Sep 4, 2015åÊåÊVendor Level 6åÊTrust Level 6",Purchase price: USD 1.99,2,Security & HostingSecurity & Hosting,VPN,Top 5 Reasons for Bloggers to Use a VPN,"Buy price
USD 1.00

(0.0006 BTC)",HeartKidnapper,null,Top 5 Reasons for Bloggers to Use a VPN,VPN,VPN,Top 5 Reasons for Bloggers to Use a VPN,"Sold by HeartKidnapper -
0 sold since May 16, 2016åÊåÊVendor Level 2åÊTrust Level 5",Purchase price: USD 1.00,7,Security & HostingSecurity & Hosting,Hosting,‰÷É Hacked RDPs with guaranteed ‰÷É Admin Access ‰ÏÓ 100% Fresh ‰ÏÓ‰÷É,"Buy price
USD 5.00

(0.0029 BTC)",Slayed,null,‰÷É Hacked RDPs with guaranteed ‰÷É Admin Access ‰ÏÓ 100% Fresh ‰ÏÓ‰÷É,Hosting,Hosting,‰÷É Hacked RDPs with guaranteed ‰÷É Admin Access ‰ÏÓ 100...,"Sold by Slayed -
3 sold since May 1, 2017åÊåÊVendor Level 3åÊTrust Level 4",Purchase price: USD 5.00,3,Security & HostingSecurity & Hosting,VPN,ZenMate VPN Account (Premium & Lifetime),"Buy price
USD 3.00

(0.0018 BTC)",KingShot,"Views: 1348 / Bids: Fixed price
Quantity left: Unlimited",ZenMate VPN Account (Premium & Lifetime),VPN,VPN,ZenMate VPN Account (Premium & Lifetime),"Sold by KingShot -
62 sold since May 21, 2016åÊåÊVendor Level 2åÊTrust Level 5",Purchase price: USD 3.00,2,Security & HostingSecurity & Hosting,Hosting,Your own personal .onion / hidden service - Shop/Page/Forum etc..,"Buy price
USD 400.00

(0.2336 BTC)",explicity,"Views: 1785 / Bids: Fixed price
Quantity left: Unlimited",Your own personal .onion / hidden service - Shop/Page/Forum etc..,Hosting,Hosting,Your own personal .onion / hidden service - Shop/P...,"Sold by explicity -
2 sold since Oct 19, 2015åÊåÊVendor Level 5åÊTrust Level 6",Purchase price: USD 400.00,3,Security & HostingSecurity & Hosting,VPN,CRIME STORE SELLING DARKNET ITEMS: LINK:  crimetcigbfjciga.onion,"Buy price
USD 1.00

(0.0006 BTC)",Chairo05,"Views: 542 / Bids: Fixed price
Quantity left: 15",CRIME STORE SELLING DARKNET ITEMS: LINK:  crimetcigbfjciga.onion,VPN,VPN,CRIME STORE SELLING DARKNET ITEMS: LINK:  crimetci...,"Sold by Chairo05 -
0 sold since Jul 12, 2016åÊåÊVendor Level 1åÊTrust Level 3",Purchase price: USD 1.00,,Security & HostingSecurity & Hosting,Hosting,AUTOFULFILL! List of All The Best DarkNet Sites + PORN + FREEBIES!!!,"Buy price
USD 0.95

(0.0006 BTC)",squaticat,"Views: 326 / Bids: Fixed price
Quantity left: Unlimited (247 automatic items)",AUTOFULFILL! List of All The Best DarkNet Sites + PORN + FREEBIES!!!,Hosting,Hosting,AUTOFULFILL! List of All The Best DarkNet Sites + ...,"Sold by squaticat -
3 sold since Jan 15, 2017åÊåÊVendor Level 1åÊTrust Level 5
247 items available for auto-dispatch",Purchase price: USD 0.95,3,Security & HostingSecurity & Hosting,Hosting,rdp/vps,"Buy price
USD 0.00

(0.0000 BTC)",kusemeq,"Views: 1572 / Bids: Fixed price
Quantity left: Unlimited",rdp/vps,Hosting,Hosting,rdp/vps,"Sold by kusemeq -
13 sold since Dec 16, 2015åÊåÊVendor Level 1åÊTrust Level 5",Purchase price: USD 0.00,2,Security & HostingSecurity & Hosting,VPN,‰÷É ‰÷É‰÷É VyprVPN  Account ‰÷É ‰÷É ‰÷É Lifetime Passwords ‰÷É ‰÷É ‰÷É Lifetime Warranty ‰÷É ‰÷É ‰÷É,"Buy price
USD 0.00

(0.0000 BTC)",Narconorman,"Views: 54 / Bids: Fixed price
Quantity left: Unlimited",‰÷É ‰÷É‰÷É VyprVPN  Account ‰÷É ‰÷É ‰÷É Lifetime Passwords ‰÷É ‰÷É ‰÷É Lifetime Warranty ‰÷É ‰÷É ‰÷É,VPN,VPN,‰÷É ‰÷É‰÷É VyprVPN  Account ‰÷É ‰÷É ‰÷É Lifetime Passwords ‰÷É ‰÷É...,"Sold by Narconorman -
0 sold since Apr 28, 2017åÊåÊVendor Level 3åÊTrust Level 4",Purchase price: USD 0.00,,Security & HostingSecurity & Hosting,VPN,IPVanish VPN,"Buy price
USD 10.00

(0.0059 BTC)",ShadowKing121,"Views: 237 / Bids: Fixed price
Quantity left: Unlimited",IPVanish VPN,VPN,VPN,IPVanish VPN,"Sold by ShadowKing121 -
2 sold since Apr 4, 2017åÊåÊVendor Level 1åÊTrust Level 4",Purchase price: USD 10.00,6,Security & HostingSecurity & Hosting,VPN,‰_Ç‰__ Hide my Ass VPN UNLIMITED ACCOUNT,"Buy price
USD 9.98

(0.0058 BTC)",KingCarder,"Views: 2818 / Bids: Fixed price
Quantity left: Unlimited",‰_Ç‰__ Hide my Ass VPN UNLIMITED ACCOUNT,VPN,VPN,‰_Ç‰__ Hide my Ass VPN UNLIMITED ACCOUNT,"Sold by KingCarder -
95 sold since Jun 8, 2016åÊåÊVendor Level 5åÊTrust Level 6",Purchase price: USD 9.98,2,Security & HostingSecurity & Hosting,VPN,AUTO-fulfills***IPVANISH Premium Account (Lifetime Warranty)*** AUTO-fulfills,"Buy price
USD 10.00

(0.0058 BTC)",Evola,"Views: 8182 / Bids: Fixed price
Quantity left: Unlimited (7 automatic items)",AUTO-fulfills***IPVANISH Premium Account (Lifetime Warranty)*** AUTO-fulfills,VPN,VPN,AUTO-fulfills***IPVANISH Premium Account (Lifetime...,"Sold by Evola -
154 sold since Jun 1, 2016åÊåÊVendor Level 5åÊTrust Level 5
7 items available for auto-dispatch",Purchase price: USD 10.00,2,Security & HostingSecurity & Hosting,Hosting,.99 CENT HQ SUPER FAST 1 GB SPEED -OFFSHORE HOSTING- 90% OFF SPECIAL BEST DEAL IN MARKET [HQ] Lowest Rates! 100% Satisfaction guarantee..!!,"Buy price
USD 0.00

(0.0000 BTC)",DarkNetSoftWare,"Views: 2066 / Bids: Fixed price
Quantity left: Unlimited (250 automatic items)",.99 CENT HQ SUPER FAST 1 GB SPEED -OFFSHORE HOSTING- 90% OFF SPECIAL BEST DEAL IN MARKET [HQ] Lowest Rates! 100% Satisfaction guarantee..!!,Hosting,Hosting,.99 CENT HQ SUPER FAST 1 GB SPEED -OFFSHORE HOSTIN...,"Sold by DarkNetSoftWare -
1 sold since Jun 30, 2016åÊåÊVendor Level 1åÊTrust Level 5
250 items available for auto-dispatch",Purchase price: USD 0.00,4,Security & HostingSecurity & Hosting,VPN,$1.00 USD Buys One Lottery Ticket ‰ÛÒ You Could Win 1.63 BTC ‰ÛÒ Valid For Four Draws ‰ÛÒ Winning Numbers Drawn Every Friday ‰ÛÒ PLAY CASH PANDA**$$**What Are Your Lucky Numbers?,"Buy price
USD 1.00

(0.0006 BTC)",CashPanda,"Views: 191 / Bids: Fixed price
Quantity left: Unlimited",$1.00 USD Buys One Lottery Ticket ‰ÛÒ You Could Win 1.63 BTC ‰ÛÒ Valid For Four Draws ‰ÛÒ Winning Numbers Drawn Every Friday ‰ÛÒ PLAY CASH PANDA**$$**What Are Your Lucky Numbers?,VPN,VPN,$1.00 USD Buys One Lottery Ticket ‰ÛÒ You Could Win ...,"Sold by CashPanda -
0 sold since Mar 11, 2017åÊåÊVendor Level 1åÊTrust Level 4",Purchase price: USD 1.00,7,Security & HostingSecurity & Hosting,Hosting,#### How to use RDP on Windwos and MAC / :) ####,"Buy price
USD 0.00

(0.0000 BTC)",Dr.Gru,"Views: 487 / Bids: Fixed price
Quantity left: Unlimited (233 automatic items)",#### How to use RDP on Windwos and MAC / :) ####,Hosting,Hosting,#### How to use RDP on Windwos and MAC / :) ####,"Sold by Dr.Gru -
15 sold since Dec 1, 2016åÊåÊVendor Level 1åÊTrust Level 4
233 items available for auto-dispatch",Purchase price: USD 0.00,2,Security & HostingSecurity & Hosting,VPN,‰÷É‰÷É‰÷É Dexter GIVES YOU ‰÷É‰÷É‰÷É 7000 FULL USA CVVS (USED) ‰÷É‰÷É‰÷É  Premium Package,"Buy price
USD 4.99

(0.0029 BTC)",DexterITy4U,"Views: 377 / Bids: Fixed price
Quantity left: Unlimited (249 automatic items)",‰÷É‰÷É‰÷É Dexter GIVES YOU ‰÷É‰÷É‰÷É 7000 FULL USA CVVS (USED) ‰÷É‰÷É‰÷É  Premium Package,VPN,VPN,‰÷É‰÷É‰÷É Dexter GIVES YOU ‰÷É‰÷É‰÷É 7000 FULL USA CVVS (USED)...,"Sold by DexterITy4U -
1 sold since Dec 2, 2016åÊåÊVendor Level 5åÊTrust Level 4
249 items available for auto-dispatch",Purchase price: USD 4.99,7,Security & HostingSecurity & Hosting,Socks,‰÷É Private SOCKS5 PROXIES ‰÷É Guaranteed Working ‰÷É NON-BLACKLISTED,"Buy price
USD 0.00

(0.0000 BTC)",cvv2land,"Views: 3655 / Bids: Fixed price
Quantity left: 43",‰÷É Private SOCKS5 PROXIES ‰÷É Guaranteed Working ‰÷É NON-BLACKLISTED,Socks,Socks,‰÷É Private SOCKS5 PROXIES ‰÷É Guaranteed Working ‰÷É NO...,"Sold by cvv2land -
41 sold since Mar 7, 2016åÊåÊVendor Level 4åÊTrust Level 5",Purchase price: USD 0.00,2,Security & HostingSecurity & Hosting,Socks,FRAUDFOX (VM & VirtualBox) ‰÷É ANTIDETECT 7 ‰÷É CyberGhost 6 VPN ‰÷É WORKIG 100% ‰÷É CARDING SUCCESS SOFTWARE,"Buy price
USD 0.00

(0.0000 BTC)",elementur,"Views: 125 / Bids: Fixed price
Quantity left: Unlimited (15 automatic items)",FRAUDFOX (VM & VirtualBox) ‰÷É ANTIDETECT 7 ‰÷É CyberGhost 6 VPN ‰÷É WORKIG 100% ‰÷É CARDING SUCCESS SOFTWARE,Socks,Socks,FRAUDFOX (VM & VirtualBox) ‰÷É ANTIDETECT 7 ‰÷É Cy...,"Sold by elementur -
3 sold since Apr 11, 2017åÊåÊVendor Level 1åÊTrust Level 4
15 items available for auto-dispatch",Purchase price: USD 0.00,3,Security & HostingSecurity & Hosting,Socks,QM SOCKS PROXY,"Buy price
USD 0.54

(0.0003 BTC)",qmmf4uk,"Views: 133 / Bids: Fixed price
Quantity left: Unlimited",QM SOCKS PROXY,Socks,Socks,QM SOCKS PROXY,"Sold by qmmf4uk -
2 sold since Apr 21, 2017åÊåÊVendor Level 1åÊTrust Level 4",Purchase price: USD 0.54,4,Security & HostingSecurity & Hosting,Hosting,"I Will Drive 15 000 real visitor to your website, link. From Social Media","Buy price
USD 5.00

(0.0029 BTC)",GoodGuys00,"Views: 85 / Bids: Fixed price
Quantity left: Unlimited","I Will Drive 15 000 real visitor to your website, link. From Social Media",Hosting,Hosting,"I Will Drive 15 000 real visitor to your website, ...","Sold by GoodGuys00 -
1 sold since Apr 29, 2017åÊåÊVendor Level 1åÊTrust Level 3",Purchase price: USD 5.00,4,Security & HostingSecurity & Hosting,VPN,‰ª¥‰ª¥‰ª¥ ‰÷É‰÷É‰÷É VPN IN TOUCH Premium Account ‰÷É‰÷É‰÷É ‰ª¥‰ª¥‰ª¥,"Buy price
USD 0.00

(0.0000 BTC)",TheShop,"Views: 4226 / Bids: Fixed price
Quantity left: Unlimited",‰ª¥‰ª¥‰ª¥ ‰÷É‰÷É‰÷É VPN IN TOUCH Premium Account ‰÷É‰÷É‰÷É ‰ª¥‰ª¥‰ª¥,VPN,VPN,‰ª¥‰ª¥‰ª¥ ‰÷É‰÷É‰÷É VPN IN TOUCH Premium Account ‰÷É‰÷É‰÷É ‰ª¥‰ª¥‰ª¥,"Sold by TheShop -
11 sold since Aug 17, 2016åÊåÊVendor Level 4åÊTrust Level 5",Purchase price: USD 0.00,4,Security & HostingSecurity & Hosting,VPN,Top Ten VPN Service Providers of 2016,"Buy price
USD 1.00

(0.0006 BTC)",HeartKidnapper,"Views: 699 / Bids: Fixed price
Quantity left: Unlimited",Top Ten VPN Service Providers of 2016,VPN,VPN,Top Ten VPN Service Providers of 2016,"Sold by HeartKidnapper -
3 sold since May 16, 2016åÊåÊVendor Level 2åÊTrust Level 5",Purchase price: USD 1.00,6,Security & HostingSecurity & Hosting,VPN,CyberGhost VPN Latest release 02.2017,"Buy price
USD 7.00

(0.0041 BTC)",WhiteChapel,null,CyberGhost VPN Latest release 02.2017,VPN,VPN,CyberGhost VPN Latest release 02.2017,"Sold by WhiteChapel -
3 sold since Feb 11, 2017åÊåÊVendor Level 4åÊTrust Level 6",Purchase price: USD 7.00,6,Security & HostingSecurity & Hosting,VPN,"VPN LIFETIME FOR Windows,Linux,Android,Mac,Iphone,","Buy price
USD 3.00

(0.0018 BTC)",Citra2016,"Views: 684 / Bids: Fixed price
Quantity left: Unlimited","VPN LIFETIME FOR Windows,Linux,Android,Mac,Iphone,",VPN,VPN,"VPN LIFETIME FOR Windows,Linux,Android,Mac,Iphone,","Sold by Citra2016 -
8 sold since Sep 29, 2016åÊåÊVendor Level 4åÊTrust Level 4",Purchase price: USD 3.00,4,Security & HostingSecurity & Hosting,VPN,Worldwide Windows RDP/VPS Service,"Buy price
USD 20.00

(0.0117 BTC)",kimera,"Views: 1143 / Bids: Fixed price
Quantity left: Unlimited",Worldwide Windows RDP/VPS Service,VPN,VPN,Worldwide Windows RDP/VPS Service,"Sold by kimera -
12 sold since Sep 28, 2016åÊåÊVendor Level 6åÊTrust Level 7",Purchase price: USD 20.00,4,Security & HostingSecurity & Hosting,VPN,STRONGVPN ACCOUNT {LIFETIME},"Buy price
USD 0.00

(0.0000 BTC)",lapscold,"Views: 381 / Bids: Fixed price
Quantity left: Unlimited (8 automatic items)",STRONGVPN ACCOUNT {LIFETIME},VPN,VPN,STRONGVPN ACCOUNT {LIFETIME},"Sold by lapscold -
4 sold since Feb 4, 2017åÊåÊVendor Level 2åÊTrust Level 4
8 items available for auto-dispatch",Purchase price: USD 0.00,6,Security & HostingSecurity & Hosting,Socks,TOP VPN LIST that don't keep logs,"Buy price
USD 0.00

(0.0000 BTC)",Cyberzen,"Views: 1364 / Bids: Fixed price
Quantity left: Unlimited",TOP VPN LIST that don't keep logs,Socks,Socks,TOP VPN LIST that don't keep logs,"Sold by Cyberzen -
9 sold since Sep 4, 2015åÊåÊVendor Level 6åÊTrust Level 6",Purchase price: USD 0.00,2,Security & HostingSecurity & Hosting,VPN,VPNium Premium Edition v1.9.1 - Full Version - Lifetime premium  subscription,"Buy price
USD 5.00

(0.0029 BTC)",cyberpenetrators,null,VPNium Premium Edition v1.9.1 - Full Version - Lifetime premium  subscription,VPN,VPN,VPNium Premium Edition v1.9.1 - Full Version - Lif...,"Sold by cyberpenetrators -
26 sold since Aug 8, 2015åÊåÊVendor Level 5åÊTrust Level 6
2 items available for auto-dispatch",Purchase price: USD 5.00,3,Security & HostingSecurity & Hosting,VPN,Hotspot Shield VPN 5.20.2 Elite Ed.,"Buy price
USD 5.00

(0.0029 BTC)",WhiteChapel,"Views: 2451 / Bids: Fixed price
Quantity left: 21",Hotspot Shield VPN 5.20.2 Elite Ed.,VPN,VPN,Hotspot Shield VPN 5.20.2 Elite Ed.,"Sold by WhiteChapel -
58 sold since Nov 15, 2015åÊåÊVendor Level 4åÊTrust Level 6",Purchase price: USD 5.00,2,Security & HostingSecurity & Hosting,Hosting,.99 CENT HQ SUPER FAST 1 GB SPEED -OFFSHORE HOSTING- 90% OFF SPECIAL BEST DEAL IN MARKET [HQ] Lowest Rates! 100% Satisfaction guarantee..!!,"Buy price
USD 0.00

(0.0000 BTC)",DarkNetSoftWare,"Views: 5007 / Bids: Fixed price
Quantity left: Unlimited (233 automatic items)",.99 CENT HQ SUPER FAST 1 GB SPEED -OFFSHORE HOSTING- 90% OFF SPECIAL BEST DEAL IN MARKET [HQ] Lowest Rates! 100% Satisfaction guarantee..!!,Hosting,Hosting,.99 CENT HQ SUPER FAST 1 GB SPEED -OFFSHORE HOSTIN...,"Sold by DarkNetSoftWare -
18 sold since Jun 30, 2016åÊåÊVendor Level 1åÊTrust Level 5
233 items available for auto-dispatch",Purchase price: USD 0.00,2,Security & HostingSecurity & Hosting,Socks,CRIME STORE SELLING DARKNET ITEMS: LINK:  crimetcigbfjciga.onion,"Buy price
USD 1.00

(0.0006 BTC)",Chairo05,"Views: 584 / Bids: Fixed price
Quantity left: 15",CRIME STORE SELLING DARKNET ITEMS: LINK:  crimetcigbfjciga.onion,Socks,Socks,CRIME STORE SELLING DARKNET ITEMS: LINK:  crimetci...,"Sold by Chairo05 -
1 sold since Jul 12, 2016åÊåÊVendor Level 1åÊTrust Level 3",Purchase price: USD 1.00,4,Security & HostingSecurity & Hosting,Socks,Proxy Goblin - Proxy Scraper - RRP:$67.20,"Buy price
USD 7.71

(0.0045 BTC)",Grime,"Views: 1513 / Bids: Fixed price
Quantity left: Unlimited",Proxy Goblin - Proxy Scraper - RRP:$67.20,Socks,Socks,Proxy Goblin - Proxy Scraper - RRP:$67.20,"Sold by Grime -
8 sold since Sep 24, 2015åÊåÊVendor Level 4åÊTrust Level 6",Purchase price: USD 7.71,2,Security & HostingSecurity & Hosting,Hosting,Custom .onion **Special Offer å£5**,"Buy price
USD 6.66

(0.0039 BTC)",stalwart,null,Custom .onion **Special Offer å£5**,Hosting,Hosting,Custom .onion **Special Offer å£5**,"Sold by stalwart -
4 sold since Apr 11, 2016åÊåÊVendor Level 2åÊTrust Level 5",Purchase price: USD 6.66,3,Security & HostingSecurity & Hosting,VPN,"Germany VPN for life, for free","Buy price
USD 4.99

(0.0029 BTC)",ut66eb,"Views: 717 / Bids: Fixed price
Quantity left: 95 (2 automatic items)","Germany VPN for life, for free",VPN,VPN,"Germany VPN for life, for free","Sold by ut66eb -
7 sold since Jun 13, 2016åÊåÊVendor Level 1åÊTrust Level 5
2 items available for auto-dispatch",Purchase price: USD 4.99,5,Security & HostingSecurity & Hosting,Hosting,‰÷É ‰÷É ‰÷É  Crack All Steam Games 2000 + ‰÷É 100% Guarantee  ‰÷É  Easy to Set Up  ‰÷É Updated April 2017 ‰÷É ‰÷É ‰÷É,"Buy price
USD 0.00

(0.0000 BTC)",Narconorman,null,‰÷É ‰÷É ‰÷É  Crack All Steam Games 2000 + ‰÷É 100% Guarantee  ‰÷É  Easy to Set Up  ‰÷É Updated April 2017 ‰÷É ‰÷É ‰÷É,Hosting,Hosting,‰÷É ‰÷É ‰÷É  Crack All Steam Games 2000 + ‰÷É 100% Guarant...,"Sold by Narconorman -
1 sold since Apr 19, 2017åÊåÊVendor Level 3åÊTrust Level 4",Purchase price: USD 0.00,4,Security & HostingSecurity & Hosting,Socks,‡«_‡«±‡µâ ANTIDETECT 7  ‰÷É ‰ùá‰ÒÀ‰ù_‰ù_ ‰÷É 99% CARDING SUCCESS ‰÷É WORKING & CRACKED ‰÷É,"Buy price
USD 0.99

(0.0006 BTC)",elementur,"Views: 292 / Bids: Fixed price
Quantity left: Unlimited (6 automatic items)",‡«_‡«±‡µâ ANTIDETECT 7  ‰÷É ‰ùá‰ÒÀ‰ù_‰ù_ ‰÷É 99% CARDING SUCCESS ‰÷É WORKING & CRACKED ‰÷É,Socks,Socks,‡«_‡«±‡µâ ANTIDETECT 7  ‰÷É ‰ùá‰ÒÀ‰ù_‰ù_ ‰÷É 99% CARDING SUCCESS ‰÷É W...,"Sold by elementur -
6 sold since Mar 16, 2017åÊåÊVendor Level 1åÊTrust Level 4
6 items available for auto-dispatch",Purchase price: USD 0.99,3,Security & HostingSecurity & Hosting,Hosting,‰÷É‰÷É‰÷ÉEarn 20 000 to 50 000 USD/Month CARDING +4SOftwares+ UNLIMITED FULL SUPPORT ‰÷É‰÷É‰÷É DrBlackHat PRIVATE METHOD‰÷É‰÷É‰÷É,"Buy price
USD 750.00

(0.4380 BTC)",DrBlackHat,"Views: 846 / Bids: Fixed price
Quantity left: Unlimited",‰÷É‰÷É‰÷ÉEarn 20 000 to 50 000 USD/Month CARDING +4SOftwares+ UNLIMITED FULL SUPPORT ‰÷É‰÷É‰÷É DrBlackHat PRIVATE METHOD‰÷É‰÷É‰÷É,Hosting,Hosting,‰÷É‰÷É‰÷ÉEarn 20 000 to 50 000 USD/Month CARDING +4SOftw...,"Sold by DrBlackHat -
0 sold since Apr 14, 2016åÊåÊVendor Level 4åÊTrust Level 6",Purchase price: USD 750.00,4,Security & HostingSecurity & Hosting,VPN,[‰÷É] BenethShadow‰Ûªs Ultra Quality Remote Desktop [‰÷É],"Buy price
USD 0.50

(0.0003 BTC)",BenethShadows,"Views: 843 / Bids: Fixed price
Quantity left: Unlimited",[‰÷É] BenethShadow‰Ûªs Ultra Quality Remote Desktop [‰÷É],VPN,VPN,[‰÷É] BenethShadow‰Ûªs Ultra Quality Remote Desktop [‰÷É...,"Sold by BenethShadows -
6 sold since Apr 24, 2016åÊåÊVendor Level 1åÊTrust Level 3",Purchase price: USD 0.50,5,Security & HostingSecurity & Hosting,Hosting,How To Buy Bitcoin With Credit Cards or Paypal,"Buy price
USD 0.95

(0.0006 BTC)",squaticat,"Views: 803 / Bids: Fixed price
Quantity left: Unlimited (238 automatic items)",How To Buy Bitcoin With Credit Cards or Paypal,Hosting,Hosting,How To Buy Bitcoin With Credit Cards or Paypal,"Sold by squaticat -
12 sold since Aug 13, 2016åÊåÊVendor Level 1åÊTrust Level 5
238 items available for auto-dispatch",Purchase price: USD 0.95,2,Security & HostingSecurity & Hosting,VPN,"Fresh not hacked RDP Windows (UK,US,CA,FR,NL, DE and other countries)","Buy price
USD 0.00

(0.0000 BTC)",PayPalGOD_2,"Views: 5176 / Bids: Fixed price
Quantity left: Unlimited","Fresh not hacked RDP Windows (UK,US,CA,FR,NL, DE and other countries)",VPN,VPN,"Fresh not hacked RDP Windows (UK,US,CA,FR,NL, DE a...","Sold by PayPalGOD_2 -
149 sold since Jun 21, 2016åÊåÊVendor Level 5åÊTrust Level 6",Purchase price: USD 0.00,2,Security & HostingSecurity & Hosting,Socks,"I Will Drive 15 000 real visitor to your website, link. From Social Media","Buy price
USD 5.00

(0.0029 BTC)",GoodGuys00,"Views: 64 / Bids: Fixed price
Quantity left: Unlimited","I Will Drive 15 000 real visitor to your website, link. From Social Media",Socks,Socks,"I Will Drive 15 000 real visitor to your website, ...","Sold by GoodGuys00 -
0 sold since Apr 29, 2017åÊåÊVendor Level 1åÊTrust Level 3",Purchase price: USD 5.00,5,Security & HostingSecurity & Hosting,Hosting,FastFlux Server Protector (Bulletproof your hosting) [appraisals please],"Buy price
USD 0.00

(0.0000 BTC)",vimproducts,"Views: 28 / Bids: Fixed price
Quantity left: Unlimited",FastFlux Server Protector (Bulletproof your hosting) [appraisals please],Hosting,Hosting,FastFlux Server Protector (Bulletproof your hostin...,"Sold by vimproducts -
0 sold since May 7, 2017åÊåÊVendor Level 4åÊTrust Level 5",Purchase price: USD 0.00,4,Security & HostingSecurity & Hosting,Hosting,=‰÷É= Cracked RDP - Random location remote desktops - Autoship!,"Buy price
USD 4.50

(0.0026 BTC)",therealdriver,"Views: 502 / Bids: Fixed price
Quantity left: Unlimited",=‰÷É= Cracked RDP - Random location remote desktops - Autoship!,Hosting,Hosting,=‰÷É= Cracked RDP - Random location remote desktops ...,"Sold by therealdriver -
21 sold since Apr 9, 2017åÊåÊVendor Level 6åÊTrust Level 6",Purchase price: USD 4.50,2,Security & HostingSecurity & Hosting,VPN,‰_Ç‰__NETFLIX PREMIUM ACCOUNT‰Ñã‰_Ç,"Buy price
USD 0.98

(0.0006 BTC)",KingCarder,"Views: 1662 / Bids: Fixed price
Quantity left: Unlimited",‰_Ç‰__NETFLIX PREMIUM ACCOUNT‰Ñã‰_Ç,VPN,VPN,‰_Ç‰__NETFLIX PREMIUM ACCOUNT‰Ñã‰_Ç,"Sold by KingCarder -
45 sold since Feb 27, 2016åÊåÊVendor Level 5åÊTrust Level 6",Purchase price: USD 0.98,2,Security & HostingSecurity & Hosting,VPN,VIP72 *** LIFETIME ***,"Buy price
USD 22.00

(0.0129 BTC)",DarkNetSoftWare,"Views: 9198 / Bids: Fixed price
Quantity left: Unlimited",VIP72 *** LIFETIME ***,VPN,VPN,VIP72 *** LIFETIME ***,"Sold by DarkNetSoftWare -
11 sold since Mar 31, 2016åÊåÊVendor Level 1åÊTrust Level 5",Purchase price: USD 22.00,4,Security & HostingSecurity & Hosting,Socks,New exclusive easiest method : cashout all CCs to Paysafecard 100% working - No chargebacks & no security ‰ÏÎ‰ÏÎ‰ÏÎMake over $200 daily ‰__ Must see !‰Ñã ‰__Last update Paysafecard,"Buy price
USD 9.90

(0.0058 BTC)",lazy99,"Views: 351 / Bids: Fixed price
Quantity left: Unlimited",New exclusive easiest method : cashout all CCs to Paysafecard 100% working - No chargebacks & no security ‰ÏÎ‰ÏÎ‰ÏÎMake over $200 daily ‰__ Must see !‰Ñã ‰__Last update Paysafecard,Socks,Socks,New exclusive easiest method : cashout all CCs to ...,"Sold by lazy99 -
1 sold since Feb 10, 2017åÊåÊVendor Level 3åÊTrust Level 4",Purchase price: USD 9.90,4,Security & HostingSecurity & Hosting,Socks,"Best SOCKS,All countries, all cities, all regions! Start your money making business easier!","Buy price
USD 0.99

(0.0006 BTC)",kebabas,"Views: 798 / Bids: Fixed price
Quantity left: Unlimited","Best SOCKS,All countries, all cities, all regions! Start your money making business easier!",Socks,Socks,"Best SOCKS,All countries, all cities, all regions!...","Sold by kebabas -
15 sold since Dec 9, 2016åÊåÊVendor Level 1åÊTrust Level 6",Purchase price: USD 0.99,2,Security & HostingSecurity & Hosting,Socks,Integral Crypto 4GB 256 Bit Encrypted Secure USB Drive Water Proof Memory Stick,"Buy price
USD 19.99

(0.0117 BTC)",Respect4trust777,"Views: 318 / Bids: Fixed price
Quantity left: Unlimited",Integral Crypto 4GB 256 Bit Encrypted Secure USB Drive Water Proof Memory Stick,Socks,Socks,Integral Crypto 4GB 256 Bit Encrypted Secure USB D...,"Sold by Respect4trust777 -
1 sold since Mar 29, 2017åÊåÊVendor Level 1åÊTrust Level 3",Purchase price: USD 19.99,4,Security & HostingSecurity & Hosting,VPN,PrivateTunnel VPN Premium Account,"Buy price
USD 5.00

(0.0029 BTC)",KingShot,"Views: 324 / Bids: Fixed price
Quantity left: Unlimited",PrivateTunnel VPN Premium Account,VPN,VPN,PrivateTunnel VPN Premium Account,"Sold by KingShot -
0 sold since Jan 6, 2017åÊåÊVendor Level 2åÊTrust Level 5",Purchase price: USD 5.00,,Security & HostingSecurity & Hosting,VPN,CyberGhost VPN    v. 5.0.13.17,"Buy price
USD 9.00

(0.0053 BTC)",WhiteChapel,"Views: 820 / Bids: Fixed price
Quantity left: 39",CyberGhost VPN    v. 5.0.13.17,VPN,VPN,CyberGhost VPN    v. 5.0.13.17,"Sold by WhiteChapel -
16 sold since Nov 15, 2015åÊåÊVendor Level 4åÊTrust Level 6",Purchase price: USD 9.00,4,Security & HostingSecurity & Hosting,Hosting,‰÷É‰÷É‰÷É Dexter GIVES YOU ‰÷É‰÷É‰÷ÉCashing Out Western Union - It's all about the Bins - Working Method,"Buy price
USD 1.99

(0.0012 BTC)",DexterITy4U,"Views: 527 / Bids: Fixed price
Quantity left: Unlimited (179 automatic items)",‰÷É‰÷É‰÷É Dexter GIVES YOU ‰÷É‰÷É‰÷ÉCashing Out Western Union - It's all about the Bins - Working Method,Hosting,Hosting,‰÷É‰÷É‰÷É Dexter GIVES YOU ‰÷É‰÷É‰÷ÉCashing Out Western Union ...,"Sold by DexterITy4U -
14 sold since Dec 1, 2016åÊåÊVendor Level 5åÊTrust Level 4
179 items available for auto-dispatch",Purchase price: USD 1.99,2,Security & HostingSecurity & Hosting,Socks,30mg M/30 Oxycodone - Roxy -Oxys USA to USA only!,"Buy price
USD 15.00

(0.0088 BTC)",PrestigeWorldwides,"Views: 306 / Bids: Fixed price
Quantity left: Unlimited",30mg M/30 Oxycodone - Roxy -Oxys USA to USA only!,Socks,Socks,30mg M/30 Oxycodone - Roxy -Oxys USA to USA only!,"Sold by PrestigeWorldwides -
0 sold since Mar 12, 2017åÊåÊVendor Level 1åÊTrust Level 4",Purchase price: USD 15.00,4,Security & HostingSecurity & Hosting,VPN,"‰÷É‰÷É‰÷É‰ª_ ‰ª_ ‰ª_ AUTOFULFILL!!! MILLIONARE'S PACKAGE!!! EBAY, PAYPAL, MONEY MAKING, CASHOUT, BANK DROPS, ANTIDETECT AND MUCH MORE!!!! WORK FROM HOME!!! FREEBIES + PORN INCLUDED!!!‰ª_ ‰ª_ ‰ª_ ‰÷É‰÷É‰÷É","Buy price
USD 1.95

(0.0011 BTC)",squaticat,"Views: 277 / Bids: Fixed price
Quantity left: Unlimited (250 automatic items)","‰÷É‰÷É‰÷É‰ª_ ‰ª_ ‰ª_ AUTOFULFILL!!! MILLIONARE'S PACKAGE!!! EBAY, PAYPAL, MONEY MAKING, CASHOUT, BANK DROPS, ANTIDETECT AND MUCH MORE!!!! WORK FROM HOME!!! FREEBIES + PORN INCLUDED!!!‰ª_ ‰ª_ ‰ª_ ‰÷É‰÷É‰÷É",VPN,VPN,‰÷É‰÷É‰÷É‰ª_ ‰ª_ ‰ª_ AUTOFULFILL!!! MILLIONARE'S PACKAGE!!...,"Sold by squaticat -
0 sold since Jan 16, 2017åÊåÊVendor Level 1åÊTrust Level 5
250 items available for auto-dispatch",Purchase price: USD 1.95,,Security & HostingSecurity & Hosting,Hosting,YangShop ‰ÛÒ Darknet Webshop for Vendors,"Buy price
USD 219.94

(0.1284 BTC)",YinYangWeed,null,YangShop ‰ÛÒ Darknet Webshop for Vendors,Hosting,Hosting,YangShop ‰ÛÒ Darknet Webshop for Vendors,"Sold by YinYangWeed -
12 sold since Mar 5, 2016åÊåÊVendor Level 2åÊTrust Level 6
12 items available for auto-dispatch",Purchase price: USD 219.94,2,Security & HostingSecurity & Hosting,Hosting,ITALIAN RDP FAST AND BULLETPROOF,"Buy price
USD 54.43

(0.0318 BTC)",AmmaccaBanane,"Views: 708 / Bids: Fixed price
Quantity left: Unlimited",ITALIAN RDP FAST AND BULLETPROOF,Hosting,Hosting,ITALIAN RDP FAST AND BULLETPROOF,"Sold by AmmaccaBanane -
3 sold since Oct 24, 2016åÊåÊVendor Level 1åÊTrust Level 4",Purchase price: USD 54.43,3,Security & HostingSecurity & Hosting,Hosting,Clearnet and Deepweb development,"Buy price
USD 50.00

(0.0292 BTC)",JohnDillinger,"Views: 251 / Bids: Fixed price
Quantity left: Unlimited",Clearnet and Deepweb development,Hosting,Hosting,Clearnet and Deepweb development,"Sold by JohnDillinger -
0 sold since Jan 13, 2017åÊåÊVendor Level 1åÊTrust Level 6",Purchase price: USD 50.00,5,Security & HostingSecurity & Hosting,VPN,ExpressVPN review The layman‰Ûªs VPN we‰Ûªve all been searching for,"Buy price
USD 1.00

(0.0006 BTC)",HeartKidnapper,null,ExpressVPN review The layman‰Ûªs VPN we‰Ûªve all been searching for,VPN,VPN,ExpressVPN review The layman‰Ûªs VPN we‰Ûªve all been ...,"Sold by HeartKidnapper -
17 sold since May 16, 2016åÊåÊVendor Level 2åÊTrust Level 5",Purchase price: USD 1.00,3,Security & HostingSecurity & Hosting,Hosting,Onion Hosting Service,"Buy price
USD 770.00

(0.4496 BTC)",casa,null,Onion Hosting Service,Hosting,Hosting,Onion Hosting Service,"Sold by casa -
0 sold since Dec 2, 2016åÊåÊVendor Level 1åÊTrust Level 5",Purchase price: USD 770.00,5,Security & HostingSecurity & Hosting,Socks,‰÷É‰÷ÉFRESH PROXY‰÷É‰÷É -- EU ONLY,"Buy price
USD 3.50

(0.0021 BTC)",trancedock,"Views: 367 / Bids: Fixed price
Quantity left: Unlimited",‰÷É‰÷ÉFRESH PROXY‰÷É‰÷É -- EU ONLY,Socks,Socks,‰÷É‰÷ÉFRESH PROXY‰÷É‰÷É -- EU ONLY,"Sold by trancedock -
2 sold since Jan 1, 2017åÊåÊVendor Level 1åÊTrust Level 5",Purchase price: USD 3.50,3,Security & HostingSecurity & Hosting,Socks,TradeRoute Market - Free Pass to login!!!,"Buy price
USD 0.00

(0.0000 BTC)",oildabber,"Views: 274 / Bids: Fixed price
Quantity left: Unlimited",TradeRoute Market - Free Pass to login!!!,Socks,Socks,TradeRoute Market - Free Pass to login!!!,"Sold by oildabber -
6 sold since Feb 22, 2017åÊåÊVendor Level 3åÊTrust Level 5",Purchase price: USD 0.00,3,Security & HostingSecurity & Hosting,VPN,‰_à‰_à‰_à‰¥¢VIP72 LIFETIME‰¥Ù‰_à‰_à‰_à,"Buy price
USD 9.99

(0.0059 BTC)",EnergyCC,"Views: 563 / Bids: Fixed price
Quantity left: Unlimited",‰_à‰_à‰_à‰¥¢VIP72 LIFETIME‰¥Ù‰_à‰_à‰_à,VPN,VPN,‰_à‰_à‰_à‰¥¢VIP72 LIFETIME‰¥Ù‰_à‰_à‰_à,"Sold by EnergyCC -
16 sold since Jan 24, 2017åÊåÊVendor Level 1åÊTrust Level 3",Purchase price: USD 9.99,4,Security & HostingSecurity & Hosting,VPN,‡«_‡«±‡µâ ANTIDETECT 7  ‰÷É ‰ùá‰ÒÀ‰ù_‰ù_ ‰÷É 99% CARDING SUCCESS ‰÷É WORKING & CRACKED ‰÷É,"Buy price
USD 0.00

(0.0000 BTC)",elementur,"Views: 399 / Bids: Fixed price
Quantity left: Unlimited (55 automatic items)",‡«_‡«±‡µâ ANTIDETECT 7  ‰÷É ‰ùá‰ÒÀ‰ù_‰ù_ ‰÷É 99% CARDING SUCCESS ‰÷É WORKING & CRACKED ‰÷É,VPN,VPN,‡«_‡«±‡µâ ANTIDETECT 7  ‰÷É ‰ùá‰ÒÀ‰ù_‰ù_ ‰÷É 99% CARDING SUCCESS ‰÷É W...,"Sold by elementur -
45 sold since Mar 16, 2017åÊåÊVendor Level 1åÊTrust Level 4
55 items available for auto-dispatch",Purchase price: USD 0.00,2,Security & HostingSecurity & Hosting,Socks,How To Buy Bitcoin With Credit Cards or Paypal,"Buy price
USD 0.95

(0.0006 BTC)",squaticat,"Views: 1039 / Bids: Fixed price
Quantity left: Unlimited (219 automatic items)",How To Buy Bitcoin With Credit Cards or Paypal,Socks,Socks,How To Buy Bitcoin With Credit Cards or Paypal,"Sold by squaticat -
31 sold since Aug 13, 2016åÊåÊVendor Level 1åÊTrust Level 5
219 items available for auto-dispatch",Purchase price: USD 0.95,2,Security & HostingSecurity & Hosting,VPN,ProxyFire Master Suite Professional 1.25 + Keygen **** THE MOST POWERFUL PROXY SERVER HUNTER AND CHECKER! **** GET THOUSANDS OF SOCKS PROXIES EVERYDAY FOR FREE!!,"Buy price
USD 0.00

(0.0000 BTC)",TheGoldenHand,"Views: 1399 / Bids: Fixed price
Quantity left: Unlimited (223 automatic items)",ProxyFire Master Suite Professional 1.25 + Keygen **** THE MOST POWERFUL PROXY SERVER HUNTER AND CHECKER! **** GET THOUSANDS OF SOCKS PROXIES EVERYDAY FOR FREE!!,VPN,VPN,ProxyFire Master Suite Professional 1.25 + Keygen ...,"Sold by TheGoldenHand -
27 sold since May 7, 2016åÊåÊVendor Level 4åÊTrust Level 5
223 items available for auto-dispatch",Purchase price: USD 0.00,3,Security & HostingSecurity & Hosting,VPN,ANTIDETECT 7   &    FRAUDFOX VM  ‰__ STOP FAILING AT CARDING ‰÷É WITH  2  PREMIUM LIFETIME VPNS INCLUDED‰÷É VIRTUAL MACHINE ‰÷É >> UNBEATABLE PRICE>> $800 MSRP‰÷É‰÷É FULL WORKING PROGRAMS WITH ‰÷É26‰÷É CONFIGS & FLASHES‰÷É‰÷É START CARDING 100%%‰÷É,"Buy price
USD 4.99

(0.0029 BTC)",rbp,"Views: 1360 / Bids: Fixed price
Quantity left: Unlimited (28 automatic items)",ANTIDETECT 7   &    FRAUDFOX VM  ‰__ STOP FAILING AT CARDING ‰÷É WITH  2  PREMIUM LIFETIME VPNS INCLUDED‰÷É VIRTUAL MACHINE ‰÷É >> UNBEATABLE PRICE>> $800 MSRP‰÷É‰÷É FULL WORKING PROGRAMS WITH ‰÷É26‰÷É CONFIGS & FLASHES‰÷É‰÷É START CARDING 100%%‰÷É,VPN,VPN,ANTIDETECT 7   &    FRAUDFOX VM  ‰__ STOP FAILIN...,"Sold by rbp -
161 sold since Feb 19, 2017åÊåÊVendor Level 4åÊTrust Level 4
28 items available for auto-dispatch",Purchase price: USD 4.99,2,Security & HostingSecurity & Hosting,Hosting,Windows RDP TurboMailer,"Buy price
USD 60.00

(0.0350 BTC)",GorillaBoy,"Views: 1183 / Bids: Fixed price
Quantity left: Unlimited",Windows RDP TurboMailer,Hosting,Hosting,Windows RDP TurboMailer,"Sold by GorillaBoy -
0 sold since Jun 13, 2016åÊåÊVendor Level 5åÊTrust Level 6",Purchase price: USD 60.00,5,Security & HostingSecurity & Hosting,Socks,"‰÷É‰÷É‰÷É‰÷É‰÷ÉUltimate Celebrity Porn Leaks + The Fappening [Pics & Vids] ‰ÎÅ OVER 5000 Items - Over 8 GB! ‰÷É‰÷É ‰÷É Kate Upton, Selena Gomez, Ariana Grande, Miley Cyrus, Taylor Swift, Rihanna, AND MORE! ‰÷É‰÷É‰÷É‰÷É‰÷É","Buy price
USD 0.95

(0.0006 BTC)",squaticat,"Views: 1608 / Bids: Fixed price
Quantity left: Unlimited (192 automatic items)","‰÷É‰÷É‰÷É‰÷É‰÷ÉUltimate Celebrity Porn Leaks + The Fappening [Pics & Vids] ‰ÎÅ OVER 5000 Items - Over 8 GB! ‰÷É‰÷É ‰÷É Kate Upton, Selena Gomez, Ariana Grande, Miley Cyrus, Taylor Swift, Rihanna, AND MORE! ‰÷É‰÷É‰÷É‰÷É‰÷É",Socks,Socks,‰÷É‰÷É‰÷É‰÷É‰÷ÉUltimate Celebrity Porn Leaks + The Fappening...,"Sold by squaticat -
60 sold since May 27, 2016åÊåÊVendor Level 1åÊTrust Level 5
192 items available for auto-dispatch",Purchase price: USD 0.95,2,Security & HostingSecurity & Hosting,Hosting,6 Months BulletProof Hosting - China,"Buy price
USD 619.99

(0.3620 BTC)",Explo1t,"Views: 78 / Bids: Fixed price
Quantity left: Unlimited",6 Months BulletProof Hosting - China,Hosting,Hosting,6 Months BulletProof Hosting - China,"Sold by Explo1t -
0 sold since Apr 8, 2017åÊåÊVendor Level 1åÊTrust Level 4",Purchase price: USD 619.99,5,Security & HostingSecurity & Hosting,VPN,vpn,"Buy price
USD 1.12

(0.0007 BTC)",dutchdream,"Views: 806 / Bids: Fixed price
Quantity left: Unlimited",vpn,VPN,VPN,vpn,"Sold by dutchdream -
8 sold since May 24, 2016åÊåÊVendor Level 2åÊTrust Level 5",Purchase price: USD 1.12,4,Security & HostingSecurity & Hosting,Hosting,.99 CENT HQ SUPER FAST 1 GB SPEED -OFFSHORE HOSTING- 90% OFF SPECIAL BEST DEAL IN MARKET [HQ] Lowest Rates! 100% Satisfaction guarantee..!!,"Buy price
USD 0.00

(0.0000 BTC)",DarkNetSoftWare,"Views: 3388 / Bids: Fixed price
Quantity left: Unlimited (242 automatic items)",.99 CENT HQ SUPER FAST 1 GB SPEED -OFFSHORE HOSTING- 90% OFF SPECIAL BEST DEAL IN MARKET [HQ] Lowest Rates! 100% Satisfaction guarantee..!!,Hosting,Hosting,.99 CENT HQ SUPER FAST 1 GB SPEED -OFFSHORE HOSTIN...,"Sold by DarkNetSoftWare -
8 sold since Jun 30, 2016åÊåÊVendor Level 1åÊTrust Level 5
242 items available for auto-dispatch",Purchase price: USD 0.00,2,Security & HostingSecurity & Hosting,VPN,Avira Phantom VPN Pro 2.2.3 Cracked,"Buy price
USD 0.99

(0.0006 BTC)",DrunkHorse,"Views: 233 / Bids: Fixed price
Quantity left: Unlimited (2 automatic items)",Avira Phantom VPN Pro 2.2.3 Cracked,VPN,VPN,Avira Phantom VPN Pro 2.2.3 Cracked,"Sold by DrunkHorse -
5 sold since Mar 18, 2017åÊåÊVendor Level 1åÊTrust Level 4
2 items available for auto-dispatch",Purchase price: USD 0.99,5,Security & HostingSecurity & Hosting,VPN,IP Vanish account - Lifetime Passwords - Lifetime Warranty,"Buy price
USD 0.99

(0.0006 BTC)",plexiglas13,"Views: 248 / Bids: Fixed price
Quantity left: 81",IP Vanish account - Lifetime Passwords - Lifetime Warranty,VPN,VPN,IP Vanish account - Lifetime Passwords - Lifetime ...,"Sold by plexiglas13 -
19 sold since Apr 10, 2017åÊåÊVendor Level 1åÊTrust Level 4",Purchase price: USD 0.99,3,Security & HostingSecurity & Hosting,VPN,Residiental US/UK Remote Desktop ( RDP ),"Buy price
USD 15.00

(0.0088 BTC)",anonyps,"Views: 2283 / Bids: Fixed price
Quantity left: Unlimited",Residiental US/UK Remote Desktop ( RDP ),VPN,VPN,Residiental US/UK Remote Desktop ( RDP ),"Sold by anonyps -
107 sold since Dec 15, 2016åÊåÊVendor Level 4åÊTrust Level 6",Purchase price: USD 15.00,2,Security & HostingSecurity & Hosting,VPN,[SOCKS5 Finder] Proxy Scanner Proxy For Windows,"Buy price
USD 0.00

(0.0000 BTC)",Cyberzen,"Views: 1299 / Bids: Fixed price
Quantity left: Unlimited",[SOCKS5 Finder] Proxy Scanner Proxy For Windows,VPN,VPN,[SOCKS5 Finder] Proxy Scanner Proxy For Windows,"Sold by Cyberzen -
18 sold since Sep 4, 2015åÊåÊVendor Level 6åÊTrust Level 6",Purchase price: USD 0.00,3,Security & HostingSecurity & Hosting,Hosting,Personal .Onion URL upto 9 characters - Vanity Onion URL,"Buy price
USD 0.00

(0.0000 BTC)",Krugi,"Views: 74 / Bids: Fixed price
Quantity left: 5",Personal .Onion URL upto 9 characters - Vanity Onion URL,Hosting,Hosting,Personal .Onion URL upto 9 characters - Vanity Oni...,"Sold by Krugi -
0 sold since Apr 20, 2017åÊåÊVendor Level 1åÊTrust Level 5",Purchase price: USD 0.00,4,Security & HostingSecurity & Hosting,Hosting,1 Month BulletProof Hosting - China,"Buy price
USD 119.99

(0.0701 BTC)",Explo1t,null,1 Month BulletProof Hosting - China,Hosting,Hosting,1 Month BulletProof Hosting - China,"Sold by Explo1t -
0 sold since Apr 8, 2017åÊåÊVendor Level 1åÊTrust Level 4",Purchase price: USD 119.99,5,Security & HostingSecurity & Hosting,VPN,VPN Check Pro  Windows or Linux,"Buy price
USD 5.00

(0.0029 BTC)",WhiteChapel,"Views: 1153 / Bids: Fixed price
Quantity left: 41",VPN Check Pro  Windows or Linux,VPN,VPN,VPN Check Pro  Windows or Linux,"Sold by WhiteChapel -
10 sold since Nov 15, 2015åÊåÊVendor Level 4åÊTrust Level 6",Purchase price: USD 5.00,4,Security & HostingSecurity & Hosting,Hosting,Your domain +.com . co.uk .it . + hosting ... + webmail : linux + windows,"Buy price
USD 10.00

(0.0058 BTC)",lazy99,"Views: 939 / Bids: Fixed price
Quantity left: Unlimited",Your domain +.com . co.uk .it . + hosting ... + webmail : linux + windows,Hosting,Hosting,Your domain +.com . co.uk .it . + hosting ... + we...,"Sold by lazy99 -
2 sold since Nov 15, 2016åÊåÊVendor Level 3åÊTrust Level 4",Purchase price: USD 10.00,3,Security & HostingSecurity & Hosting,Socks,‰÷É‰÷É‰÷É‰÷É‰÷É‰÷ÉALL DAY PASS LIFETIME  SPECIAL DEAL Anonymous and Non-Blacklisted SOCKS5 Proxy,"Buy price
USD 0.00

(0.0000 BTC)",speedCola,"Views: 169 / Bids: Fixed price
Quantity left: Unlimited",‰÷É‰÷É‰÷É‰÷É‰÷É‰÷ÉALL DAY PASS LIFETIME  SPECIAL DEAL Anonymous and Non-Blacklisted SOCKS5 Proxy,Socks,Socks,‰÷É‰÷É‰÷É‰÷É‰÷É‰÷ÉALL DAY PASS LIFETIME  SPECIAL DEAL Anonymou...,"Sold by speedCola -
0 sold since Apr 14, 2017åÊåÊVendor Level 2åÊTrust Level 3",Purchase price: USD 0.00,5,Security & HostingSecurity & Hosting,VPN,VIP72 *** LIFETIME *** *AUTO DISPTACH*,"Buy price
USD 22.99

(0.0135 BTC)",DarkNetSoftWare,"Views: 16213 / Bids: Fixed price
Quantity left: Unlimited",VIP72 *** LIFETIME *** *AUTO DISPTACH*,VPN,VPN,VIP72 *** LIFETIME *** *AUTO DISPTACH*,"Sold by DarkNetSoftWare -
8 sold since May 11, 2016åÊåÊVendor Level 1åÊTrust Level 5",Purchase price: USD 22.99,4,Security & HostingSecurity & Hosting,VPN,Anonymous 6/12 Month VPN account just for 50 USD  - 100% Safe,"Buy price
USD 5.45

(0.0032 BTC)",iiuii8,"Views: 2403 / Bids: Fixed price
Quantity left: Unlimited",Anonymous 6/12 Month VPN account just for 50 USD  - 100% Safe,VPN,VPN,Anonymous 6/12 Month VPN account just for 50 USD  ...,"Sold by iiuii8 -
23 sold since Dec 11, 2015åÊåÊVendor Level 6åÊTrust Level 7",Purchase price: USD 5.45,3,Security & HostingSecurity & Hosting,Hosting,"‰÷É‰÷É‰÷É‰ª_ ‰ª_ ‰ª_ AUTOFULFILL!!! MILLIONARE'S PACKAGE!!! EBAY, PAYPAL, MONEY MAKING, CASHOUT, BANK DROPS, ANTIDETECT AND MUCH MORE!!!! WORK FROM HOME!!! FREEBIES + PORN INCLUDED!!!‰ª_ ‰ª_ ‰ª_ ‰÷É‰÷É‰÷É","Buy price
USD 1.95

(0.0011 BTC)",squaticat,"Views: 281 / Bids: Fixed price
Quantity left: Unlimited (250 automatic items)","‰÷É‰÷É‰÷É‰ª_ ‰ª_ ‰ª_ AUTOFULFILL!!! MILLIONARE'S PACKAGE!!! EBAY, PAYPAL, MONEY MAKING, CASHOUT, BANK DROPS, ANTIDETECT AND MUCH MORE!!!! WORK FROM HOME!!! FREEBIES + PORN INCLUDED!!!‰ª_ ‰ª_ ‰ª_ ‰÷É‰÷É‰÷É",Hosting,Hosting,‰÷É‰÷É‰÷É‰ª_ ‰ª_ ‰ª_ AUTOFULFILL!!! MILLIONARE'S PACKAGE!!...,"Sold by squaticat -
0 sold since Jan 16, 2017åÊåÊVendor Level 1åÊTrust Level 5
250 items available for auto-dispatch",Purchase price: USD 1.95,5,Security & HostingSecurity & Hosting,Hosting,VPS HOSTING,"Buy price
USD 40.00

(0.0234 BTC)",Reggie_Ledoux,"Views: 807 / Bids: Fixed price
Quantity left: Unlimited",VPS HOSTING,Hosting,Hosting,VPS HOSTING,"Sold by Reggie_Ledoux -
1 sold since Jun 29, 2016åÊåÊVendor Level 1åÊTrust Level 3",Purchase price: USD 40.00,4,Security & HostingSecurity & Hosting,VPN,HIDE.ME ‰ÛÒ ‰÷É PREMIUM ACCOUNT,"Buy price
USD 15.00

(0.0088 BTC)",ShadowKing121,"Views: 190 / Bids: Fixed price
Quantity left: Unlimited",HIDE.ME ‰ÛÒ ‰÷É PREMIUM ACCOUNT,VPN,VPN,HIDE.ME ‰ÛÒ ‰÷É PREMIUM ACCOUNT,"Sold by ShadowKing121 -
0 sold since Apr 4, 2017åÊåÊVendor Level 1åÊTrust Level 4",Purchase price: USD 15.00,7,Security & HostingSecurity & Hosting,VPN,"VPN LIFETIME FOR Windows,Linux,Android,Mac,Iphone,","Buy price
USD 3.00

(0.0018 BTC)",Citra2016,"Views: 579 / Bids: Fixed price
Quantity left: Unlimited","VPN LIFETIME FOR Windows,Linux,Android,Mac,Iphone,",VPN,VPN,"VPN LIFETIME FOR Windows,Linux,Android,Mac,Iphone,","Sold by Citra2016 -
2 sold since Oct 4, 2016åÊåÊVendor Level 4åÊTrust Level 4",Purchase price: USD 3.00,6,Security & HostingSecurity & Hosting,Hosting,.99 CENT HQ SUPER FAST 1 GB SPEED -OFFSHORE HOSTING- 90% OFF SPECIAL BEST DEAL IN MARKET [HQ] Lowest Rates! 100% Satisfaction guarantee..!!,"Buy price
USD 0.00

(0.0000 BTC)",DarkNetSoftWare,"Views: 2615 / Bids: Fixed price
Quantity left: Unlimited (248 automatic items)",.99 CENT HQ SUPER FAST 1 GB SPEED -OFFSHORE HOSTING- 90% OFF SPECIAL BEST DEAL IN MARKET [HQ] Lowest Rates! 100% Satisfaction guarantee..!!,Hosting,Hosting,.99 CENT HQ SUPER FAST 1 GB SPEED -OFFSHORE HOSTIN...,"Sold by DarkNetSoftWare -
4 sold since Jun 30, 2016åÊåÊVendor Level 1åÊTrust Level 5
248 items available for auto-dispatch",Purchase price: USD 0.00,3,Security & HostingSecurity & Hosting,Socks,"‰÷É‰÷É‰÷É‰ª_ ‰ª_ ‰ª_ AUTOFULFILL!!! MILLIONARE'S PACKAGE!!! EBAY, PAYPAL, MONEY MAKING, CASHOUT, BANK DROPS, ANTIDETECT AND MUCH MORE!!!! WORK FROM HOME!!! FREEBIES + PORN INCLUDED!!!‰ª_ ‰ª_ ‰ª_ ‰÷É‰÷É‰÷É","Buy price
USD 1.95

(0.0011 BTC)",squaticat,"Views: 309 / Bids: Fixed price
Quantity left: Unlimited (500 automatic items)","‰÷É‰÷É‰÷É‰ª_ ‰ª_ ‰ª_ AUTOFULFILL!!! MILLIONARE'S PACKAGE!!! EBAY, PAYPAL, MONEY MAKING, CASHOUT, BANK DROPS, ANTIDETECT AND MUCH MORE!!!! WORK FROM HOME!!! FREEBIES + PORN INCLUDED!!!‰ª_ ‰ª_ ‰ª_ ‰÷É‰÷É‰÷É",Socks,Socks,‰÷É‰÷É‰÷É‰ª_ ‰ª_ ‰ª_ AUTOFULFILL!!! MILLIONARE'S PACKAGE!!...,"Sold by squaticat -
0 sold since Jan 16, 2017åÊåÊVendor Level 1åÊTrust Level 5
500 items available for auto-dispatch",Purchase price: USD 1.95,5,Security & HostingSecurity & Hosting,VPN,‰÷É‰÷É‰÷É Dexter GIVES YOU ‰÷É‰÷É‰÷ÉCashing Out Western Union - It's all about the Bins - Working Method,"Buy price
USD 1.99

(0.0012 BTC)",DexterITy4U,"Views: 665 / Bids: Fixed price
Quantity left: Unlimited (231 automatic items)",‰÷É‰÷É‰÷É Dexter GIVES YOU ‰÷É‰÷É‰÷ÉCashing Out Western Union - It's all about the Bins - Working Method,VPN,VPN,‰÷É‰÷É‰÷É Dexter GIVES YOU ‰÷É‰÷É‰÷ÉCashing Out Western Union ...,"Sold by DexterITy4U -
31 sold since Dec 1, 2016åÊåÊVendor Level 5åÊTrust Level 4
231 items available for auto-dispatch",Purchase price: USD 1.99,3,Security & HostingSecurity & Hosting,VPN,Free VPN Service Hiddenline VPN,"Buy price
USD 0.00

(0.0000 BTC)",HLeS,"Views: 294 / Bids: Fixed price
Quantity left: Unlimited",Free VPN Service Hiddenline VPN,VPN,VPN,Free VPN Service Hiddenline VPN,"Sold by HLeS -
14 sold since Feb 1, 2017åÊåÊVendor Level 1åÊTrust Level 3",Purchase price: USD 0.00,4,Security & HostingSecurity & Hosting,VPN,‰ª¥‰ª¥‰ª¥ ‰÷É‰÷É‰÷É [FRESH] ZenMate VPN Premium Account ‰÷É‰÷É‰÷É ‰ª¥‰ª¥‰ª¥,"Buy price
USD 4.99

(0.0029 BTC)",TheShop,"Views: 810 / Bids: Fixed price
Quantity left: Unlimited (42 automatic items)",‰ª¥‰ª¥‰ª¥ ‰÷É‰÷É‰÷É [FRESH] ZenMate VPN Premium Account ‰÷É‰÷É‰÷É ‰ª¥‰ª¥‰ª¥,VPN,VPN,‰ª¥‰ª¥‰ª¥ ‰÷É‰÷É‰÷É [FRESH] ZenMate VPN Premium Account ‰÷É‰÷É‰÷É ‰ª¥‰ª¥...,"Sold by TheShop -
11 sold since Nov 25, 2016åÊåÊVendor Level 4åÊTrust Level 5
42 items available for auto-dispatch",Purchase price: USD 4.99,4,Security & HostingSecurity & Hosting,VPN,[NEW!] AntiDetect 7.0 R1 cracked - LATEST VERSION. Perfect for carding.[NEW!] ‰ÏÉ,"Buy price
USD 2.00

(0.0012 BTC)",TuttiFrutti_store,"Views: 243 / Bids: Fixed price
Quantity left: Unlimited (9 automatic items)",[NEW!] AntiDetect 7.0 R1 cracked - LATEST VERSION. Perfect for carding.[NEW!] ‰ÏÉ,VPN,VPN,[NEW!] AntiDetect 7.0 R1 cracked - LATEST VERSION....,"Sold by TuttiFrutti_store -
3 sold since Mar 29, 2017åÊåÊVendor Level 2åÊTrust Level 3
9 items available for auto-dispatch",Purchase price: USD 2.00,6,Security & HostingSecurity & Hosting,Socks,Gather Proxy 8.9 PREMIUM VERSION CRACKED,"Buy price
USD 5.00

(0.0029 BTC)",RossFouldsvi,"Views: 623 / Bids: Fixed price
Quantity left: Unlimited",Gather Proxy 8.9 PREMIUM VERSION CRACKED,Socks,Socks,Gather Proxy 8.9 PREMIUM VERSION CRACKED,"Sold by RossFouldsvi -
4 sold since Nov 9, 2016åÊåÊVendor Level 6åÊTrust Level 5",Purchase price: USD 5.00,3,Security & HostingSecurity & Hosting,Socks,Http-Socks5 Proxies ‰ÏÓ Non Blacklisted/Non hacked 100% CLEAN ‰ÏÓ Location : USA,"Buy price
USD 1.00

(0.0006 BTC)",AncientMethods,"Views: 940 / Bids: Fixed price
Quantity left: Unlimited",Http-Socks5 Proxies ‰ÏÓ Non Blacklisted/Non hacked 100% CLEAN ‰ÏÓ Location : USA,Socks,Socks,Http-Socks5 Proxies ‰ÏÓ Non Blacklisted/Non hacked 1...,"Sold by AncientMethods -
57 sold since Feb 3, 2017åÊåÊVendor Level 1åÊTrust Level 3",Purchase price: USD 1.00,2,Security & HostingSecurity & Hosting,Socks,‰÷É IPV6 ‰÷É & IPV4 Proxies ‰ÏÓ | Nonblacklisted ‰ÏÓ | Long Lasting 2 week up to 3 months  ‰ÏÓ,"Buy price
USD 1.50

(0.0009 BTC)",Slayed,null,‰÷É IPV6 ‰÷É & IPV4 Proxies ‰ÏÓ | Nonblacklisted ‰ÏÓ | Long Lasting 2 week up to 3 months  ‰ÏÓ,Socks,Socks,‰÷É IPV6 ‰÷É & IPV4 Proxies ‰ÏÓ | Nonblacklisted ‰ÏÓ |...,"Sold by Slayed -
26 sold since Feb 25, 2017åÊåÊVendor Level 3åÊTrust Level 4",Purchase price: USD 1.50,2,Security & HostingSecurity & Hosting,VPN,"Free VPN For Windows, Mac & Linux + FREEBIES","Buy price
USD 1.99

(0.0012 BTC)",Cyberzen,"Views: 950 / Bids: Fixed price
Quantity left: Unlimited","Free VPN For Windows, Mac & Linux + FREEBIES",VPN,VPN,"Free VPN For Windows, Mac & Linux + FREEBIES","Sold by Cyberzen -
6 sold since Sep 4, 2015åÊåÊVendor Level 6åÊTrust Level 6",Purchase price: USD 1.99,5,Security & HostingSecurity & Hosting,Socks,New SOCKS Service - SocksBox,"Buy price
USD 10.00

(0.0059 BTC)",vo0doo-1,"Views: 488 / Bids: Fixed price
Quantity left: Unlimited",New SOCKS Service - SocksBox,Socks,Socks,New SOCKS Service - SocksBox,"Sold by vo0doo-1 -
6 sold since Nov 26, 2016åÊåÊVendor Level 1åÊTrust Level 3",Purchase price: USD 10.00,3,Security & HostingSecurity & Hosting,VPN,How To Plausibly Hide Sensitive Encrypted Data (Truecrypt IS NOT ENOUGH!) + Complete Video Tutorial,"Buy price
USD 10.00

(0.0059 BTC)",CryptoSys,"Views: 276 / Bids: Fixed price
Quantity left: Unlimited",How To Plausibly Hide Sensitive Encrypted Data (Truecrypt IS NOT ENOUGH!) + Complete Video Tutorial,VPN,VPN,How To Plausibly Hide Sensitive Encrypted Data (Tr...,"Sold by CryptoSys -
0 sold since Dec 10, 2016åÊåÊVendor Level 1åÊTrust Level 3",Purchase price: USD 10.00,,Security & HostingSecurity & Hosting,VPN,[FREE]   5000+  Fraud guides ‰÷É SECURITY & SAFETY ‰÷É Carding ‰÷É Cashout ‰÷É Hacking ‰÷É Making Money & TONS of Information more,"Buy price
USD 0.00

(0.0000 BTC)",elementur,"Views: 153 / Bids: Fixed price
Quantity left: Unlimited (23 automatic items)",[FREE]   5000+  Fraud guides ‰÷É SECURITY & SAFETY ‰÷É Carding ‰÷É Cashout ‰÷É Hacking ‰÷É Making Money & TONS of Information more,VPN,VPN,[FREE]   5000+  Fraud guides ‰÷É SECURITY & SAFE...,"Sold by elementur -
11 sold since Apr 12, 2017åÊåÊVendor Level 1åÊTrust Level 4
23 items available for auto-dispatch",Purchase price: USD 0.00,4,Security & HostingSecurity & Hosting,Socks,‰÷É‰÷É‰÷ÉEarn 20 000 to 50 000 USD/Month CARDING +4SOftwares+ UNLIMITED FULL SUPPORT ‰÷É‰÷É‰÷É DrBlackHat PRIVATE METHOD‰÷É‰÷É‰÷É,"Buy price
USD 750.00

(0.4395 BTC)",DrBlackHat,"Views: 866 / Bids: Fixed price
Quantity left: Unlimited",‰÷É‰÷É‰÷ÉEarn 20 000 to 50 000 USD/Month CARDING +4SOftwares+ UNLIMITED FULL SUPPORT ‰÷É‰÷É‰÷É DrBlackHat PRIVATE METHOD‰÷É‰÷É‰÷É,Socks,Socks,‰÷É‰÷É‰÷ÉEarn 20 000 to 50 000 USD/Month CARDING +4SOftw...,"Sold by DrBlackHat -
0 sold since Apr 14, 2016åÊåÊVendor Level 4åÊTrust Level 6",Purchase price: USD 750.00,4,Security & HostingSecurity & Hosting,VPN,ONLY $1 VPS Windows/Linux for a year+ ***NEW***,"Buy price
USD 1.00

(0.0006 BTC)",hackercracker1234,"Views: 952 / Bids: Fixed price
Quantity left: Unlimited",ONLY $1 VPS Windows/Linux for a year+ ***NEW***,VPN,VPN,ONLY $1 VPS Windows/Linux for a year+ ***NEW***,"Sold by hackercracker1234 -
22 sold since Nov 11, 2016åÊåÊVendor Level 4åÊTrust Level 5",Purchase price: USD 1.00,3,Security & HostingSecurity & Hosting,Hosting,C Panel AUTO SHIP,"Buy price
USD 20.00

(0.0117 BTC)",lilc0st,"Views: 474 / Bids: Fixed price
Quantity left: Unlimited",C Panel AUTO SHIP,Hosting,Hosting,C Panel AUTO SHIP,"Sold by lilc0st -
4 sold since Apr 22, 2017åÊåÊVendor Level 5åÊTrust Level 4",Purchase price: USD 20.00,3,Security & HostingSecurity & Hosting,VPN,"‰ùá‰ÒÀ‰ù_‰ù_ Hacking Tutorials Pack (1000+ Tutorials)  ‰÷É‰÷É‰÷É Hack any website, Hack any account  ‰÷É‰÷É‰÷É Many useful Tutorials  ‰÷É‰÷É‰÷É PM for ME im always here to HELP !!! ‰ùá‰ÒÀ‰ù_‰ù_","Buy price
USD 2.49

(0.0015 BTC)",lunis,"Views: 210 / Bids: Fixed price
Quantity left: Unlimited (226 automatic items)","‰ùá‰ÒÀ‰ù_‰ù_ Hacking Tutorials Pack (1000+ Tutorials)  ‰÷É‰÷É‰÷É Hack any website, Hack any account  ‰÷É‰÷É‰÷É Many useful Tutorials  ‰÷É‰÷É‰÷É PM for ME im always here to HELP !!! ‰ùá‰ÒÀ‰ù_‰ù_",VPN,VPN,‰ùá‰ÒÀ‰ù_‰ù_ Hacking Tutorials Pack (1000+ Tutorials)  ‰÷É‰÷É‰÷É...,"Sold by lunis -
0 sold since Mar 20, 2017åÊåÊVendor Level 5åÊTrust Level 4
226 items available for auto-dispatch",Purchase price: USD 2.49,7,Security & HostingSecurity & Hosting,Socks,*AUTODISPATCH* A List Of 10 Private Website That Sell Private SOCKS5 Proxies,"Buy price
USD 2.00

(0.0012 BTC)",QualityKing,"Views: 551 / Bids: Fixed price
Quantity left: Unlimited (45 automatic items)",*AUTODISPATCH* A List Of 10 Private Website That Sell Private SOCKS5 Proxies,Socks,Socks,*AUTODISPATCH* A List Of 10 Private Website That S...,"Sold by QualityKing -
47 sold since Mar 18, 2017åÊåÊVendor Level 6åÊTrust Level 4
45 items available for auto-dispatch",Purchase price: USD 2.00,2,Security & HostingSecurity & Hosting,Hosting,‰÷É I will turn your AA Files into MP3 Files!  ‰÷É ‰ùá‰ÒÀ‰ù_‰ù_,"Buy price
USD 1.00

(0.0006 BTC)",Alphabaydigitalshop,"Views: 173 / Bids: Fixed price
Quantity left: Unlimited",‰÷É I will turn your AA Files into MP3 Files!  ‰÷É ‰ùá‰ÒÀ‰ù_‰ù_,Hosting,Hosting,‰÷É I will turn your AA Files into MP3 Files!  ‰÷É ‰ùá‰ÒÀ‰ù_...,"Sold by Alphabaydigitalshop -
0 sold since Apr 3, 2017åÊåÊVendor Level 1åÊTrust Level 3",Purchase price: USD 1.00,4,Security & HostingSecurity & Hosting,VPN,VPN Offshore IPSec - 1 month,"Buy price
USD 504.09

(0.2958 BTC)",tr0ph1,null,VPN Offshore IPSec - 1 month,VPN,VPN,VPN Offshore IPSec - 1 month,"Sold by tr0ph1 -
0 sold since Jun 30, 2015åÊåÊVendor Level 1åÊTrust Level 3",Purchase price: USD 504.09,,Security & HostingSecurity & Hosting,VPN,‰÷É HOW TO HACK ANY WIFI‰÷É 2017 Complete Detailed Pack on How to Crack ANY WIFI,"Buy price
USD 1.00

(0.0006 BTC)",rbp,"Views: 268 / Bids: Fixed price
Quantity left: Unlimited (230 automatic items)",‰÷É HOW TO HACK ANY WIFI‰÷É 2017 Complete Detailed Pack on How to Crack ANY WIFI,VPN,VPN,‰÷É HOW TO HACK ANY WIFI‰÷É 2017 Complete Detailed Pac...,"Sold by rbp -
1 sold since Feb 24, 2017åÊåÊVendor Level 4åÊTrust Level 4
230 items available for auto-dispatch",Purchase price: USD 1.00,7,Security & HostingSecurity & Hosting,VPN,‰÷É‰÷É‰÷ÉEarn 20 000 to 50 000 USD/Month CARDING +4SOftwares+ UNLIMITED FULL SUPPORT ‰÷É‰÷É‰÷É DrBlackHat PRIVATE METHOD‰÷É‰÷É‰÷É,"Buy price
USD 750.00

(0.4401 BTC)",DrBlackHat,"Views: 772 / Bids: Fixed price
Quantity left: Unlimited",‰÷É‰÷É‰÷ÉEarn 20 000 to 50 000 USD/Month CARDING +4SOftwares+ UNLIMITED FULL SUPPORT ‰÷É‰÷É‰÷É DrBlackHat PRIVATE METHOD‰÷É‰÷É‰÷É,VPN,VPN,‰÷É‰÷É‰÷ÉEarn 20 000 to 50 000 USD/Month CARDING +4SOftw...,"Sold by DrBlackHat -
0 sold since Apr 14, 2016åÊåÊVendor Level 4åÊTrust Level 6",Purchase price: USD 750.00,,Security & HostingSecurity & Hosting,VPN,NETFLIX - Lifetime account for only 3.99$ !,"Buy price
USD 3.99

(0.0023 BTC)",optiman,"Views: 1649 / Bids: Fixed price
Quantity left: Unlimited",NETFLIX - Lifetime account for only 3.99$ !,VPN,VPN,NETFLIX - Lifetime account for only 3.99$ !,"Sold by optiman -
27 sold since Nov 7, 2015åÊåÊVendor Level 5åÊTrust Level 6",Purchase price: USD 3.99,3,Security & HostingSecurity & Hosting,VPN,$$$ FraudFox VM version 1.5  $On Sale ONLY $5 $ WORKING LINK $.... Fraud Fox is The BEST for Carding Success!!! Antidetect $,"Buy price
USD 5.00

(0.0029 BTC)",sparrowwithamachinegun,"Views: 303 / Bids: Fixed price
Quantity left: Unlimited (32 automatic items)",$$$ FraudFox VM version 1.5  $On Sale ONLY $5 $ WORKING LINK $.... Fraud Fox is The BEST for Carding Success!!! Antidetect $,VPN,VPN,$$$ FraudFox VM version 1.5  $On Sale ONLY $5 $ WO...,"Sold by sparrowwithamachinegun -
8 sold since Mar 2, 2017åÊåÊVendor Level 2åÊTrust Level 4
32 items available for auto-dispatch",Purchase price: USD 5.00,5,Security & HostingSecurity & Hosting,VPN,ANTIDETECT 7 ‰÷É FRAUDFOX (VM & VirtualBox) ‰÷É CyberGhost 6 VPN ‰÷É WORKIG 100% ‰÷É CARDING SUCCESS + GREAT FREEBIES,"Buy price
USD 0.00

(0.0000 BTC)",elementur,"Views: 146 / Bids: Fixed price
Quantity left: Unlimited (3 automatic items)",ANTIDETECT 7 ‰÷É FRAUDFOX (VM & VirtualBox) ‰÷É CyberGhost 6 VPN ‰÷É WORKIG 100% ‰÷É CARDING SUCCESS + GREAT FREEBIES,VPN,VPN,ANTIDETECT 7 ‰÷É FRAUDFOX (VM & VirtualBox) ‰÷É Cy...,"Sold by elementur -
6 sold since Apr 11, 2017åÊåÊVendor Level 1åÊTrust Level 4
3 items available for auto-dispatch",Purchase price: USD 0.00,5,Security & HostingSecurity & Hosting,Hosting,‰÷É‰÷É‰÷É Windows RDP service - Windows Server 2016 WORK 100% ‰ÏÉ ‰÷É‰÷É‰÷É,"Buy price
USD 25.00

(0.0146 BTC)",TuttiFrutti_store,"Views: 464 / Bids: Fixed price
Quantity left: Unlimited (3 automatic items)",‰÷É‰÷É‰÷É Windows RDP service - Windows Server 2016 WORK 100% ‰ÏÉ ‰÷É‰÷É‰÷É,Hosting,Hosting,‰÷É‰÷É‰÷É Windows RDP service - Windows Server 2016 WORK...,"Sold by TuttiFrutti_store -
7 sold since Mar 29, 2017åÊåÊVendor Level 2åÊTrust Level 3
3 items available for auto-dispatch",Purchase price: USD 25.00,2,Security & HostingSecurity & Hosting,VPN,‰÷É‰÷É‰÷ÉHow to Earn from 5000 USD to 20 000 USD/ month 1005 LEGAL using Affiliate Email Marketing(30 pdf pages)+ 4 Softwares‰÷É‰÷É‰÷É,"Buy price
USD 650.00

(0.3815 BTC)",DrBlackHat,"Views: 738 / Bids: Fixed price
Quantity left: Unlimited",‰÷É‰÷É‰÷ÉHow to Earn from 5000 USD to 20 000 USD/ month 1005 LEGAL using Affiliate Email Marketing(30 pdf pages)+ 4 Softwares‰÷É‰÷É‰÷É,VPN,VPN,‰÷É‰÷É‰÷ÉHow to Earn from 5000 USD to 20 000 USD/ month ...,"Sold by DrBlackHat -
0 sold since Apr 15, 2016åÊåÊVendor Level 4åÊTrust Level 6",Purchase price: USD 650.00,7,Security & HostingSecurity & Hosting,VPN,Private listing for Someone.Somewhere,"Buy price
USD 1.00

(0.0006 BTC)",ultimateCC,"Views: 769 / Bids: Fixed price
Quantity left: Unlimited",Private listing for Someone.Somewhere,VPN,VPN,Private listing for Someone.Somewhere,"Sold by ultimateCC -
2 sold since May 14, 2016åÊåÊVendor Level 1åÊTrust Level 6",Purchase price: USD 1.00,6,Security & HostingSecurity & Hosting,Hosting,‰÷É‰÷É‰÷É Dexter GIVES YOU ‰÷É‰÷É‰÷É 7000 FULL USA CVVS (USED) ‰÷É‰÷É‰÷É  Premium Package,"Buy price
USD 4.99

(0.0029 BTC)",DexterITy4U,"Views: 398 / Bids: Fixed price
Quantity left: Unlimited (248 automatic items)",‰÷É‰÷É‰÷É Dexter GIVES YOU ‰÷É‰÷É‰÷É 7000 FULL USA CVVS (USED) ‰÷É‰÷É‰÷É  Premium Package,Hosting,Hosting,‰÷É‰÷É‰÷É Dexter GIVES YOU ‰÷É‰÷É‰÷É 7000 FULL USA CVVS (USED)...,"Sold by DexterITy4U -
3 sold since Dec 2, 2016åÊåÊVendor Level 5åÊTrust Level 4
248 items available for auto-dispatch",Purchase price: USD 4.99,3,Security & HostingSecurity & Hosting,VPN,#NAME?,"Buy price
USD 4.95

(0.0029 BTC)",therealdriver,"Views: 39 / Bids: Fixed price
Quantity left: Unlimited (34 automatic items)",#NAME?,VPN,VPN,#NAME?,"Sold by therealdriver -
1 sold since May 7, 2017åÊåÊVendor Level 6åÊTrust Level 6
34 items available for auto-dispatch",Purchase price: USD 4.95,7,Security & HostingSecurity & Hosting,Socks,PROXIFIER LIFETIME LICENCE THE BEST PRICE,"Buy price
USD 5.00

(0.0029 BTC)",CardPass,"Views: 836 / Bids: Fixed price
Quantity left: Unlimited",PROXIFIER LIFETIME LICENCE THE BEST PRICE,Socks,Socks,PROXIFIER LIFETIME LICENCE THE BEST PRICE,"Sold by CardPass -
6 sold since Aug 4, 2016åÊåÊVendor Level 4åÊTrust Level 6",Purchase price: USD 5.00,3,Security & HostingSecurity & Hosting,Socks,$$$$$-----vip72socks-----$$$$$,"Buy price
USD 10.00

(0.0059 BTC)",amnesia_36,"Views: 880 / Bids: Fixed price
Quantity left: Unlimited",$$$$$-----vip72socks-----$$$$$,Socks,Socks,$$$$$-----vip72socks-----$$$$$,"Sold by amnesia_36 -
4 sold since Dec 29, 2015åÊåÊVendor Level 1åÊTrust Level 3",Purchase price: USD 10.00,3,Security & HostingSecurity & Hosting,Hosting,How to Create a Hidden Service Tor Site to Set Up an Anonymous Website or Server guide,"Buy price
USD 1.89

(0.0011 BTC)",Citra2016,"Views: 703 / Bids: Fixed price
Quantity left: Unlimited",How to Create a Hidden Service Tor Site to Set Up an Anonymous Website or Server guide,Hosting,Hosting,How to Create a Hidden Service Tor Site to Set Up ...,"Sold by Citra2016 -
15 sold since Sep 29, 2016åÊåÊVendor Level 4åÊTrust Level 4",Purchase price: USD 1.89,2,Security & HostingSecurity & Hosting,Socks,‰÷É‰÷ÉFRESH PROXY‰÷É‰÷É -- AMERICA ONLY,"Buy price
USD 4.00

(0.0023 BTC)",trancedock,"Views: 324 / Bids: Fixed price
Quantity left: Unlimited",‰÷É‰÷ÉFRESH PROXY‰÷É‰÷É -- AMERICA ONLY,Socks,Socks,‰÷É‰÷ÉFRESH PROXY‰÷É‰÷É -- AMERICA ONLY,"Sold by trancedock -
1 sold since Jan 3, 2017åÊåÊVendor Level 1åÊTrust Level 5",Purchase price: USD 4.00,4,Security & HostingSecurity & Hosting,VPN,‰÷É‰÷É‰÷É CyberGhost 6 VPN Account ‰÷É ‰÷É ‰÷É Lifetime Passwords ‰÷É ‰÷É ‰÷É Lifetime Warranty ‰÷É‰÷É‰÷É,"Buy price
USD 0.00

(0.0000 BTC)",Narconorman,"Views: 71 / Bids: Fixed price
Quantity left: Unlimited (13 automatic items)",‰÷É‰÷É‰÷É CyberGhost 6 VPN Account ‰÷É ‰÷É ‰÷É Lifetime Passwords ‰÷É ‰÷É ‰÷É Lifetime Warranty ‰÷É‰÷É‰÷É,VPN,VPN,‰÷É‰÷É‰÷É CyberGhost 6 VPN Account ‰÷É ‰÷É ‰÷É Lifetime Passwo...,"Sold by Narconorman -
2 sold since Apr 25, 2017åÊåÊVendor Level 3åÊTrust Level 4
13 items available for auto-dispatch",Purchase price: USD 0.00,6,Security & HostingSecurity & Hosting,VPN,"How to Earn from 1000 $ / day on the DarkNet, DrBlackHat personal method 2016","Buy price
USD 1,500.00

(0.8803 BTC)",DrBlackHat,"Views: 815 / Bids: Fixed price
Quantity left: Unlimited","How to Earn from 1000 $ / day on the DarkNet, DrBlackHat personal method 2016",VPN,VPN,"How to Earn from 1000 $ / day on the DarkNet, DrBl...","Sold by DrBlackHat -
0 sold since Apr 20, 2016åÊåÊVendor Level 4åÊTrust Level 6","Purchase price: USD 1,500.00",,Security & HostingSecurity & Hosting,VPN,ZenMate.com - [LIFETIME VPN PREMIUM ACCOUNT],"Buy price
USD 9.99

(0.0059 BTC)",Wooody,"Views: 398 / Bids: Fixed price
Quantity left: Unlimited",ZenMate.com - [LIFETIME VPN PREMIUM ACCOUNT],VPN,VPN,ZenMate.com - [LIFETIME VPN PREMIUM ACCOUNT],"Sold by Wooody -
1 sold since Oct 10, 2016åÊåÊVendor Level 4åÊTrust Level 6",Purchase price: USD 9.99,7,Security & HostingSecurity & Hosting,Hosting,Setting up your own .onion TOR server and site service,"Buy price
USD 100.00

(0.0584 BTC)",GuntherCo,"Views: 785 / Bids: Fixed price
Quantity left: Unlimited",Setting up your own .onion TOR server and site service,Hosting,Hosting,Setting up your own .onion TOR server and site ser...,"Sold by GuntherCo -
0 sold since Aug 2, 2016åÊåÊVendor Level 1åÊTrust Level 4",Purchase price: USD 100.00,5,Security & HostingSecurity & Hosting,Hosting,3 Months BulletProof Hosting - China,"Buy price
USD 319.99

(0.1869 BTC)",Explo1t,"Views: 87 / Bids: Fixed price
Quantity left: Unlimited",3 Months BulletProof Hosting - China,Hosting,Hosting,3 Months BulletProof Hosting - China,"Sold by Explo1t -
0 sold since Apr 8, 2017åÊåÊVendor Level 1åÊTrust Level 4",Purchase price: USD 319.99,5,Security & HostingSecurity & Hosting,VPN,METH ICE ***NEW VENDOR*** 1Gr. EUshipping,"Buy price
USD 65.00

(0.0381 BTC)",13072006,"Views: 275 / Bids: Fixed price
Quantity left: Unlimited",METH ICE ***NEW VENDOR*** 1Gr. EUshipping,VPN,VPN,METH ICE ***NEW VENDOR*** 1Gr. EUshipping,"Sold by 13072006 -
0 sold since Feb 1, 2017åÊåÊVendor Level 2åÊTrust Level 5",Purchase price: USD 65.00,,Security & HostingSecurity & Hosting,Socks,"=‰÷É= VPN - Lifetime accounts - not cracked, personal to you =‰÷É=  CYBERGHOST =‰÷É=  AVIRA =‰÷É=  EXPRESSVPN =‰÷É= Get all 3 Premium VPN accounts!","Buy price
USD 4.95

(0.0029 BTC)",therealdriver,"Views: 42 / Bids: Fixed price
Quantity left: Unlimited (26 automatic items)","=‰÷É= VPN - Lifetime accounts - not cracked, personal to you =‰÷É=  CYBERGHOST =‰÷É=  AVIRA =‰÷É=  EXPRESSVPN =‰÷É= Get all 3 Premium VPN accounts!",Socks,Socks,#NAME?,"Sold by therealdriver -
0 sold since May 7, 2017åÊåÊVendor Level 6åÊTrust Level 6
26 items available for auto-dispatch",Purchase price: USD 4.95,5,Security & HostingSecurity & Hosting,Hosting,"‰÷É‰÷É‰÷É‰÷É‰÷ÉUltimate Celebrity Porn Leaks + The Fappening [Pics & Vids] ‰ÎÅ OVER 5000 Items - Over 8 GB! ‰÷É‰÷É ‰÷É Kate Upton, Selena Gomez, Ariana Grande, Miley Cyrus, Taylor Swift, Rihanna, AND MORE! ‰÷É‰÷É‰÷É‰÷É‰÷É","Buy price
USD 0.95

(0.0006 BTC)",squaticat,"Views: 1029 / Bids: Fixed price
Quantity left: Unlimited (234 automatic items)","‰÷É‰÷É‰÷É‰÷É‰÷ÉUltimate Celebrity Porn Leaks + The Fappening [Pics & Vids] ‰ÎÅ OVER 5000 Items - Over 8 GB! ‰÷É‰÷É ‰÷É Kate Upton, Selena Gomez, Ariana Grande, Miley Cyrus, Taylor Swift, Rihanna, AND MORE! ‰÷É‰÷É‰÷É‰÷É‰÷É",Hosting,Hosting,‰÷É‰÷É‰÷É‰÷É‰÷ÉUltimate Celebrity Porn Leaks + The Fappening...,"Sold by squaticat -
19 sold since May 27, 2016åÊåÊVendor Level 1åÊTrust Level 5
234 items available for auto-dispatch",Purchase price: USD 0.95,2,Security & Hosting